Customer number;Coupon Code;Date;Receipt id;Discount;Turnover
79879;Welkom_5;12-10-2022;20386678;-5;448.97
71294;Welkom_5;22-10-2022;20395950;-5;339.93
79104;Welkom_5;06-11-2022;20308987;-5;554.66
76712;Welkom_5;11-04-2024;20362869;-5;84.99
83314;Welkom_5;26-06-2024;20314746;-5;487.95
83920;Welkom_5;26-06-2024;20315644;-5;-254.03
82817;Welkom_5;26-06-2024;20315891;-5;194.72
81420;Welkom_5;26-06-2024;20315693;-5;12.84
84029;Welkom_5;26-06-2024;20476362;-5;81.97
84562;Welkom_5;26-06-2024;20314795;-5;75.88
81884;Welkom_5;26-06-2024;20315081;-5;65.01
77709;Welkom_5;26-06-2024;20314449;-5;39.36
80610;Welkom_5;26-06-2024;20315115;-5;335.27
81089;Welkom_5;26-06-2024;20315073;-5;112.18
80462;Welkom_5;26-06-2024;20315529;-5;23.66
83794;Welkom_5;26-06-2024;20314902;-5;16.99
84972;Welkom_5;26-06-2024;20315263;-5;62.89
82573;Welkom_5;26-06-2024;20315586;-5;12.99
80528;Welkom_5;26-06-2024;20314548;-5;108.98
81161;Welkom_5;26-06-2024;20314605;-5;119.98
84466;Welkom_5;26-06-2024;20315792;-5;27.98
84333;Welkom_5;26-06-2024;20315511;-5;403.79
81139;Welkom_5;26-06-2024;20314704;-5;84.98
82724;Welkom_5;26-06-2024;20315370;-5;265.91
84146;Welkom_5;26-06-2024;20314621;-5;20.5
81014;Welkom_5;26-06-2024;20314779;-5;17.99
81605;Welkom_5;26-06-2024;20315867;-5;45.99
80876;Welkom_5;26-06-2024;20314563;-5;75.08
82350;Welkom_5;26-06-2024;20315743;-5;479.89
81252;Welkom_5;26-06-2024;20314829;-5;34.99
80332;Welkom_5;26-06-2024;20315388;-5;264.29
84824;Welkom_5;26-06-2024;20315123;-5;20.98
83191;Welkom_5;26-06-2024;20315941;-5;59.99
82696;Welkom_5;26-06-2024;20314969;-5;62.99
82594;Welkom_5;27-06-2024;20476909;-5;17
82599;Welkom_5;27-06-2024;20317541;-5;63.17
82679;Welkom_5;27-06-2024;20316964;-5;122.14
78135;Welkom_5;27-06-2024;20476941;-5;21.99
79608;Welkom_5;27-06-2024;13526;-5;28.99
82425;Welkom_5;27-06-2024;20316493;-5;444.9
84168;Welkom_5;27-06-2024;20476982;-5;377.09
80486;Welkom_5;27-06-2024;20316501;-5;4.89
78926;Welkom_5;27-06-2024;20317509;-5;224.23
81444;Welkom_5;27-06-2024;20317418;-5;193.91
81109;Welkom_5;27-06-2024;20476719;-4.99;14.5
79629;Welkom_5;27-06-2024;20476974;-5;45.58
78405;Welkom_5;27-06-2024;20477006;-5;44.98
84944;Welkom_5;27-06-2024;20316725;-5;86.12
84200;Welkom_5;27-06-2024;20316923;-5;142.92
83383;Welkom_5;27-06-2024;20316972;-5;18.35
83900;Welkom_5;27-06-2024;20316626;-5;161.98
83728;Welkom_5;27-06-2024;20476867;-5;152.15
81963;Welkom_5;27-06-2024;20316071;-5;0.95
84053;Welkom_5;27-06-2024;20317368;-5;57.13
81432;Welkom_5;27-06-2024;20317590;-5;1563.98
82321;Welkom_5;27-06-2024;20317053;-5;323.43
82403;Welkom_5;27-06-2024;20476701;-5;212.53
84397;Welkom_5;27-06-2024;20316105;-5;368.94
82438;Welkom_5;27-06-2024;20476966;-5;48.91
81064;Welkom_5;27-06-2024;20317426;-5;452.84
81392;Welkom_5;28-06-2024;20317772;-5;-8.99
84327;Welkom_5;28-06-2024;20318176;-5;65.98
83081;Welkom_5;28-06-2024;20319851;-5;28.35
81351;Welkom_5;28-06-2024;20319323;-5;30.98
83870;Welkom_5;28-06-2024;20317798;-5;11.5
81567;Welkom_5;28-06-2024;20318887;-5;20.48
84385;Welkom_5;28-06-2024;20318226;-5;68.99
84051;Welkom_5;28-06-2024;20318796;-5;28.9
83888;Welkom_5;28-06-2024;20319661;-5;119.21
83600;Welkom_5;28-06-2024;20319786;-5;130
77906;Welkom_5;28-06-2024;20319083;-5;154.48
81256;Welkom_5;28-06-2024;20318598;-5;151.71
84257;Welkom_5;28-06-2024;20477121;-5;14.99
81993;Welkom_5;28-06-2024;20319158;-5;79.97
80072;Welkom_5;28-06-2024;20477402;-5;44.73
82890;Welkom_5;28-06-2024;20477246;-5;59.58
83376;Welkom_5;28-06-2024;20317756;-5;67.99
83492;Welkom_5;28-06-2024;20317996;-5;16.34
80774;Welkom_5;28-06-2024;20319869;-5;78.46
84434;Welkom_5;28-06-2024;20318267;-3.98;0
82185;Welkom_5;28-06-2024;20318648;-5;33.22
84833;Welkom_5;28-06-2024;20317871;-5;28.6
81922;Welkom_5;28-06-2024;20319331;-5;375.3
80316;Welkom_5;28-06-2024;20319760;-5;347.99
80685;Welkom_5;28-06-2024;20319265;-5;21
83674;Welkom_5;28-06-2024;20318846;-5;174.98
81345;Welkom_5;28-06-2024;20317962;-5;20.99
84977;Welkom_5;28-06-2024;20477147;-5;37.73
79353;Welkom_5;28-06-2024;20319232;-5;63.13
82597;Welkom_5;28-06-2024;20319950;-5;69.98
82170;Welkom_5;28-06-2024;20318192;-5;116.49
84486;Welkom_5;28-06-2024;20318044;-5;54.99
80039;Welkom_5;28-06-2024;20318010;-5;57.14
83026;Welkom_5;28-06-2024;20319034;-5;32.84
82445;Welkom_5;28-06-2024;20319992;-5;391.74
82564;Welkom_5;28-06-2024;20318168;-5;32.98
83604;Welkom_5;28-06-2024;20318929;-5;41.44
83793;Welkom_5;28-06-2024;20477196;-5;283.95
84789;Welkom_5;28-06-2024;20318531;-5;370.76
82181;Welkom_5;28-06-2024;20318762;-5;350.88
83741;Welkom_5;28-06-2024;20317905;-5;77.99
81448;Welkom_5;28-06-2024;20477162;-5;102.08
81277;Welkom_5;28-06-2024;20477154;-5;42.56
84593;Welkom_5;28-06-2024;20318945;-5;300.09
84109;Welkom_5;28-06-2024;20477485;-5;89.16
80440;Welkom_5;28-06-2024;20318085;-5;37.06
80851;Welkom_5;28-06-2024;20319570;-5;23
83809;Welkom_5;28-06-2024;20320016;-5;94.97
82818;Welkom_5;29-06-2024;20322996;-5;229.43
84758;Welkom_5;29-06-2024;20323002;-5;77.46
81269;Welkom_5;29-06-2024;20478186;-5;17.45
83626;Welkom_5;30-06-2024;20479911;-5;153.16
83754;Welkom_5;30-06-2024;20324810;-5;64.96
84540;Welkom_5;30-06-2024;20323572;-5;103.97
79045;Welkom_5;30-06-2024;20479671;-5;50.24
81166;Welkom_5;30-06-2024;20324802;-5;35.36
81692;Welkom_5;30-06-2024;20324877;-5;104.98
83577;Welkom_5;30-06-2024;20324786;-5;42.78
81612;Welkom_5;30-06-2024;20479069;-5;84.71
83615;Welkom_5;30-06-2024;20324018;-5;52.98
82787;Welkom_5;30-06-2024;20479515;-5;176.53
80087;Welkom_5;30-06-2024;20323580;-5;99.43
83806;Welkom_5;30-06-2024;20479382;-5;192.97
84231;Welkom_5;30-06-2024;20324893;-5;878.25
81506;Welkom_5;30-06-2024;20479390;-5;43.62
82619;Welkom_5;30-06-2024;20324554;-5;254.99
80740;Welkom_5;30-06-2024;20324414;-5;270.82
81749;Welkom_5;30-06-2024;20324216;-5;51.98
84027;Welkom_5;30-06-2024;20479283;-5;482.02
82448;Welkom_5;30-06-2024;20324364;-5;201.72
81440;Welkom_5;30-06-2024;20479895;-5;53.06
80997;Welkom_5;30-06-2024;20323937;-5;165.94
82041;Welkom_5;30-06-2024;20323721;-5;38.23
78357;Welkom_5;30-06-2024;20479101;-5;106.92
83044;Welkom_5;30-06-2024;20479028;-5;55.98
84620;Welkom_5;30-06-2024;20479036;-5;36.62
82529;Welkom_5;30-06-2024;20479549;-5;291.28
82123;Welkom_5;30-06-2024;20323325;-5;169.9
79250;Welkom_5;30-06-2024;20324182;-5;59.98
81475;Welkom_5;30-06-2024;20324497;-5;250.38
82151;Welkom_5;30-06-2024;20479432;-5;236.08
83762;Welkom_5;30-06-2024;20479200;-5;53.35
84178;Welkom_5;30-06-2024;20323259;-5;129.98
83588;Welkom_5;30-06-2024;20479580;-5;2094
83338;Welkom_5;30-06-2024;20324729;-5;14.98
84123;Welkom_5;30-06-2024;20323614;-5;12.94
81267;Welkom_5;30-06-2024;20479523;-5;18.98
84286;Welkom_5;30-06-2024;20323929;-5;29.99
81718;Welkom_5;30-06-2024;20324430;-5;594
83003;Welkom_5;30-06-2024;20324794;-5;40.95
84422;Welkom_5;30-06-2024;20479481;-5;7.5
84160;Welkom_5;30-06-2024;20479572;-5;119.99
80260;Welkom_5;30-06-2024;20324745;-5;51.64
84358;Welkom_5;30-06-2024;20324521;-5;81.44
82644;Welkom_5;30-06-2024;20479234;-5;357.34
81848;Welkom_5;30-06-2024;20479465;-5;1.5
81073;Welkom_5;30-06-2024;20323739;-5;44.95
84071;Welkom_5;30-06-2024;20324620;-5;52.97
82785;Welkom_5;30-06-2024;20324174;-5;105.77
81491;Welkom_5;30-06-2024;20324471;-5;251.15
80713;Welkom_5;30-06-2024;20479275;-5;99.26
80012;Welkom_5;30-06-2024;20479564;-5;74.98
80974;Welkom_5;30-06-2024;20479770;-5;314.4
84812;Welkom_5;30-06-2024;20479317;-5;134.94
80207;Welkom_5;30-06-2024;20324158;-5;82.97
82858;Welkom_5;30-06-2024;20479531;-5;6.69
84693;Welkom_5;30-06-2024;20479499;-5;147.94
84513;Welkom_5;30-06-2024;20324844;-5;107.13
80455;Welkom_5;30-06-2024;20479184;-5;179.97
83253;Welkom_5;30-06-2024;20324836;-5;35
77265;Welkom_5;30-06-2024;20479820;-5;45.99
84297;Welkom_5;30-06-2024;20479093;-5;184
80420;Welkom_5;30-06-2024;20324539;-5;114.16
81233;Welkom_5;30-06-2024;20324752;-5;104.86
84688;Welkom_5;30-06-2024;20479051;-5;194.98
81489;Welkom_5;30-06-2024;20479507;-5;312.89
83490;Welkom_5;30-06-2024;20323499;-5;29.95
80134;Welkom_5;30-06-2024;20324240;-5;194.98
84277;Welkom_5;30-06-2024;20324059;-5;45.99
83964;Welkom_5;30-06-2024;20479614;-5;367
82973;Welkom_5;01-07-2024;20326906;-5;67.92
83680;Welkom_5;01-07-2024;20325759;-5;68.97
81025;Welkom_5;01-07-2024;20325726;-5;85.9
80894;Welkom_5;01-07-2024;20326310;-5;119.98
84045;Welkom_5;01-07-2024;20325262;-5;190.31
82197;Welkom_5;01-07-2024;20326021;-5;42.14
82063;Welkom_5;01-07-2024;20325254;-5;89.47
82977;Welkom_5;01-07-2024;20325692;-5;93.47
83239;Welkom_5;01-07-2024;20325767;-5;332.11
83365;Welkom_5;01-07-2024;20325387;-5;40.5
80003;Welkom_5;01-07-2024;20326005;-5;64.5
83579;Welkom_5;01-07-2024;20480075;-4.95;0
84797;Welkom_5;01-07-2024;20325353;-5;147.61
82799;Welkom_5;01-07-2024;20325296;-5;16.9
83807;Welkom_5;01-07-2024;20326088;-5;36.6
80687;Welkom_5;01-07-2024;20325478;-5;169.97
84073;Welkom_5;01-07-2024;20325643;-5;144.95
82885;Welkom_5;01-07-2024;20325601;-5;120
84480;Welkom_5;01-07-2024;20325395;-5;0.95
84472;Welkom_5;01-07-2024;20480208;-5;84.03
84753;Welkom_5;01-07-2024;20325569;-5;29.44
83156;Welkom_5;01-07-2024;20325700;-5;66.87
84386;Welkom_5;01-07-2024;20326435;-5;56.93
80022;Welkom_5;01-07-2024;20326807;-5;137.02
82184;Welkom_5;01-07-2024;20326864;-5;27.74
80164;Welkom_5;01-07-2024;20326146;-5;94.98
83094;Welkom_5;01-07-2024;20326104;-5;403.05
84011;Welkom_5;01-07-2024;20325163;-5;134.4
83931;Welkom_5;01-07-2024;20326062;-5;43.79
81726;Welkom_5;01-07-2024;20325304;-5;62.94
84080;Welkom_5;01-07-2024;20325809;-5;279.01
84658;Welkom_5;02-07-2024;20327961;-5;130.95
81501;Welkom_5;02-07-2024;20328563;-5;143.96
82353;Welkom_5;02-07-2024;20327813;-5;60.16
80641;Welkom_5;02-07-2024;20327680;-5;43.99
80239;Welkom_5;02-07-2024;20327854;-5;49.92
84795;Welkom_5;02-07-2024;20327649;-5;152.94
82271;Welkom_5;02-07-2024;20328191;-5;75.73
77890;Welkom_5;02-07-2024;20328308;-5;43.49
84211;Welkom_5;02-07-2024;20327334;-5;214.99
83782;Welkom_5;02-07-2024;20328100;-5;156
82254;Welkom_5;02-07-2024;20327300;-5;84.99
81050;Welkom_5;02-07-2024;20328522;-5;222.34
82325;Welkom_5;02-07-2024;20328506;-5;692.92
84726;Welkom_5;02-07-2024;20328142;-5;11.5
80642;Welkom_5;03-07-2024;20329488;-5;74.98
84126;Welkom_5;03-07-2024;20329967;-5;63.09
84880;Welkom_5;03-07-2024;20329983;-5;137.46
84204;Welkom_5;03-07-2024;20329827;-5;309.99
81685;Welkom_5;03-07-2024;20329793;-5;114.97
83778;Welkom_5;03-07-2024;20328993;-5;154.42
84148;Welkom_5;03-07-2024;20480430;-5;214.88
84636;Welkom_5;03-07-2024;20328738;-5;132.93
82230;Welkom_5;03-07-2024;20328969;-5;134.93
81888;Welkom_5;03-07-2024;20330247;-5;274.89
79750;Welkom_5;03-07-2024;20329926;-5;120.45
84746;Welkom_5;03-07-2024;20330023;-5;42.28
82489;Welkom_5;03-07-2024;20328951;-5;247.99
83635;Welkom_5;03-07-2024;20480455;-5;47.98
81517;Welkom_5;03-07-2024;20328852;-5;64.99
82797;Welkom_5;03-07-2024;20329918;-5;77.44
81837;Welkom_5;03-07-2024;20329256;-5;57.03
82627;Welkom_5;03-07-2024;20330007;-5;20.49
82333;Welkom_5;03-07-2024;20329249;-5;67.95
81681;Welkom_5;03-07-2024;20329538;-5;262.25
84883;Welkom_5;03-07-2024;13571;-5;14.99
82499;Welkom_5;03-07-2024;20329975;-5;96.89
81732;Welkom_5;03-07-2024;20329751;-5;27.97
82673;Welkom_5;04-07-2024;20332268;-5;262.14
80203;Welkom_5;04-07-2024;20480596;-5;64.99
81638;Welkom_5;04-07-2024;20330866;-5;113.99
80176;Welkom_5;04-07-2024;20332185;-5;81.83
80841;Welkom_5;04-07-2024;20331815;-5;105.39
84909;Welkom_5;04-07-2024;20480679;-5;114.99
77420;Welkom_5;04-07-2024;20331344;-5;131.45
81790;Welkom_5;04-07-2024;20330916;-5;8.94
78031;Welkom_5;04-07-2024;20480638;-5;90.95
83692;Welkom_5;04-07-2024;20480976;-5;124.44
84343;Welkom_5;04-07-2024;13575;-5;124.95
82751;Welkom_5;04-07-2024;20330932;-5;12.98
81784;Welkom_5;04-07-2024;20331427;-5;74.87
83449;Welkom_5;04-07-2024;20331831;-5;28.96
81033;Welkom_5;04-07-2024;20331278;-5;149.97
84199;Welkom_5;04-07-2024;20330734;-5;12.98
81117;Welkom_5;04-07-2024;20480836;-5;35.65
83196;Welkom_5;04-07-2024;20480687;-5;10.99
83769;Welkom_5;04-07-2024;20331203;-5;137.97
84329;Welkom_5;04-07-2024;20480851;-5;122.73
81514;Welkom_5;04-07-2024;20330981;-5;60.94
82043;Welkom_5;04-07-2024;20480646;-5;106.98
81584;Welkom_5;04-07-2024;20480778;-5;46.4
82609;Welkom_5;04-07-2024;20331864;-5;87.97
84904;Welkom_5;04-07-2024;20332375;-5;1070.49
84768;Welkom_5;04-07-2024;20331559;-5;29.95
80940;Welkom_5;04-07-2024;20332227;-5;129.98
81974;Welkom_5;04-07-2024;20332300;-5;242
84946;Welkom_5;04-07-2024;20332193;-5;160.93
77330;Welkom_5;04-07-2024;20331104;-5;22.99
81143;Welkom_5;04-07-2024;20331039;-5;122.99
80170;Welkom_5;04-07-2024;20331542;-5;0.99
84677;Welkom_5;04-07-2024;20331930;-5;0
77609;Welkom_5;04-07-2024;20332029;-5;17.5
82831;Welkom_5;04-07-2024;20330940;-5;59.96
78403;Welkom_5;04-07-2024;20331914;-5;134.99
83696;Welkom_5;04-07-2024;20480760;-5;8.49
84510;Welkom_5;04-07-2024;20330882;-5;29.99
77785;Welkom_5;04-07-2024;20480968;-5;354.96
82156;Welkom_5;04-07-2024;20480935;-5;10.5
82237;Welkom_5;04-07-2024;20330700;-4.95;0
80359;Welkom_5;04-07-2024;20331195;-5;90.07
82703;Welkom_5;04-07-2024;20331112;-5;686.88
84398;Welkom_5;04-07-2024;20331849;-5;301.82
82080;Welkom_5;04-07-2024;20480562;-5;83.96
83331;Welkom_5;04-07-2024;20330874;-5;14.99
82187;Welkom_5;05-07-2024;20334371;-5;69.99
81611;Welkom_5;05-07-2024;20332847;-5;212.46
81575;Welkom_5;05-07-2024;20334199;-5;189.94
78540;Welkom_5;05-07-2024;20333589;-5;49.99
82059;Welkom_5;05-07-2024;20334553;-5;52.44
83953;Welkom_5;05-07-2024;20333654;-5;57.31
80843;Welkom_5;05-07-2024;20334256;-5;114.93
79482;Welkom_5;05-07-2024;20334363;-5;15.98
84213;Welkom_5;05-07-2024;20334405;-5;338.9
84686;Welkom_5;05-07-2024;20332441;-5;3.45
84304;Welkom_5;05-07-2024;20333050;-5;214.98
80660;Welkom_5;05-07-2024;20332896;-5;130
83519;Welkom_5;05-07-2024;20333290;-5;92.65
83406;Welkom_5;05-07-2024;20481479;-5;139.89
84509;Welkom_5;05-07-2024;20334587;-5;95.42
81890;Welkom_5;05-07-2024;20333696;-5;64.23
82328;Welkom_5;05-07-2024;20333688;-5;6.9
84044;Welkom_5;05-07-2024;20481214;-5;69.99
80659;Welkom_5;05-07-2024;20333415;-5;351.27
80941;Welkom_5;05-07-2024;20334496;-5;143.1
81429;Welkom_5;05-07-2024;20333159;-5;81.77
83842;Welkom_5;05-07-2024;20333670;-5;55.74
84315;Welkom_5;05-07-2024;20481545;-5;29.13
80036;Welkom_5;05-07-2024;20334181;-5;34.99
79249;Welkom_5;05-07-2024;20333043;-5;367.16
82488;Welkom_5;05-07-2024;20481396;-5;11.16
80581;Welkom_5;05-07-2024;20333019;-5;257.44
77272;Welkom_5;05-07-2024;20333977;-5;697.61
79729;Welkom_5;05-07-2024;20333480;-5;93.98
82221;Welkom_5;05-07-2024;20333209;-5;172.72
81682;Welkom_5;05-07-2024;20333894;-5;204.94
80928;Welkom_5;05-07-2024;20333712;-5;51.44
84628;Welkom_5;05-07-2024;20332789;-5;184.72
83879;Welkom_5;05-07-2024;20333498;-5;41.18
81555;Welkom_5;05-07-2024;20481412;-5;209.99
80235;Welkom_5;05-07-2024;20334223;-5;299.97
80105;Welkom_5;05-07-2024;20334710;-5;74.98
81967;Welkom_5;05-07-2024;20334322;-5;6.95
82010;Welkom_5;05-07-2024;20333936;-5;40.17
82155;Welkom_5;05-07-2024;20333407;-5;84.99
82388;Welkom_5;05-07-2024;20333738;-5;276.9
81478;Welkom_5;05-07-2024;20333365;-5;316.16
79072;Welkom_5;05-07-2024;20332854;-5;143.7
82195;Welkom_5;05-07-2024;20333993;-5;14.99
82935;Welkom_5;05-07-2024;20334389;-5;29.99
83187;Welkom_5;05-07-2024;20333985;-5;91.97
79818;Welkom_5;06-07-2024;20337481;-5;182.77
80746;Welkom_5;06-07-2024;20482360;-5;117.93
80620;Welkom_5;06-07-2024;20482725;-5;136.13
81368;Welkom_5;06-07-2024;20483582;-5;266.86
83878;Welkom_5;06-07-2024;20336277;-5;437.48
78124;Welkom_5;06-07-2024;20336921;-5;17.95
83193;Welkom_5;06-07-2024;20481941;-5;326.99
84601;Welkom_5;06-07-2024;20337473;-5;21.84
84371;Welkom_5;06-07-2024;20482170;-5;22.19
84713;Welkom_5;06-07-2024;20481750;-5;121.74
80348;Welkom_5;06-07-2024;20483202;-5;59.12
82639;Welkom_5;06-07-2024;20336228;-5;122.94
83998;Welkom_5;06-07-2024;20335931;-5;289.41
81205;Welkom_5;06-07-2024;20337218;-5;277.47
82761;Welkom_5;06-07-2024;20336293;-5;162.6
83764;Welkom_5;06-07-2024;20337853;-5;103.98
81006;Welkom_5;06-07-2024;20483210;-5;209.49
84338;Welkom_5;06-07-2024;20337531;-5;89.99
83812;Welkom_5;06-07-2024;20337705;-5;165.34
84341;Welkom_5;06-07-2024;20335493;-5;88.43
79480;Welkom_5;06-07-2024;20337911;-5;12.99
84069;Welkom_5;06-07-2024;20482063;-5;403.99
79575;Welkom_5;06-07-2024;20336053;-5;254.94
83347;Welkom_5;06-07-2024;20337093;-5;65.33
82558;Welkom_5;06-07-2024;20482709;-5;125.49
80793;Welkom_5;06-07-2024;20481719;-5;44.99
83517;Welkom_5;06-07-2024;20337903;-5;61.42
83925;Welkom_5;06-07-2024;20336772;-5;32.23
84954;Welkom_5;06-07-2024;20483244;-5;265.44
83803;Welkom_5;06-07-2024;20482352;-5;164.95
79371;Welkom_5;06-07-2024;20337309;-5;57.65
83381;Welkom_5;06-07-2024;20336798;-5;286.22
83046;Welkom_5;06-07-2024;20482873;-5;241.73
81962;Welkom_5;06-07-2024;20481875;-5;221.53
81931;Welkom_5;06-07-2024;20337820;-5;205.74
84049;Welkom_5;06-07-2024;20483228;-5;59.01
82199;Welkom_5;06-07-2024;20335527;-5;385.94
80932;Welkom_5;06-07-2024;13580;-5;59.99
84683;Welkom_5;06-07-2024;20483715;-5;20.58
82496;Welkom_5;06-07-2024;20335097;-5;117.47
81727;Welkom_5;06-07-2024;20482915;-5;202.27
80457;Welkom_5;06-07-2024;20336087;-5;3.99
84418;Welkom_5;06-07-2024;20336335;-5;42.94
84676;Welkom_5;06-07-2024;20483301;-5;303.87
80917;Welkom_5;06-07-2024;20335634;-5;284.19
81400;Welkom_5;06-07-2024;20483236;-5;207.39
84363;Welkom_5;06-07-2024;20336251;-5;3.09
83537;Welkom_5;06-07-2024;20483608;-5;86.48
82031;Welkom_5;06-07-2024;20335519;-5;56.43
84701;Welkom_5;06-07-2024;20337937;-5;52.96
84235;Welkom_5;06-07-2024;20337051;-5;403.88
80504;Welkom_5;06-07-2024;20482535;-5;34.86
84650;Welkom_5;06-07-2024;20337572;-5;559.79
80025;Welkom_5;06-07-2024;20335832;-5;74.99
79906;Welkom_5;06-07-2024;20337069;-5;368.65
80190;Welkom_5;07-07-2024;20338349;-5;84.99
83685;Welkom_5;07-07-2024;20485116;-5;308.92
84244;Welkom_5;07-07-2024;20484952;-5;569.41
81434;Welkom_5;07-07-2024;20484846;-5;163.85
80338;Welkom_5;07-07-2024;20484945;-5;56.48
83592;Welkom_5;07-07-2024;20338695;-5;439.47
84711;Welkom_5;07-07-2024;20484903;-5;124.98
80453;Welkom_5;07-07-2024;20338448;-5;165.46
81545;Welkom_5;07-07-2024;20338422;-5;394.94
79874;Welkom_5;07-07-2024;20484721;-5;147.46
84056;Welkom_5;08-07-2024;20342093;-5;29.99
81241;Welkom_5;08-07-2024;20341434;-5;44.62
79022;Welkom_5;08-07-2024;20341319;-5;35.84
80744;Welkom_5;08-07-2024;20341772;-5;58.5
78799;Welkom_5;08-07-2024;20340873;-5;102.96
79493;Welkom_5;08-07-2024;20341053;-5;35.98
81123;Welkom_5;08-07-2024;20341277;-5;58.94
83587;Welkom_5;08-07-2024;20341400;-5;11.9
82750;Welkom_5;08-07-2024;20342010;-5;169.26
80233;Welkom_5;08-07-2024;20342333;-5;3.99
82256;Welkom_5;08-07-2024;20340493;-5;14.9
83357;Welkom_5;08-07-2024;20340618;-5;53.61
84739;Welkom_5;08-07-2024;20340501;-5;75.48
82479;Welkom_5;08-07-2024;20342192;-5;46.2
78243;Welkom_5;08-07-2024;20340527;-5;25.97
80886;Welkom_5;08-07-2024;20341590;-5;104.94
80588;Welkom_5;08-07-2024;20340816;-5;34.03
84927;Welkom_5;08-07-2024;20340758;-5;92.35
83810;Welkom_5;08-07-2024;20341855;-5;128.61
81821;Welkom_5;08-07-2024;20341764;-5;70.96
82921;Welkom_5;08-07-2024;20340634;-5;59.5
83369;Welkom_5;08-07-2024;20340923;-5;63.43
84821;Welkom_5;08-07-2024;20342127;-5;21.34
83227;Welkom_5;08-07-2024;20342374;-5;37.84
80957;Welkom_5;08-07-2024;20342432;-5;49.44
82510;Welkom_5;08-07-2024;20342077;-5;57.22
84359;Welkom_5;08-07-2024;20341228;-5;20.18
81504;Welkom_5;08-07-2024;20342309;-5;118.22
77486;Welkom_5;08-07-2024;20342168;-5;224.97
82667;Welkom_5;08-07-2024;20342176;-5;127.79
81030;Welkom_5;08-07-2024;20340733;-5;77.97
82593;Welkom_5;08-07-2024;20340675;-5;103.74
81177;Welkom_5;08-07-2024;20342275;-5;22.49
82398;Welkom_5;08-07-2024;20341236;-5;44.99
84439;Welkom_5;08-07-2024;20340642;-5;97.76
84176;Welkom_5;08-07-2024;20340519;-5;16.91
84138;Welkom_5;08-07-2024;20340857;-5;69.99
80163;Welkom_5;08-07-2024;20341079;-5;130.96
83598;Welkom_5;08-07-2024;20341301;-5;13.99
84357;Welkom_5;08-07-2024;20341533;-5;257.98
83481;Welkom_5;08-07-2024;20341285;-5;240.18
82168;Welkom_5;08-07-2024;20342119;-5;21.49
83167;Welkom_5;08-07-2024;20342341;-5;75.57
84663;Welkom_5;08-07-2024;20341525;-5;54.99
84470;Welkom_5;08-07-2024;20342416;-5;120.76
81105;Welkom_5;08-07-2024;20341137;-5;221.94
84225;Welkom_5;08-07-2024;20341392;-5;0
81667;Welkom_5;08-07-2024;20340790;-5;126.68
81774;Welkom_5;08-07-2024;20340410;-5;9.98
84806;Welkom_5;08-07-2024;20341194;-5;5.99
80184;Welkom_5;08-07-2024;20342234;-5;291.38
77825;Welkom_5;08-07-2024;20341632;-5;25.98
81062;Welkom_5;08-07-2024;20342499;-5;138.51
82934;Welkom_5;09-07-2024;20342796;-5;178.22
83763;Welkom_5;09-07-2024;20343612;-5;363.05
82317;Welkom_5;09-07-2024;20343505;-5;4.28
80955;Welkom_5;09-07-2024;20342721;-5;141.5
84091;Welkom_5;09-07-2024;20344388;-5;257.45
82253;Welkom_5;09-07-2024;20343430;-5;274.27
80021;Welkom_5;09-07-2024;20344297;-5;224.99
81336;Welkom_5;09-07-2024;20343828;-5;24.96
84048;Welkom_5;09-07-2024;20342739;-5;499.92
82233;Welkom_5;09-07-2024;20342770;-5;53.6
82099;Welkom_5;09-07-2024;20485488;-5;44.95
80658;Welkom_5;09-07-2024;20343836;-5;5.79
79469;Welkom_5;09-07-2024;20343497;-5;0.39
82987;Welkom_5;09-07-2024;20343463;-5;52
82985;Welkom_5;10-07-2024;20345674;-5;16.98
82372;Welkom_5;10-07-2024;20345781;-5;54.48
77383;Welkom_5;10-07-2024;20345245;-5;265.37
84949;Welkom_5;10-07-2024;20345120;-5;23.29
85000;Welkom_5;10-07-2024;20345252;-5;87.49
82285;Welkom_5;10-07-2024;20346425;-5;68.76
81918;Welkom_5;10-07-2024;20344867;-5;77.94
84017;Welkom_5;10-07-2024;20346813;-5;367.68
80890;Welkom_5;10-07-2024;20346078;-5;52.97
80407;Welkom_5;10-07-2024;20346417;-5;821.44
84784;Welkom_5;10-07-2024;20346193;-5;18.99
81476;Welkom_5;10-07-2024;20344891;-5;19.99
80228;Welkom_5;10-07-2024;20345310;-5;37.98
81279;Welkom_5;10-07-2024;20345617;-5;3.74
80122;Welkom_5;10-07-2024;20346532;-5;25.98
81709;Welkom_5;10-07-2024;20346797;-5;402.71
81407;Welkom_5;10-07-2024;20345641;-5;42.97
80987;Welkom_5;10-07-2024;20345302;-5;75.98
81446;Welkom_5;10-07-2024;20345013;-5;25.92
83246;Welkom_5;10-07-2024;20345039;-5;34.47
81814;Welkom_5;10-07-2024;20485769;-5;163.87
82688;Welkom_5;10-07-2024;20344693;-5;24.95
83328;Welkom_5;10-07-2024;20346227;-5;103.07
80563;Welkom_5;10-07-2024;20345831;-5;36.38
81827;Welkom_5;10-07-2024;20345971;-5;264.9
82512;Welkom_5;10-07-2024;20344701;-5;9.99
81983;Welkom_5;10-07-2024;20345203;-5;9.99
82976;Welkom_5;10-07-2024;20345567;-5;53.49
84467;Welkom_5;10-07-2024;20345955;-5;105.35
79201;Welkom_5;11-07-2024;20348116;-5;18.38
81482;Welkom_5;11-07-2024;20348181;-5;17.68
84626;Welkom_5;11-07-2024;20348645;-5;16.37
80753;Welkom_5;11-07-2024;20347639;-5;233.52
80326;Welkom_5;11-07-2024;20347530;-5;299.27
83053;Welkom_5;11-07-2024;20485868;-5;83.98
83291;Welkom_5;11-07-2024;20348199;-5;7.56
78941;Welkom_5;11-07-2024;20486205;-5;30.98
80279;Welkom_5;11-07-2024;20485934;-5;34.4
81126;Welkom_5;11-07-2024;20348983;-5;29.39
79787;Welkom_5;11-07-2024;20348843;-5;117.95
78640;Welkom_5;11-07-2024;20348942;-5;74.65
82946;Welkom_5;11-07-2024;20347514;-5;10.48
79715;Welkom_5;11-07-2024;20486361;-5;33.83
82841;Welkom_5;11-07-2024;20348538;-5;42.45
81785;Welkom_5;11-07-2024;20347829;-5;75.72
83224;Welkom_5;11-07-2024;20348157;-5;123.07
82681;Welkom_5;11-07-2024;20486312;-5;419.98
84827;Welkom_5;11-07-2024;20348611;-5;44.99
80037;Welkom_5;11-07-2024;20348207;-5;85.98
80177;Welkom_5;11-07-2024;20348306;-5;166.47
80275;Welkom_5;11-07-2024;20347167;-5;484.98
80481;Welkom_5;11-07-2024;20347654;-5;124.26
84943;Welkom_5;11-07-2024;20347860;-5;44.07
79840;Welkom_5;11-07-2024;20348629;-5;317.87
82423;Welkom_5;11-07-2024;20485884;-5;27.96
84505;Welkom_5;11-07-2024;20347928;-5;84.7
82999;Welkom_5;11-07-2024;20485967;-5;106.99
82508;Welkom_5;11-07-2024;20346961;-3.99;99.99
80111;Welkom_5;11-07-2024;20348595;-5;45.45
80609;Welkom_5;11-07-2024;20347100;-5;243.57
84788;Welkom_5;11-07-2024;20347878;-5;38.11
83667;Welkom_5;11-07-2024;20347456;-5;47.43
80421;Welkom_5;11-07-2024;20347845;-5;12.29
84877;Welkom_5;11-07-2024;20348553;-5;191.71
84939;Welkom_5;11-07-2024;20346920;-5;161.75
84039;Welkom_5;11-07-2024;20348033;-5;66.99
83969;Welkom_5;11-07-2024;20347076;-5;54.99
80057;Welkom_5;11-07-2024;20348959;-5;293.98
83645;Welkom_5;11-07-2024;20347159;-5;89.16
81460;Welkom_5;11-07-2024;20349015;-5;21.93
83945;Welkom_5;11-07-2024;20348975;-5;89.99
83364;Welkom_5;11-07-2024;20347803;-5;177.49
82390;Welkom_5;11-07-2024;20347233;-5;150.67
81699;Welkom_5;11-07-2024;20348637;-5;44.38
81031;Welkom_5;11-07-2024;20348439;-5;0.99
79302;Welkom_5;11-07-2024;20485900;-5;202.91
83421;Welkom_5;11-07-2024;20348371;-5;45.98
79165;Welkom_5;11-07-2024;20486379;-5;15.99
84034;Welkom_5;11-07-2024;20348603;-5;99.98
79351;Welkom_5;11-07-2024;20347787;-5;59.98
82853;Welkom_5;11-07-2024;20486064;-5;86.96
82161;Welkom_5;11-07-2024;20348819;-5;627.59
83002;Welkom_5;11-07-2024;20485892;-5;95.49
81797;Welkom_5;11-07-2024;20347001;-5;354.9
76202;Welkom_5;11-07-2024;20486130;-5;12.99
82212;Welkom_5;12-07-2024;20350757;-5;236.28
81012;Welkom_5;12-07-2024;20351441;-5;20.63
80024;Welkom_5;12-07-2024;20350708;-5;202.9
80151;Welkom_5;12-07-2024;20351938;-5;659.25
82508;Welkom_5;12-07-2024;20352290;-1.01;39.94
81594;Welkom_5;12-07-2024;20351995;-5;573.96
82444;Welkom_5;12-07-2024;20351136;-5;77.98
81372;Welkom_5;12-07-2024;20351904;-5;621.84
82226;Welkom_5;12-07-2024;20350716;-5;333.75
83943;Welkom_5;12-07-2024;20349510;-5;211.71
82343;Welkom_5;12-07-2024;20486577;-5;206.23
81474;Welkom_5;12-07-2024;20349627;-5;213.14
80715;Welkom_5;12-07-2024;20486882;-5;84.72
84762;Welkom_5;12-07-2024;20351557;-5;11.19
81816;Welkom_5;13-07-2024;20502886;-5;774.87
83971;Welkom_5;13-07-2024;20353173;-5;98.03
80315;Welkom_5;13-07-2024;20355442;-5;11.16
83792;Welkom_5;13-07-2024;20487443;-5;410.49
84043;Welkom_5;13-07-2024;20489332;-5;270.85
82931;Welkom_5;13-07-2024;20355103;-5;53.7
83282;Welkom_5;13-07-2024;20355780;-5;13.97
83637;Welkom_5;13-07-2024;20489795;-5;665.74
77864;Welkom_5;13-07-2024;20487997;-5;173.92
83025;Welkom_5;13-07-2024;20353165;-5;230.93
80857;Welkom_5;13-07-2024;20353140;-5;100.4
83161;Welkom_5;13-07-2024;20503108;-5;282.89
77696;Welkom_5;13-07-2024;20488144;-5;334.94
84616;Welkom_5;13-07-2024;20487377;-5;131.49
83724;Welkom_5;13-07-2024;20488540;-5;403.95
84242;Welkom_5;13-07-2024;20489464;-5;459.24
83818;Welkom_5;13-07-2024;20487500;-5;246.07
79158;Welkom_5;13-07-2024;20487278;-5;351.42
84613;Welkom_5;13-07-2024;20487591;-5;112.76
83479;Welkom_5;13-07-2024;20354395;-5;58.65
81642;Welkom_5;13-07-2024;20487567;-5;116.46
83174;Welkom_5;13-07-2024;20354908;-5;54.47
81683;Welkom_5;13-07-2024;20352555;-5;54.95
80531;Welkom_5;13-07-2024;20352530;-5;169.9
81129;Welkom_5;13-07-2024;20487161;-5;39.99
83140;Welkom_5;13-07-2024;20355855;-5;20.15
81480;Welkom_5;13-07-2024;20353009;-5;227.45
83235;Welkom_5;13-07-2024;20488490;-5;64.95
81663;Welkom_5;13-07-2024;20487310;-5;112.36
78377;Welkom_5;13-07-2024;20353124;-5;41.61
80884;Welkom_5;13-07-2024;20487757;-5;234.78
84411;Welkom_5;13-07-2024;20487781;-5;602.27
81204;Welkom_5;13-07-2024;20487765;-5;157.9
83266;Welkom_5;13-07-2024;20353249;-5;330.16
84886;Welkom_5;13-07-2024;20489787;-5;310.8
83398;Welkom_5;13-07-2024;20488151;-5;128.61
80689;Welkom_5;13-07-2024;20352977;-5;154.88
81119;Welkom_5;13-07-2024;20352670;-5;149.99
80370;Welkom_5;13-07-2024;20352522;-5;118.98
84922;Welkom_5;13-07-2024;20488128;-5;13.88
83919;Welkom_5;13-07-2024;20352878;-5;369.8
82158;Welkom_5;13-07-2024;20356069;-5;562.77
80893;Welkom_5;13-07-2024;20355145;-5;93.59
79144;Welkom_5;13-07-2024;20488300;-5;134.68
83944;Welkom_5;13-07-2024;20487427;-5;48
84820;Welkom_5;13-07-2024;20352589;-5;70.49
82278;Welkom_5;13-07-2024;20489423;-5;279.37
82771;Welkom_5;13-07-2024;20355392;-5;74.98
84143;Welkom_5;13-07-2024;20487534;-5;99.47
83420;Welkom_5;13-07-2024;20489803;-5;132.97
82613;Welkom_5;13-07-2024;20355459;-5;41.85
83323;Welkom_5;13-07-2024;20489845;-5;80.47
83844;Welkom_5;13-07-2024;20489829;-5;114.97
83798;Welkom_5;13-07-2024;20488136;-5;90.1
80437;Welkom_5;13-07-2024;20488326;-5;44.98
80069;Welkom_5;13-07-2024;20352761;-5;210.41
81885;Welkom_5;13-07-2024;20489126;-5;110
84094;Welkom_5;13-07-2024;20489225;-5;353.46
81687;Welkom_5;14-07-2024;20490876;-5;197.45
84209;Welkom_5;14-07-2024;20491007;-5;6.49
81602;Welkom_5;14-07-2024;20358180;-5;31.93
81425;Welkom_5;14-07-2024;20357992;-5;384.92
80081;Welkom_5;14-07-2024;20356713;-5;22.38
82129;Welkom_5;14-07-2024;20356788;-5;1663.5
82992;Welkom_5;14-07-2024;20490546;-5;535.59
80573;Welkom_5;14-07-2024;20491023;-5;435.17
80308;Welkom_5;14-07-2024;20357505;-5;35.99
83036;Welkom_5;14-07-2024;20490678;-5;145
77881;Welkom_5;14-07-2024;20490850;-5;291.66
83279;Welkom_5;14-07-2024;20356465;-5;228.96
80264;Welkom_5;14-07-2024;20356689;-5;304.98
82260;Welkom_5;14-07-2024;20357224;-5;228.99
83180;Welkom_5;14-07-2024;20490736;-5;168.22
83469;Welkom_5;14-07-2024;20490389;-5;101.43
84973;Welkom_5;14-07-2024;20357042;-5;87.92
77173;Welkom_5;14-07-2024;20357778;-5;76.98
80881;Welkom_5;14-07-2024;20490686;-5;28.98
82351;Welkom_5;14-07-2024;20490249;-5;116.96
81560;Welkom_5;15-07-2024;20491205;-5;106.57
80428;Welkom_5;15-07-2024;20358677;-5;4.49
83394;Welkom_5;15-07-2024;20491106;-5;179.48
82783;Welkom_5;15-07-2024;20358941;-5;146.86
83550;Welkom_5;15-07-2024;20359006;-5;112.94
82524;Welkom_5;15-07-2024;20361135;-5;43.48
83230;Welkom_5;15-07-2024;20359824;-5;102.97
81494;Welkom_5;15-07-2024;20360715;-5;119.99
84484;Welkom_5;15-07-2024;20358743;-5;127.78
82464;Welkom_5;15-07-2024;20359154;-5;59.98
81488;Welkom_5;15-07-2024;20359162;-5;20.14
81226;Welkom_5;15-07-2024;20491098;-5;58.89
82040;Welkom_5;15-07-2024;20359378;-5;88.13
82024;Welkom_5;15-07-2024;20491213;-5;131.9
81361;Welkom_5;15-07-2024;20361150;-5;13.99
84377;Welkom_5;15-07-2024;20358768;-5;7
78350;Welkom_5;15-07-2024;20491122;-5;20.98
83913;Welkom_5;15-07-2024;20360814;-5;84.99
83241;Welkom_5;15-07-2024;20358776;-5;46.99
80020;Welkom_5;15-07-2024;20358834;-5;206.94
82739;Welkom_5;15-07-2024;20361317;-5;77.98
82468;Welkom_5;15-07-2024;20358735;-5;101.28
81794;Welkom_5;16-07-2024;20364477;-5;63.42
80619;Welkom_5;16-07-2024;20491536;-5;194.97
84569;Welkom_5;16-07-2024;20363529;-5;40.99
82960;Welkom_5;16-07-2024;20364089;-5;105.34
81603;Welkom_5;16-07-2024;20363693;-5;69.99
80845;Welkom_5;16-07-2024;20363560;-5;152.91
78687;Welkom_5;16-07-2024;20362976;-5;76.37
81452;Welkom_5;16-07-2024;13646;-5;28.47
83048;Welkom_5;16-07-2024;20364436;-5;309.95
78970;Welkom_5;16-07-2024;20362596;-5;190.9
84454;Welkom_5;16-07-2024;20491627;-5;134.98
84948;Welkom_5;16-07-2024;20363164;-5;331.9
81162;Welkom_5;16-07-2024;20364394;-5;234.54
84872;Welkom_5;17-07-2024;20367520;-5;30.76
81906;Welkom_5;17-07-2024;20365284;-5;98.27
77684;Welkom_5;17-07-2024;20365888;-5;77.25
79669;Welkom_5;17-07-2024;20365946;-5;59.73
83098;Welkom_5;17-07-2024;13652;-5;6.99
78827;Welkom_5;17-07-2024;20364824;-5;35.7
83042;Welkom_5;17-07-2024;20365805;-5;144.95
80033;Welkom_5;17-07-2024;20367157;-5;723.36
82848;Welkom_5;17-07-2024;20366969;-5;338.92
84931;Welkom_5;17-07-2024;20365862;-5;59.5
84668;Welkom_5;17-07-2024;20492013;-5;68.49
83690;Welkom_5;17-07-2024;20365110;-5;225.15
81957;Welkom_5;17-07-2024;20366621;-5;202.83
78588;Welkom_5;17-07-2024;20365748;-5;24.99
81316;Welkom_5;17-07-2024;20366910;-5;43.77
77893;Welkom_5;17-07-2024;20366522;-5;1120.44
83652;Welkom_5;17-07-2024;20364899;-5;43.77
81124;Welkom_5;18-07-2024;20368502;-5;155.93
80083;Welkom_5;18-07-2024;20368916;-5;164.94
81544;Welkom_5;18-07-2024;20368239;-5;34.98
77170;Welkom_5;18-07-2024;20370375;-5;46.61
79239;Welkom_5;18-07-2024;20368858;-1.99;0
82964;Welkom_5;18-07-2024;20369732;-5;282.04
80113;Welkom_5;18-07-2024;20368320;-5;29.49
77417;Welkom_5;18-07-2024;20368437;-5;86.51
82833;Welkom_5;18-07-2024;20368486;-5;176.45
80229;Welkom_5;18-07-2024;20369716;-5;201.36
84911;Welkom_5;18-07-2024;20368346;-5;813.51
80117;Welkom_5;18-07-2024;20367751;-5;125.95
84901;Welkom_5;18-07-2024;20369062;-5;551.93
84295;Welkom_5;18-07-2024;20368791;-5;67.89
80967;Welkom_5;18-07-2024;20369567;-5;1.28
82154;Welkom_5;18-07-2024;20368361;-5;135
80670;Welkom_5;18-07-2024;20368569;-5;214.86
80062;Welkom_5;18-07-2024;20369401;-5;135.44
83284;Welkom_5;18-07-2024;13660;-5;0.79
80344;Welkom_5;18-07-2024;20369146;-5;32.48
84393;Welkom_5;18-07-2024;20369252;-5;108.96
82124;Welkom_5;18-07-2024;20367967;-5;64.14
80657;Welkom_5;18-07-2024;20369617;-5;23.93
83132;Welkom_5;18-07-2024;20368379;-5;154.84
83384;Welkom_5;18-07-2024;20367918;-5;14.98
82071;Welkom_5;18-07-2024;20367983;-5;13.99
84881;Welkom_5;18-07-2024;20369542;-5;77.55
84793;Welkom_5;18-07-2024;20369559;-5;84.99
81616;Welkom_5;18-07-2024;20367868;-5;52.94
81199;Welkom_5;18-07-2024;20369120;-5;275.99
84247;Welkom_5;18-07-2024;20369864;-5;134.88
82157;Welkom_5;18-07-2024;20368908;-5;38.99
78978;Welkom_5;18-07-2024;20369757;-5;84.94
81308;Welkom_5;18-07-2024;20368494;-5;105.58
84589;Welkom_5;18-07-2024;20367959;-5;80.97
82778;Welkom_5;18-07-2024;20368130;-5;110.96
81601;Welkom_5;18-07-2024;20368163;-5;75.99
84496;Welkom_5;18-07-2024;20368098;-5;54.94
81996;Welkom_5;18-07-2024;20368213;-5;390.5
81878;Welkom_5;18-07-2024;20370425;-5;36.25
80535;Welkom_5;18-07-2024;20492302;-5;164.99
81242;Welkom_5;18-07-2024;20370052;-5;78.97
83895;Welkom_5;18-07-2024;20370185;-5;84.47
83697;Welkom_5;19-07-2024;20371910;-5;70.01
78672;Welkom_5;19-07-2024;20373171;-5;148.47
83585;Welkom_5;19-07-2024;20492559;-5;79.89
81292;Welkom_5;19-07-2024;20372876;-5;435.03
80908;Welkom_5;19-07-2024;20372363;-5;189.22
83216;Welkom_5;19-07-2024;20372827;-5;84.99
78037;Welkom_5;19-07-2024;20372033;-5;54.99
83591;Welkom_5;19-07-2024;20371902;-5;511.79
83695;Welkom_5;19-07-2024;20373189;-5;34.48
84279;Welkom_5;19-07-2024;20371589;-5;130.75
84448;Welkom_5;19-07-2024;20372884;-5;112.48
80506;Welkom_5;19-07-2024;20373387;-5;72.75
84142;Welkom_5;19-07-2024;20371670;-5;45.36
83992;Welkom_5;19-07-2024;20372975;-5;90.63
80930;Welkom_5;19-07-2024;20372843;-5;174.83
82492;Welkom_5;19-07-2024;20492500;-5;23.44
80064;Welkom_5;19-07-2024;20371662;-5;292.96
83745;Welkom_5;19-07-2024;20373585;-5;84.51
78475;Welkom_5;19-07-2024;20373569;-5;48.98
82577;Welkom_5;19-07-2024;20372314;-5;30.45
79191;Welkom_5;19-07-2024;20373239;-5;40.7
84246;Welkom_5;19-07-2024;20371993;-5;23.49
81753;Welkom_5;19-07-2024;20372785;-5;196.95
81800;Welkom_5;19-07-2024;20372652;-5;69.95
82404;Welkom_5;19-07-2024;20372835;-5;29.44
81910;Welkom_5;19-07-2024;20372371;-5;90.99
80736;Welkom_5;19-07-2024;20373445;-5;139.93
81586;Welkom_5;19-07-2024;20373247;-5;167.89
84303;Welkom_5;19-07-2024;20371225;-5;35.45
84895;Welkom_5;19-07-2024;20371688;-5;192.19
83275;Welkom_5;19-07-2024;20371068;-5;501.81
83356;Welkom_5;19-07-2024;20371209;-5;50.98
82636;Welkom_5;19-07-2024;20371829;-5;108.95
83783;Welkom_5;19-07-2024;20372967;-5;50.45
83748;Welkom_5;19-07-2024;20371837;-5;43.97
81268;Welkom_5;19-07-2024;20492872;-5;50.44
80613;Welkom_5;19-07-2024;20373221;-5;99.79
78693;Welkom_5;19-07-2024;20372645;-5;162.9
82171;Welkom_5;19-07-2024;20492765;-5;192.96
82240;Welkom_5;19-07-2024;20371852;-5;211.93
81976;Welkom_5;19-07-2024;20371118;-5;228.94
83486;Welkom_5;19-07-2024;20371803;-5;18.36
84074;Welkom_5;19-07-2024;20370938;-5;27.38
80086;Welkom_5;19-07-2024;20373700;-5;364.98
83788;Welkom_5;19-07-2024;20372280;-5;114.99
81439;Welkom_5;20-07-2024;20374351;-5;200.25
78370;Welkom_5;20-07-2024;20494910;-5;-5
84061;Welkom_5;20-07-2024;20494340;-5;122.87
80516;Welkom_5;20-07-2024;20374450;-5;38.99
81510;Welkom_5;20-07-2024;20493854;-5;309.79
83153;Welkom_5;20-07-2024;20494498;-5;85.47
79572;Welkom_5;20-07-2024;20374047;-5;66.98
81057;Welkom_5;20-07-2024;20495115;-5;65.15
81902;Welkom_5;20-07-2024;20376851;-5;273.91
80675;Welkom_5;20-07-2024;20494936;-5;152.88
80968;Welkom_5;20-07-2024;20493680;-5;25.49
83023;Welkom_5;20-07-2024;20493532;-5;84.53
83319;Welkom_5;20-07-2024;20374575;-5;274.99
78274;Welkom_5;20-07-2024;20376828;-5;273.13
80468;Welkom_5;20-07-2024;20494332;-5;35.45
84633;Welkom_5;20-07-2024;20376935;-5;150.76
84058;Welkom_5;20-07-2024;20376901;-5;325.12
84825;Welkom_5;20-07-2024;20493995;-5;12.99
81221;Welkom_5;20-07-2024;20493136;-5;464.89
80569;Welkom_5;20-07-2024;20376471;-5;99.86
81786;Welkom_5;20-07-2024;20494076;-5;19.99
79909;Welkom_5;20-07-2024;20493474;-5;177.98
81428;Welkom_5;20-07-2024;20493623;-5;103.4
81577;Welkom_5;20-07-2024;20375473;-5;32.15
83000;Welkom_5;20-07-2024;20494563;-5;45.97
83574;Welkom_5;20-07-2024;20495040;-5;319.76
81202;Welkom_5;20-07-2024;20493193;-5;160.46
83972;Welkom_5;20-07-2024;20375242;-5;48.92
81556;Welkom_5;20-07-2024;20375648;-5;520.61
82478;Welkom_5;20-07-2024;20376695;-5;574.6
81725;Welkom_5;20-07-2024;20374070;-5;113.98
83050;Welkom_5;20-07-2024;20493391;-5;379.77
83584;Welkom_5;20-07-2024;20494100;-5;194.9
80347;Welkom_5;20-07-2024;20493664;-5;182.56
83125;Welkom_5;20-07-2024;20493599;-5;29.99
81657;Welkom_5;20-07-2024;20495230;-5;129.21
83990;Welkom_5;20-07-2024;20494902;-5;19.73
82142;Welkom_5;20-07-2024;20375507;-5;159.8
84760;Welkom_5;20-07-2024;20493433;-5;135
83973;Welkom_5;20-07-2024;20494084;-5;83.78
80499;Welkom_5;20-07-2024;20493631;-5;12.99
84721;Welkom_5;20-07-2024;20493672;-5;28.9
82082;Welkom_5;20-07-2024;20375663;-5;198.96
80391;Welkom_5;20-07-2024;20494944;-5;88.45
84666;Welkom_5;20-07-2024;20495198;-5;96.38
83832;Welkom_5;20-07-2024;20493839;-5;180.28
82420;Welkom_5;20-07-2024;20375481;-5;306.82
84631;Welkom_5;20-07-2024;20494837;-5;524.45
83395;Welkom_5;20-07-2024;20494928;-5;20.9
82232;Welkom_5;20-07-2024;20375424;-5;153.38
83515;Welkom_5;20-07-2024;20376943;-5;115.05
83271;Welkom_5;20-07-2024;20493276;-5;24.94
84490;Welkom_5;20-07-2024;20374542;-5;57.9
80787;Welkom_5;20-07-2024;20376182;-5;116.98
82220;Welkom_5;20-07-2024;20493821;-5;1297.01
82823;Welkom_5;21-07-2024;20496436;-5;47.56
84441;Welkom_5;21-07-2024;20495511;-5;294
82789;Welkom_5;21-07-2024;20378253;-5;419.95
84791;Welkom_5;21-07-2024;20377404;-5;8.73
81152;Welkom_5;21-07-2024;20378022;-5;254.18
80247;Welkom_5;21-07-2024;20378642;-5;315.02
82359;Welkom_5;21-07-2024;20377495;-5;85.94
82183;Welkom_5;21-07-2024;20377958;-5;115.42
80398;Welkom_5;21-07-2024;20496709;-5;371.09
80853;Welkom_5;21-07-2024;20496113;-5;270.13
82380;Welkom_5;21-07-2024;20495727;-5;39.9
84292;Welkom_5;21-07-2024;20378980;-5;531.15
83610;Welkom_5;21-07-2024;20495420;-5;74.69
80905;Welkom_5;21-07-2024;20377768;-5;46.98
82919;Welkom_5;22-07-2024;20379350;-5;68.39
82611;Welkom_5;22-07-2024;20497020;-5;114.42
83142;Welkom_5;22-07-2024;20379681;-5;84.99
80589;Welkom_5;22-07-2024;20381687;-5;15.68
81641;Welkom_5;22-07-2024;20381182;-5;21.89
81637;Welkom_5;22-07-2024;20379905;-5;194.42
82962;Welkom_5;22-07-2024;20381448;-5;102.97
82076;Welkom_5;22-07-2024;20381018;-5;31.85
82381;Welkom_5;22-07-2024;20496998;-5;84.95
80950;Welkom_5;22-07-2024;20381190;-5;294.9
83906;Welkom_5;22-07-2024;20379160;-5;12.99
80419;Welkom_5;22-07-2024;20379475;-5;261.39
83388;Welkom_5;22-07-2024;20379632;-5;264.99
80412;Welkom_5;22-07-2024;20379541;-5;630.91
82879;Welkom_5;22-07-2024;20381349;-5;319.46
84003;Welkom_5;22-07-2024;20497137;-5;568.29
79696;Welkom_5;22-07-2024;20379400;-5;65.54
81075;Welkom_5;22-07-2024;20379707;-5;74.98
80978;Welkom_5;22-07-2024;20379798;-5;153.64
82143;Welkom_5;22-07-2024;20381364;-5;11.16
84733;Welkom_5;22-07-2024;20380614;-5;107.56
77186;Welkom_5;22-07-2024;20497111;-5;370.19
80178;Welkom_5;22-07-2024;20380861;-5;183.48
84920;Welkom_5;22-07-2024;20379855;-5;222.85
82998;Welkom_5;22-07-2024;20380598;-5;72.58
83024;Welkom_5;22-07-2024;20381216;-5;257.94
83640;Welkom_5;22-07-2024;20381380;-5;30.96
80694;Welkom_5;22-07-2024;20380358;-5;591.89
78858;Welkom_5;22-07-2024;20497160;-5;210.45
81548;Welkom_5;22-07-2024;20381422;-5;415.91
84763;Welkom_5;22-07-2024;20381307;-5;36.93
78034;Welkom_5;22-07-2024;20379566;-5;47.68
82547;Welkom_5;22-07-2024;20380416;-5;62.5
84376;Welkom_5;22-07-2024;20381109;-5;48.99
80554;Welkom_5;22-07-2024;20381737;-5;145.46
83173;Welkom_5;22-07-2024;20381745;-5;30.93
82004;Welkom_5;22-07-2024;20379830;-5;215.94
84444;Welkom_5;22-07-2024;20380994;-5;137.46
84705;Welkom_5;22-07-2024;20497061;-5;29.99
78519;Welkom_5;22-07-2024;20381679;-5;256.84
83198;Welkom_5;22-07-2024;20380721;-5;64.96
84133;Welkom_5;22-07-2024;20379590;-5;144.97
82570;Welkom_5;22-07-2024;20381430;-5;256.98
77732;Welkom_5;22-07-2024;20381562;-5;103.36
82218;Welkom_5;22-07-2024;20380705;-5;114.99
83582;Welkom_5;22-07-2024;20381356;-5;64.99
83871;Welkom_5;22-07-2024;20379186;-5;256.98
80916;Welkom_5;22-07-2024;20380200;-5;12.99
83795;Welkom_5;22-07-2024;20380747;-5;13.39
84837;Welkom_5;22-07-2024;20379731;-5;312.55
84548;Welkom_5;22-07-2024;20380606;-5;69.99
80413;Welkom_5;22-07-2024;20379749;-5;7.59
80237;Welkom_5;22-07-2024;20381224;-5;234.91
81283;Welkom_5;22-07-2024;20379863;-5;75.95
81354;Welkom_5;22-07-2024;20381471;-5;409.95
82612;Welkom_5;22-07-2024;20379301;-5;55.9
83217;Welkom_5;22-07-2024;20380978;-5;99.55
80165;Welkom_5;23-07-2024;20383295;-5;42.43
81365;Welkom_5;23-07-2024;20383683;-5;107.86
77374;Welkom_5;23-07-2024;20382388;-5;12.99
84542;Welkom_5;23-07-2024;20382941;-5;34.55
82062;Welkom_5;23-07-2024;20382891;-5;289.96
81371;Welkom_5;23-07-2024;20383766;-5;27.98
82086;Welkom_5;23-07-2024;20383469;-5;74.88
83648;Welkom_5;23-07-2024;20382180;-5;121.98
81280;Welkom_5;23-07-2024;20383113;-5;76.9
80868;Welkom_5;23-07-2024;20383618;-5;28.97
83393;Welkom_5;23-07-2024;20383576;-5;32.99
80106;Welkom_5;23-07-2024;20382370;-5;12.99
83717;Welkom_5;23-07-2024;20383238;-5;347.48
80269;Welkom_5;23-07-2024;20383097;-5;291.1
84955;Welkom_5;23-07-2024;20383287;-5;84.97
84559;Welkom_5;23-07-2024;20383345;-5;287.73
81748;Welkom_5;23-07-2024;20383717;-5;73.73
80777;Welkom_5;23-07-2024;20383568;-5;99.26
82863;Welkom_5;23-07-2024;20497251;-5;1.29
80543;Welkom_5;23-07-2024;20383550;-5;485.55
83699;Welkom_5;23-07-2024;20382669;-5;15.99
80779;Welkom_5;23-07-2024;20383782;-5;10.95
83867;Welkom_5;23-07-2024;20384285;-5;42.29
82940;Welkom_5;23-07-2024;20383741;-5;45.98
82897;Welkom_5;23-07-2024;20381919;-5;150
81824;Welkom_5;23-07-2024;20382750;-5;13.99
79976;Welkom_5;23-07-2024;20383733;-5;439.14
83141;Welkom_5;23-07-2024;20383691;-5;213.43
77458;Welkom_5;23-07-2024;20382883;-5;334.02
80698;Welkom_5;23-07-2024;20382800;-5;120.98
81028;Welkom_5;24-07-2024;20385738;-5;130.74
81083;Welkom_5;24-07-2024;20385316;-5;54.99
80068;Welkom_5;24-07-2024;13698;-5;52.95
81232;Welkom_5;24-07-2024;20385027;-5;487.57
83415;Welkom_5;24-07-2024;20385605;-5;353.9
84750;Welkom_5;24-07-2024;20387106;-5;51.28
82698;Welkom_5;24-07-2024;20385746;-5;560.14
83316;Welkom_5;24-07-2024;20387114;-5;121.98
83647;Welkom_5;24-07-2024;20386199;-5;24.28
83959;Welkom_5;24-07-2024;20385803;-5;14.9
83569;Welkom_5;24-07-2024;20385118;-5;348.92
81435;Welkom_5;24-07-2024;20384913;-5;18.39
82720;Welkom_5;25-07-2024;20389540;-5;116.42
80534;Welkom_5;25-07-2024;20389631;-5;40.98
81619;Welkom_5;25-07-2024;20387668;-5;31.98
82007;Welkom_5;25-07-2024;20388658;-5;3.5
83723;Welkom_5;25-07-2024;20388641;-5;0.39
82734;Welkom_5;25-07-2024;20388591;-5;21.98
77839;Welkom_5;25-07-2024;20388161;-5;148.98
81409;Welkom_5;25-07-2024;20389821;-5;45.54
80958;Welkom_5;25-07-2024;20388583;-5;20.98
82855;Welkom_5;25-07-2024;20389227;-5;15.29
82746;Welkom_5;25-07-2024;20388054;-5;228.73
84599;Welkom_5;25-07-2024;20388237;-5;6.97
82251;Welkom_5;25-07-2024;20389219;-5;174
83162;Welkom_5;25-07-2024;20388609;-5;40.97
77081;Welkom_5;25-07-2024;20389185;-5;143.68
83485;Welkom_5;25-07-2024;20388070;-5;17.6
80358;Welkom_5;25-07-2024;20388880;-5;44.99
84287;Welkom_5;25-07-2024;20387999;-5;154.99
84630;Welkom_5;25-07-2024;20388765;-5;139.97
84294;Welkom_5;25-07-2024;20389250;-5;56.77
82349;Welkom_5;25-07-2024;20387734;-5;48.45
81415;Welkom_5;25-07-2024;20387957;-5;23.47
83700;Welkom_5;25-07-2024;20388849;-5;11.47
82691;Welkom_5;25-07-2024;20387627;-5;202.94
81150;Welkom_5;25-07-2024;20387742;-5;210.96
83286;Welkom_5;25-07-2024;20387569;-5;46.97
83126;Welkom_5;25-07-2024;20389532;-5;213.98
78067;Welkom_5;25-07-2024;20388252;-5;7.99
77578;Welkom_5;25-07-2024;20388716;-5;22.95
82383;Welkom_5;25-07-2024;20388674;-5;323.22
84326;Welkom_5;25-07-2024;20389052;-5;164.37
82224;Welkom_5;25-07-2024;20388286;-5;42.98
80564;Welkom_5;25-07-2024;20388682;-5;102.97
80590;Welkom_5;25-07-2024;20388955;-5;24.94
83874;Welkom_5;25-07-2024;20497566;-5;424.93
80754;Welkom_5;25-07-2024;20388708;-5;12.99
82116;Welkom_5;25-07-2024;20387825;-5;334.95
81883;Welkom_5;25-07-2024;20389722;-5;11.39
83572;Welkom_5;25-07-2024;20388153;-5;66.97
82576;Welkom_5;25-07-2024;20388815;-5;193.07
81394;Welkom_5;25-07-2024;20389078;-5;343.93
78482;Welkom_5;25-07-2024;20388245;-5;37.98
79077;Welkom_5;25-07-2024;20388500;-5;69.97
82068;Welkom_5;25-07-2024;20387551;-5;39.99
81402;Welkom_5;25-07-2024;20388807;-5;27.52
80445;Welkom_5;25-07-2024;20387601;-5;55.84
81178;Welkom_5;25-07-2024;20389839;-5;14.5
80501;Welkom_5;25-07-2024;20389474;-5;10.84
83595;Welkom_5;25-07-2024;20389128;-5;27.06
84679;Welkom_5;25-07-2024;20387882;-5;42.49
80150;Welkom_5;25-07-2024;20388740;-5;106.9
80984;Welkom_5;25-07-2024;20388922;-5;108.37
82753;Welkom_5;25-07-2024;20389847;-5;31.98
83960;Welkom_5;25-07-2024;20389920;-5;206.32
81007;Welkom_5;25-07-2024;20388872;-5;50.84
84177;Welkom_5;25-07-2024;20389490;-5;60.9
80676;Welkom_5;25-07-2024;20387874;-5;154.95
83681;Welkom_5;25-07-2024;20388476;-5;321.63
81414;Welkom_5;25-07-2024;20387619;-5;18.65
81695;Welkom_5;26-07-2024;20390639;-5;56.58
84165;Welkom_5;26-07-2024;20390357;-5;39.99
82487;Welkom_5;26-07-2024;20392239;-5;64.48
80947;Welkom_5;26-07-2024;20390522;-5;124.99
80185;Welkom_5;26-07-2024;20390886;-5;31.98
80234;Welkom_5;26-07-2024;20392155;-5;10.75
83450;Welkom_5;26-07-2024;20390431;-5;124.99
77955;Welkom_5;26-07-2024;20390753;-5;95.44
81677;Welkom_5;26-07-2024;20390829;-5;106.3
84536;Welkom_5;26-07-2024;20392346;-5;11.96
80189;Welkom_5;26-07-2024;20390944;-5;307.92
84405;Welkom_5;26-07-2024;20392304;-5;69.97
84907;Welkom_5;26-07-2024;20390407;-5;3.08
80690;Welkom_5;26-07-2024;20390894;-5;91.19
82800;Welkom_5;26-07-2024;20390795;-5;187.18
82431;Welkom_5;26-07-2024;20392874;-5;194.32
80090;Welkom_5;26-07-2024;20392247;-5;82.97
84028;Welkom_5;26-07-2024;20497806;-5;54.5
82136;Welkom_5;26-07-2024;20390472;-5;444.89
82991;Welkom_5;26-07-2024;20392288;-5;9.99
79996;Welkom_5;26-07-2024;20392221;-5;17.9
80745;Welkom_5;26-07-2024;13708;-5;89.48
84622;Welkom_5;26-07-2024;20390381;-5;137.14
80173;Welkom_5;26-07-2024;20392171;-5;127.98
81622;Welkom_5;26-07-2024;20392262;-5;56.48
81320;Welkom_5;26-07-2024;20391454;-5;75.96
82427;Welkom_5;26-07-2024;20392528;-5;139.44
82518;Welkom_5;26-07-2024;20390621;-5;118.97
81944;Welkom_5;26-07-2024;20390696;-5;75.93
82762;Welkom_5;26-07-2024;20390514;-5;40.88
83665;Welkom_5;26-07-2024;20391025;-5;105.2
80243;Welkom_5;26-07-2024;20390464;-5;76.14
84937;Welkom_5;26-07-2024;20390993;-5;80.47
83580;Welkom_5;26-07-2024;20390811;-5;42.94
82449;Welkom_5;26-07-2024;20390571;-5;91.93
80812;Welkom_5;26-07-2024;20497871;-5;190.1
81554;Welkom_5;26-07-2024;20390589;-5;65.45
80998;Welkom_5;26-07-2024;20390399;-5;52.64
78566;Welkom_5;27-07-2024;20393427;-5;23.17
80502;Welkom_5;27-07-2024;20499646;-5;179.69
80937;Welkom_5;27-07-2024;20393773;-5;74.9
79530;Welkom_5;27-07-2024;20497970;-5;384.85
80802;Welkom_5;27-07-2024;20498291;-5;76.96
79839;Welkom_5;27-07-2024;20395786;-5;154.99
82092;Welkom_5;27-07-2024;20395596;-5;48.47
82534;Welkom_5;27-07-2024;20498465;-5;71.5
83602;Welkom_5;27-07-2024;20393302;-5;353.76
84421;Welkom_5;27-07-2024;20395091;-5;31.99
84765;Welkom_5;27-07-2024;20498762;-5;22.99
83006;Welkom_5;27-07-2024;20498697;-5;68.55
82392;Welkom_5;27-07-2024;20394011;-5;44.7
83078;Welkom_5;27-07-2024;13712;-5;37.97
83124;Welkom_5;27-07-2024;20498341;-5;324.93
84220;Welkom_5;27-07-2024;20394813;-5;102.97
79462;Welkom_5;27-07-2024;20395174;-5;177.17
84267;Welkom_5;27-07-2024;20499570;-5;254.99
83498;Welkom_5;27-07-2024;20394367;-5;323.79
80741;Welkom_5;27-07-2024;20393310;-5;80.43
81370;Welkom_5;27-07-2024;20498366;-5;79.47
83152;Welkom_5;27-07-2024;20396024;-5;122.47
82393;Welkom_5;27-07-2024;20498432;-5;116.55
82318;Welkom_5;27-07-2024;20498390;-5;269.97
83228;Welkom_5;27-07-2024;20393401;-5;404.86
84002;Welkom_5;27-07-2024;20498838;-5;211.72
84024;Welkom_5;27-07-2024;20499414;-5;96.75
82704;Welkom_5;27-07-2024;20393542;-5;51.98
83304;Welkom_5;28-07-2024;20397121;-5;69.13
84362;Welkom_5;28-07-2024;20397089;-5;277.04
84951;Welkom_5;28-07-2024;20400107;-5;139.99
82764;Welkom_5;28-07-2024;20396222;-5;117.98
80128;Welkom_5;28-07-2024;20397758;-5;204.98
82189;Welkom_5;28-07-2024;20397139;-5;116.7
80287;Welkom_5;28-07-2024;20396339;-5;54.69
81190;Welkom_5;28-07-2024;20397311;-5;94.57
80568;Welkom_5;28-07-2024;20396693;-5;34.99
84270;Welkom_5;28-07-2024;20396438;-5;144.95
81423;Welkom_5;28-07-2024;20397261;-5;68.04
82366;Welkom_5;28-07-2024;20396214;-5;28.08
83302;Welkom_5;28-07-2024;20400339;-5;64.42
83825;Welkom_5;28-07-2024;20397733;-5;1444
84730;Welkom_5;28-07-2024;20396198;-5;38.08
80988;Welkom_5;28-07-2024;20397642;-5;14.99
81968;Welkom_5;28-07-2024;20397063;-5;204.93
81745;Welkom_5;28-07-2024;13723;-5;6.99
77789;Welkom_5;28-07-2024;20499919;-5;16.16
80439;Welkom_5;28-07-2024;20397212;-5;52.61
82881;Welkom_5;28-07-2024;20396537;-5;84.99
82128;Welkom_5;28-07-2024;20400313;-5;93.42
81739;Welkom_5;28-07-2024;20396719;-5;142.98
83342;Welkom_5;28-07-2024;20397022;-5;111.24
80999;Welkom_5;28-07-2024;20400180;-5;25
82105;Welkom_5;28-07-2024;20396297;-5;25.69
84556;Welkom_5;28-07-2024;20400560;-5;71.49
81986;Welkom_5;28-07-2024;20396768;-5;48.49
82266;Welkom_5;28-07-2024;20397527;-5;39.98
81552;Welkom_5;28-07-2024;20396263;-5;3.99
80536;Welkom_5;28-07-2024;20397550;-5;139.99
84950;Welkom_5;28-07-2024;20396487;-5;150.72
79345;Welkom_5;28-07-2024;20396727;-5;82.9
80585;Welkom_5;28-07-2024;20396743;-5;341.98
80904;Welkom_5;28-07-2024;20400479;-5;42.35
81462;Welkom_5;28-07-2024;20396701;-5;117.96
81498;Welkom_5;28-07-2024;20400073;-5;47.68
82331;Welkom_5;28-07-2024;20396370;-5;82.79
84040;Welkom_5;28-07-2024;20396628;-5;119.44
80979;Welkom_5;28-07-2024;20396107;-5;62.46
84334;Welkom_5;28-07-2024;20499802;-5;279.54
81835;Welkom_5;28-07-2024;20396354;-5;130
81332;Welkom_5;28-07-2024;20397691;-5;352.75
84526;Welkom_5;28-07-2024;20396230;-5;31
82469;Welkom_5;28-07-2024;20397618;-5;45.46
82937;Welkom_5;28-07-2024;20400636;-5;84.93
80542;Welkom_5;29-07-2024;20398566;-5;110.48
81771;Welkom_5;29-07-2024;20397915;-5;0.99
83093;Welkom_5;29-07-2024;20400818;-5;83.94
80395;Welkom_5;29-07-2024;20398053;-5;116.98
84390;Welkom_5;29-07-2024;20398079;-5;93.97
82498;Welkom_5;29-07-2024;20399671;-5;54.47
80299;Welkom_5;29-07-2024;20398012;-5;12.49
80227;Welkom_5;29-07-2024;20300166;-5;11.99
83866;Welkom_5;29-07-2024;20300141;-5;11.99
81416;Welkom_5;29-07-2024;20398277;-5;104.4
84878;Welkom_5;29-07-2024;20398095;-5;106.85
82045;Welkom_5;29-07-2024;20398301;-5;183.97
80058;Welkom_5;29-07-2024;20399119;-5;70.48
81187;Welkom_5;29-07-2024;20399358;-5;43.97
84932;Welkom_5;29-07-2024;20300034;-5;4.88
84528;Welkom_5;29-07-2024;20399481;-5;26.5
82538;Welkom_5;29-07-2024;20399069;-5;100.16
82436;Welkom_5;29-07-2024;20398467;-5;27.95
80977;Welkom_5;29-07-2024;20399853;-5;85.99
84183;Welkom_5;29-07-2024;20399127;-5;111.95
81170;Welkom_5;29-07-2024;20398111;-5;110.43
84417;Welkom_5;29-07-2024;20398533;-5;155.9
82557;Welkom_5;29-07-2024;20400776;-5;34.53
83503;Welkom_5;29-07-2024;20300232;-5;243.85
84547;Welkom_5;29-07-2024;20399622;-5;58.97
82616;Welkom_5;29-07-2024;20398061;-5;17.45
84899;Welkom_5;29-07-2024;20399366;-5;12.99
84276;Welkom_5;29-07-2024;20398004;-5;255.46
80029;Welkom_5;29-07-2024;20398251;-5;34.49
80259;Welkom_5;29-07-2024;20398525;-5;227.96
81757;Welkom_5;29-07-2024;20398681;-5;24.45
80646;Welkom_5;29-07-2024;20399150;-5;79.99
80522;Welkom_5;29-07-2024;20398541;-5;101.9
83212;Welkom_5;29-07-2024;20399473;-5;16.99
80274;Welkom_5;29-07-2024;20398186;-5;188.31
80107;Welkom_5;29-07-2024;20398913;-5;147.37
79399;Welkom_5;29-07-2024;20398103;-5;206.97
83145;Welkom_5;29-07-2024;20399275;-5;42.64
83103;Welkom_5;29-07-2024;20398897;-5;102.93
84311;Welkom_5;30-07-2024;20302071;-5;52.16
78315;Welkom_5;30-07-2024;20301214;-5;246.06
82936;Welkom_5;30-07-2024;20301594;-5;210.99
83011;Welkom_5;30-07-2024;20301479;-5;215
83427;Welkom_5;30-07-2024;20301982;-5;15.94
82442;Welkom_5;30-07-2024;20302238;-5;9.5
81559;Welkom_5;30-07-2024;20300539;-5;233.98
82825;Welkom_5;30-07-2024;20300745;-5;291.91
84159;Welkom_5;30-07-2024;13735;-5;59.99
82954;Welkom_5;30-07-2024;20300604;-5;52.96
83499;Welkom_5;30-07-2024;20301131;-5;43.07
83005;Welkom_5;30-07-2024;20300869;-5;33.48
78493;Welkom_5;30-07-2024;20301685;-5;26.21
83828;Welkom_5;30-07-2024;20400982;-5;114.99
77084;Welkom_5;30-07-2024;20301446;-5;69.98
84826;Welkom_5;30-07-2024;20301677;-5;240.43
81810;Welkom_5;30-07-2024;20400958;-5;455.36
81708;Welkom_5;30-07-2024;20300802;-5;25.75
82864;Welkom_5;30-07-2024;20302204;-5;36.44
84706;Welkom_5;30-07-2024;20301420;-5;146.15
83801;Welkom_5;30-07-2024;20301735;-5;37.94
81167;Welkom_5;30-07-2024;20301206;-5;212.32
84752;Welkom_5;30-07-2024;20300984;-5;261.96
83964;Welkom_5;30-07-2024;20400974;-5;110.48
78272;Welkom_5;30-07-2024;20301180;-5;130
84738;Welkom_5;30-07-2024;13736;-5;85.99
83487;Welkom_5;30-07-2024;20400933;-5;530.48
83308;Welkom_5;30-07-2024;20300653;-5;24.66
82391;Welkom_5;30-07-2024;20302386;-5;138.99
79746;Welkom_5;30-07-2024;20300836;-5;235.44
80936;Welkom_5;30-07-2024;20300810;-5;63.98
83182;Welkom_5;30-07-2024;20302113;-5;149.49
80863;Welkom_5;30-07-2024;20302303;-5;8.99
82028;Welkom_5;30-07-2024;20301560;-5;79.47
82413;Welkom_5;31-07-2024;20303046;-5;10.99
82019;Welkom_5;31-07-2024;20303699;-5;59.9
81009;Welkom_5;31-07-2024;20302725;-5;39.99
83967;Welkom_5;31-07-2024;20302964;-5;184
81404;Welkom_5;31-07-2024;20304507;-5;55.98
82844;Welkom_5;31-07-2024;20304671;-5;60.44
81094;Welkom_5;31-07-2024;20303061;-5;286.75
81052;Welkom_5;31-07-2024;20303491;-5;224.9
84430;Welkom_5;31-07-2024;20302998;-5;14.59
80556;Welkom_5;31-07-2024;20304010;-5;369.98
82213;Welkom_5;31-07-2024;20304192;-5;254.99
81887;Welkom_5;31-07-2024;20302766;-5;57.43
83423;Welkom_5;31-07-2024;20304580;-5;173.81
77093;Welkom_5;31-07-2024;20304523;-5;74.49
82169;Welkom_5;31-07-2024;20303194;-5;43.78
82530;Welkom_5;31-07-2024;20303897;-5;35.99
80934;Welkom_5;31-07-2024;20304390;-5;158.89
81909;Welkom_5;31-07-2024;20303103;-5;534
80858;Welkom_5;31-07-2024;20304689;-5;234.98
82451;Welkom_5;31-07-2024;20302931;-5;8.98
84502;Welkom_5;31-07-2024;20304473;-5;104.88
84332;Welkom_5;31-07-2024;20304168;-5;29.15
82015;Welkom_5;31-07-2024;20304119;-5;562.63
79564;Welkom_5;31-07-2024;20304630;-5;327.02
81598;Welkom_5;01-08-2024;20306007;-5;21.5
82661;Welkom_5;01-08-2024;20401477;-5;62.02
82107;Welkom_5;01-08-2024;20306056;-5;238.59
83719;Welkom_5;01-08-2024;20304978;-5;26.49
81744;Welkom_5;01-08-2024;20305546;-5;145.98
81854;Welkom_5;01-08-2024;20306197;-5;68.87
84136;Welkom_5;01-08-2024;20401576;-5;29.99
83824;Welkom_5;01-08-2024;20305991;-5;314.14
83341;Welkom_5;01-08-2024;20307252;-5;49.66
83353;Welkom_5;01-08-2024;20307195;-5;23.77
83387;Welkom_5;01-08-2024;20306775;-5;600.07
84570;Welkom_5;01-08-2024;20305801;-5;63.48
82792;Welkom_5;01-08-2024;20307237;-5;5.99
84898;Welkom_5;01-08-2024;20305116;-5;49.72
83358;Welkom_5;01-08-2024;20305579;-5;18
81812;Welkom_5;01-08-2024;20305553;-5;47.49
81399;Welkom_5;01-08-2024;20305702;-5;100.8
83912;Welkom_5;01-08-2024;20401295;-5;1.95
81973;Welkom_5;01-08-2024;20401303;-5;255.85
82298;Welkom_5;01-08-2024;20305397;-5;269.17
81600;Welkom_5;01-08-2024;20401436;-5;1.48
81913;Welkom_5;01-08-2024;20401329;-5;21.9
81870;Welkom_5;01-08-2024;20305561;-5;26.48
83823;Welkom_5;01-08-2024;20306577;-5;69.99
77603;Welkom_5;01-08-2024;20306809;-5;10.99
82299;Welkom_5;01-08-2024;20305637;-5;39.99
80547;Welkom_5;01-08-2024;20306288;-5;16.99
81699;Welkom_5;01-08-2024;20305272;-5;16.99
81773;Welkom_5;01-08-2024;20401527;-5;71.28
84389;Welkom_5;01-08-2024;20305058;-5;0.95
80389;Welkom_5;01-08-2024;20307310;-5;35
84576;Welkom_5;01-08-2024;20307047;-5;68.48
80054;Welkom_5;01-08-2024;20305355;-5;12.49
81704;Welkom_5;01-08-2024;20305025;-5;26.27
82231;Welkom_5;01-08-2024;20304945;-5;80.9
82083;Welkom_5;01-08-2024;20306189;-5;39.47
79059;Welkom_5;01-08-2024;20305033;-5;209.95
79590;Welkom_5;01-08-2024;20306676;-5;115.73
81823;Welkom_5;01-08-2024;20305348;-5;71.98
80017;Welkom_5;01-08-2024;20305488;-5;335.81
82483;Welkom_5;01-08-2024;20306585;-5;63.98
84521;Welkom_5;01-08-2024;20401352;-5;10.49
83688;Welkom_5;01-08-2024;20305595;-5;25.34
79430;Welkom_5;02-08-2024;20309233;-5;94.98
78833;Welkom_5;02-08-2024;20308391;-5;164.95
84275;Welkom_5;02-08-2024;20309639;-5;43.88
82689;Welkom_5;02-08-2024;20309712;-5;64.98
82395;Welkom_5;02-08-2024;20401840;-5;105.59
84046;Welkom_5;02-08-2024;20308235;-5;44.48
80285;Welkom_5;02-08-2024;20309944;-5;276.35
83211;Welkom_5;02-08-2024;20307880;-5;104.63
79787;Welkom_5;02-08-2024;20309951;-5;182.95
83753;Welkom_5;02-08-2024;20307955;-5;140.53
83039;Welkom_5;02-08-2024;20308037;-5;16.15
84966;Welkom_5;02-08-2024;20307823;-5;17.98
84940;Welkom_5;02-08-2024;20307633;-5;2.99
83796;Welkom_5;02-08-2024;20309027;-5;10.75
84370;Welkom_5;02-08-2024;20309316;-5;329.03
82548;Welkom_5;02-08-2024;20309563;-5;16.49
81297;Welkom_5;02-08-2024;20309225;-5;33.95
82506;Welkom_5;02-08-2024;20307948;-5;46.95
80216;Welkom_5;02-08-2024;20308136;-5;138.81
84434;Welkom_5;02-08-2024;20307781;-1.02;231.43
82379;Welkom_5;02-08-2024;20309696;-5;29.99
82056;Welkom_5;02-08-2024;20309522;-5;56.48
82925;Welkom_5;02-08-2024;20308599;-5;30.07
78531;Welkom_5;02-08-2024;20307534;-5;14.79
81070;Welkom_5;02-08-2024;20307559;-5;127.91
83705;Welkom_5;02-08-2024;20308946;-5;284
84564;Welkom_5;02-08-2024;20309605;-5;69.68
81789;Welkom_5;02-08-2024;20309266;-5;67.98
83242;Welkom_5;02-08-2024;20308409;-5;153.98
82295;Welkom_5;03-08-2024;20310926;-5;344.98
82502;Welkom_5;03-08-2024;20311189;-5;21.5
84710;Welkom_5;03-08-2024;20312070;-5;46.57
80302;Welkom_5;03-08-2024;20311288;-5;1449
84451;Welkom_5;03-08-2024;20312252;-5;73.16
83564;Welkom_5;03-08-2024;20402780;-5;69.99
83467;Welkom_5;03-08-2024;20312146;-5;116.58
81730;Welkom_5;03-08-2024;20310520;-5;27.48
84443;Welkom_5;03-08-2024;20402616;-5;33.98
84555;Welkom_5;03-08-2024;20310587;-5;70.47
84549;Welkom_5;03-08-2024;20402061;-5;4.99
81099;Welkom_5;03-08-2024;20402566;-5;103.89
84602;Welkom_5;03-08-2024;20312302;-5;294
80434;Welkom_5;03-08-2024;20310355;-5;69.99
81379;Welkom_5;03-08-2024;13758;-5;11.99
80739;Welkom_5;03-08-2024;20402632;-5;18.94
80078;Welkom_5;03-08-2024;20311106;-5;64.95
83636;Welkom_5;03-08-2024;20310058;-5;91.74
81134;Welkom_5;03-08-2024;20310165;-5;91.23
84698;Welkom_5;03-08-2024;20402905;-5;625.42
83776;Welkom_5;03-08-2024;20312237;-5;91.47
81227;Welkom_5;03-08-2024;20311197;-5;207.82
80906;Welkom_5;03-08-2024;20311031;-5;457.97
81754;Welkom_5;03-08-2024;20311510;-5;57.94
81338;Welkom_5;03-08-2024;20311270;-5;85.99
79481;Welkom_5;03-08-2024;20312054;-5;238.9
77781;Welkom_5;03-08-2024;20311361;-5;63.44
80586;Welkom_5;03-08-2024;20402590;-5;28.98
81869;Welkom_5;03-08-2024;20402707;-5;241.75
84162;Welkom_5;03-08-2024;20311379;-5;54.95
83268;Welkom_5;03-08-2024;20312088;-5;113.97
80915;Welkom_5;03-08-2024;20312435;-5;1823.46
81581;Welkom_5;03-08-2024;20312047;-5;26.99
80525;Welkom_5;03-08-2024;20402418;-5;-5
82311;Welkom_5;03-08-2024;20312724;-5;323.49
81949;Welkom_5;03-08-2024;20311494;-5;91.63
83950;Welkom_5;03-08-2024;20402806;-5;44.93
82345;Welkom_5;03-08-2024;20402400;-5;53.97
78088;Welkom_5;03-08-2024;20311965;-5;22.99
81583;Welkom_5;03-08-2024;20402863;-5;72.92
81772;Welkom_5;03-08-2024;20311478;-5;66.95
83686;Welkom_5;03-08-2024;20311262;-5;72.96
80861;Welkom_5;03-08-2024;20310744;-5;149.98
81736;Welkom_5;03-08-2024;20311346;-5;57.99
83869;Welkom_5;03-08-2024;20310256;-5;54.45
81003;Welkom_5;03-08-2024;20311437;-5;25.07
82540;Welkom_5;03-08-2024;20310835;-5;109.77
83175;Welkom_5;04-08-2024;20314282;-5;138.05
81564;Welkom_5;04-08-2024;20313359;-5;318.02
80680;Welkom_5;04-08-2024;20312930;-5;90.49
83864;Welkom_5;04-08-2024;20314035;-5;2.88
82177;Welkom_5;04-08-2024;20312989;-5;466.85
84612;Welkom_5;04-08-2024;20314209;-5;89.39
78764;Welkom_5;04-08-2024;20312880;-5;62.94
82429;Welkom_5;04-08-2024;20313169;-5;185.5
84604;Welkom_5;04-08-2024;20313292;-5;223.74
80903;Welkom_5;04-08-2024;20313334;-5;430.96
80063;Welkom_5;04-08-2024;20313714;-5;160
79336;Welkom_5;04-08-2024;20314555;-5;32.5
81852;Welkom_5;04-08-2024;20313474;-5;865.66
82357;Welkom_5;04-08-2024;20313342;-5;150.96
84360;Welkom_5;04-08-2024;20403168;-5;165.99
80982;Welkom_5;04-08-2024;20313821;-5;183.88
81882;Welkom_5;04-08-2024;20313367;-5;113.42
83259;Welkom_5;04-08-2024;20313052;-5;86.55
80418;Welkom_5;04-08-2024;20313268;-5;10.39
77440;Welkom_5;04-08-2024;20314019;-5;62.97
82700;Welkom_5;04-08-2024;20313862;-5;157.84
80903;Welkom_5;04-08-2024;20313383;-5;294
84941;Welkom_5;04-08-2024;20313516;-5;13.95
82217;Welkom_5;04-08-2024;20313854;-5;40.49
84659;Welkom_5;04-08-2024;20314027;-5;404.91
80637;Welkom_5;05-08-2024;20315495;-5;48.99
83183;Welkom_5;05-08-2024;20314878;-5;61.49
83120;Welkom_5;05-08-2024;20315487;-5;90.43
77014;Welkom_5;05-08-2024;20315594;-5;82.97
82733;Welkom_5;05-08-2024;20315081;-5;75.97
84449;Welkom_5;05-08-2024;20316501;-5;143.93
83049;Welkom_5;05-08-2024;20316162;-5;337.28
81678;Welkom_5;05-08-2024;20315263;-5;116.06
84104;Welkom_5;05-08-2024;13772;-5;54.49
82694;Welkom_5;05-08-2024;20315768;-5;65.49
83583;Welkom_5;05-08-2024;20314977;-5;127.98
77755;Welkom_5;05-08-2024;20315727;-5;24.99
84135;Welkom_5;05-08-2024;20314985;-5;88.4
80307;Welkom_5;05-08-2024;20316667;-5;41.92
82757;Welkom_5;05-08-2024;20315040;-5;-5
83488;Welkom_5;05-08-2024;20316212;-5;51.9
80443;Welkom_5;05-08-2024;20315214;-5;235.93
83775;Welkom_5;05-08-2024;20403275;-5;169.79
82920;Welkom_5;05-08-2024;20316824;-5;76.98
84445;Welkom_5;05-08-2024;20315065;-5;74.99
84440;Welkom_5;05-08-2024;20316360;-5;110.34
81735;Welkom_5;05-08-2024;20316808;-5;19.29
81606;Welkom_5;05-08-2024;20314803;-5;64.95
82034;Welkom_5;05-08-2024;20315123;-5;201.04
82900;Welkom_5;05-08-2024;20316402;-5;148.98
82346;Welkom_5;05-08-2024;20314845;-5;11.16
84929;Welkom_5;05-08-2024;20315032;-5;80
83516;Welkom_5;05-08-2024;20315974;-5;16.86
81527;Welkom_5;05-08-2024;20316451;-5;213.86
82110;Welkom_5;05-08-2024;20316204;-5;4
81078;Welkom_5;05-08-2024;20315453;-5;11.97
84995;Welkom_5;05-08-2024;20316758;-5;79.92
84645;Welkom_5;05-08-2024;20316717;-5;50.24
83802;Welkom_5;05-08-2024;20314993;-5;120.95
80877;Welkom_5;05-08-2024;20316733;-5;9.99
80962;Welkom_5;05-08-2024;20315602;-5;22.98
79628;Welkom_5;05-08-2024;20316295;-5;43.71
83831;Welkom_5;05-08-2024;20315222;-5;64.95
81382;Welkom_5;06-08-2024;20317129;-5;54.04
84450;Welkom_5;06-08-2024;20318705;-5;237.99
80625;Welkom_5;06-08-2024;20317756;-5;34.99
83447;Welkom_5;06-08-2024;20318515;-5;32.47
82322;Welkom_5;06-08-2024;20317285;-5;74.99
82731;Welkom_5;06-08-2024;20317814;-5;284.99
80018;Welkom_5;06-08-2024;20318671;-5;77.09
80814;Welkom_5;07-08-2024;20320339;-5;16.95
84846;Welkom_5;07-08-2024;20319216;-5;161.95
82430;Welkom_5;07-08-2024;20320917;-5;122.41
83091;Welkom_5;07-08-2024;20319745;-5;261.47
82566;Welkom_5;07-08-2024;20320925;-5;277.88
80473;Welkom_5;07-08-2024;20319802;-5;10.99
83043;Welkom_5;07-08-2024;20320610;-5;109.08
80052;Welkom_5;07-08-2024;20320347;-5;12.99
84889;Welkom_5;07-08-2024;20320487;-5;344.87
81570;Welkom_5;07-08-2024;20319836;-5;78.97
80655;Welkom_5;07-08-2024;20319810;-5;153.88
84558;Welkom_5;07-08-2024;20319554;-5;74.92
84925;Welkom_5;07-08-2024;20320131;-5;57.7
80842;Welkom_5;07-08-2024;20319141;-5;90.08
82725;Welkom_5;07-08-2024;20319646;-5;8.99
81703;Welkom_5;07-08-2024;20320503;-5;84.99
80966;Welkom_5;07-08-2024;20321139;-5;281.19
82807;Welkom_5;07-08-2024;20319877;-5;129
81417;Welkom_5;07-08-2024;20319398;-5;55.49
81673;Welkom_5;07-08-2024;20319547;-5;31.79
80861;Welkom_5;07-08-2024;20320735;-5;72.99
83739;Welkom_5;08-08-2024;20321683;-5;514.55
81047;Welkom_5;08-08-2024;20323291;-5;29.99
83956;Welkom_5;08-08-2024;20323333;-5;29.99
82434;Welkom_5;08-08-2024;20322848;-5;59.94
83855;Welkom_5;08-08-2024;20322756;-5;63.48
80668;Welkom_5;08-08-2024;20322780;-5;46.48
82367;Welkom_5;08-08-2024;20322079;-5;91.24
82563;Welkom_5;08-08-2024;20322673;-5;83.44
83409;Welkom_5;08-08-2024;20322350;-5;54.9
79994;Welkom_5;08-08-2024;20321816;-5;46.94
83184;Welkom_5;08-08-2024;20323127;-5;172.94
78522;Welkom_5;08-08-2024;20321634;-5;181.3
83862;Welkom_5;08-08-2024;20323077;-5;14.99
83911;Welkom_5;08-08-2024;20321451;-5;5.78
82983;Welkom_5;08-08-2024;20322814;-5;88.18
83059;Welkom_5;08-08-2024;20322244;-5;22.49
82561;Welkom_5;08-08-2024;20323119;-5;227.52
80944;Welkom_5;08-08-2024;20323150;-5;98.58
83325;Welkom_5;08-08-2024;20321345;-5;145.48
80212;Welkom_5;08-08-2024;20322376;-5;27.49
84249;Welkom_5;08-08-2024;20322574;-5;194.99
82889;Welkom_5;08-08-2024;20322509;-5;16.49
80023;Welkom_5;08-08-2024;20323234;-5;1.79
82102;Welkom_5;08-08-2024;20323101;-5;80.83
80458;Welkom_5;08-08-2024;20321378;-5;82.48
82332;Welkom_5;08-08-2024;20322582;-5;294.98
81508;Welkom_5;08-08-2024;20322640;-5;1.29
84337;Welkom_5;08-08-2024;20321311;-5;10
83379;Welkom_5;08-08-2024;20322707;-5;29.49
84210;Welkom_5;08-08-2024;20321907;-5;19.98
80632;Welkom_5;08-08-2024;20322368;-5;50
82574;Welkom_5;09-08-2024;20323614;-5;165.94
81734;Welkom_5;09-08-2024;20324257;-5;206.83
81122;Welkom_5;09-08-2024;20324042;-5;68.97
81125;Welkom_5;09-08-2024;20323713;-5;136.34
80751;Welkom_5;09-08-2024;20324646;-5;74.99
78884;Welkom_5;09-08-2024;20325163;-5;220.59
80830;Welkom_5;09-08-2024;20324026;-5;214.97
81153;Welkom_5;09-08-2024;20325650;-5;250.77
83683;Welkom_5;09-08-2024;20324836;-5;34.66
84055;Welkom_5;09-08-2024;20325635;-5;12.99
82525;Welkom_5;09-08-2024;20325288;-5;22.37
82631;Welkom_5;09-08-2024;20323556;-5;473.36
84879;Welkom_5;09-08-2024;20324174;-5;62.94
81381;Welkom_5;09-08-2024;20325049;-5;53.92
82842;Welkom_5;09-08-2024;20323994;-5;31.6
81017;Welkom_5;09-08-2024;20324091;-5;64.99
82262;Welkom_5;09-08-2024;20324455;-5;106.93
82006;Welkom_5;09-08-2024;20323697;-5;163.93
80617;Welkom_5;09-08-2024;20324166;-5;155.73
81875;Welkom_5;09-08-2024;20323580;-5;86.14
83264;Welkom_5;09-08-2024;20403861;-5;277.89
81908;Welkom_5;09-08-2024;20324364;-5;134.98
81114;Welkom_5;09-08-2024;20324133;-5;6.19
82721;Welkom_5;09-08-2024;20325866;-5;110.88
84651;Welkom_5;09-08-2024;20323747;-5;130.11
78888;Welkom_5;09-08-2024;20325817;-5;181.96
80171;Welkom_5;09-08-2024;20325353;-5;88.22
80808;Welkom_5;09-08-2024;20324349;-5;7.98
80867;Welkom_5;09-08-2024;20325783;-5;194.98
81212;Welkom_5;09-08-2024;20324554;-5;2.49
82779;Welkom_5;09-08-2024;20325932;-5;733.2
80662;Welkom_5;09-08-2024;20325775;-5;106.99
82948;Welkom_5;10-08-2024;20327474;-5;296.96
81853;Welkom_5;10-08-2024;20327110;-5;1214.99
80651;Welkom_5;10-08-2024;20327235;-5;58.12
82242;Welkom_5;10-08-2024;20327847;-5;204.88
84054;Welkom_5;10-08-2024;20327870;-5;190.48
77414;Welkom_5;10-08-2024;20326302;-5;39.99
83518;Welkom_5;10-08-2024;20326526;-5;17.67
82347;Welkom_5;10-08-2024;20404083;-5;148.94
83712;Welkom_5;10-08-2024;20327326;-5;9.99
82868;Welkom_5;10-08-2024;20404026;-5;429.63
84815;Welkom_5;10-08-2024;20326534;-5;32.98
82042;Welkom_5;10-08-2024;20326229;-5;74.99
81045;Welkom_5;10-08-2024;20326336;-5;57.98
82715;Welkom_5;10-08-2024;20326963;-5;184.62
84634;Welkom_5;10-08-2024;20327946;-5;25.58
81445;Welkom_5;10-08-2024;20326757;-5;180.47
81889;Welkom_5;10-08-2024;20326708;-5;36.99
84265;Welkom_5;10-08-2024;20327672;-5;43.15
80162;Welkom_5;11-08-2024;20329777;-5;47.93
80424;Welkom_5;11-08-2024;20404588;-5;512.5
83811;Welkom_5;11-08-2024;20329348;-5;7.99
81266;Welkom_5;11-08-2024;20329876;-5;88.45
81469;Welkom_5;11-08-2024;20329223;-5;197.97
82941;Welkom_5;11-08-2024;20329447;-5;30.98
82301;Welkom_5;11-08-2024;20329702;-5;404.43
82847;Welkom_5;11-08-2024;20330106;-5;13.89
80435;Welkom_5;11-08-2024;20329504;-5;168.61
82216;Welkom_5;11-08-2024;20329769;-5;51.94
78162;Welkom_5;11-08-2024;20329157;-5;42.96
84005;Welkom_5;11-08-2024;20329942;-5;15.85
83988;Welkom_5;11-08-2024;20329850;-5;7.2
83628;Welkom_5;11-08-2024;20329496;-5;60.19
83396;Welkom_5;11-08-2024;20329231;-5;109.97
80108;Welkom_5;11-08-2024;20329553;-5;82.48
83883;Welkom_5;11-08-2024;20329389;-5;102.61
82944;Welkom_5;11-08-2024;20329058;-5;224.94
82057;Welkom_5;11-08-2024;20329967;-5;1.5
80367;Welkom_5;11-08-2024;20329645;-5;40.45
80290;Welkom_5;11-08-2024;20329637;-5;171.65
82109;Welkom_5;11-08-2024;20329744;-5;42.98
83131;Welkom_5;11-08-2024;20329082;-4.99;0
80195;Welkom_5;11-08-2024;20329512;-5;102.99
82628;Welkom_5;11-08-2024;20330023;-5;20.98
84981;Welkom_5;11-08-2024;20329710;-5;74.9
84700;Welkom_5;11-08-2024;20329470;-5;39.23
83123;Welkom_5;11-08-2024;20404596;-5;66.29
80716;Welkom_5;12-08-2024;20330569;-5;82.49
80722;Welkom_5;12-08-2024;20330940;-5;56.97
82055;Welkom_5;12-08-2024;20331385;-5;3.24
80911;Welkom_5;12-08-2024;20331799;-5;24.65
80415;Welkom_5;12-08-2024;20332326;-5;241.93
83968;Welkom_5;12-08-2024;20330346;-5;13.88
84975;Welkom_5;12-08-2024;20331823;-5;70.96
77813;Welkom_5;12-08-2024;20331427;-5;286.94
80404;Welkom_5;12-08-2024;20330221;-5;128.74
78063;Welkom_5;12-08-2024;20332284;-5;0.38
83361;Welkom_5;12-08-2024;20330692;-5;34.99
80422;Welkom_5;12-08-2024;20330643;-5;70.03
78164;Welkom_5;12-08-2024;20330387;-5;21.49
80926;Welkom_5;12-08-2024;20331203;-5;87.98
80376;Welkom_5;12-08-2024;20330700;-5;99.95
84779;Welkom_5;12-08-2024;20330312;-5;6.7
81942;Welkom_5;12-08-2024;20330577;-5;107.98
82051;Welkom_5;12-08-2024;20330460;-5;211.98
82867;Welkom_5;12-08-2024;20331807;-5;40.22
82198;Welkom_5;12-08-2024;20330320;-5;144.98
81741;Welkom_5;12-08-2024;20331120;-5;94.98
81217;Welkom_5;12-08-2024;20330544;-5;30.98
83850;Welkom_5;12-08-2024;13791;-5;34.99
83566;Welkom_5;12-08-2024;20331864;-5;227.91
83852;Welkom_5;12-08-2024;20331393;-5;54.99
80538;Welkom_5;12-08-2024;20330262;-5;50.8
81450;Welkom_5;12-08-2024;20330825;-5;26.49
82337;Welkom_5;12-08-2024;20330254;-5;280.36
82267;Welkom_5;12-08-2024;20330585;-5;22.99
80424;Welkom_5;12-08-2024;20330429;-5;53.5
84835;Welkom_5;13-08-2024;20332615;-5;64.95
77439;Welkom_5;13-08-2024;20332672;-5;8.99
80267;Welkom_5;13-08-2024;20332839;-5;93.41
81809;Welkom_5;13-08-2024;20333696;-5;33.99
84587;Welkom_5;13-08-2024;20333480;-5;82.17
83074;Welkom_5;13-08-2024;20332920;-5;42.43
83970;Welkom_5;13-08-2024;20333357;-5;149.95
82801;Welkom_5;13-08-2024;20332896;-5;162.45
83946;Welkom_5;13-08-2024;20334025;-5;126.67
84391;Welkom_5;13-08-2024;20332888;-5;12.99
82569;Welkom_5;13-08-2024;20333183;-5;45.93
83736;Welkom_5;13-08-2024;20333837;-5;6.99
77344;Welkom_5;13-08-2024;20333555;-5;244
83147;Welkom_5;13-08-2024;20333134;-5;37.94
83372;Welkom_5;13-08-2024;20333100;-5;160.19
83424;Welkom_5;13-08-2024;20333548;-5;45
84258;Welkom_5;13-08-2024;20333340;-5;80.49
84328;Welkom_5;13-08-2024;20332771;-5;192.31
84735;Welkom_5;13-08-2024;20333514;-5;29.45
82435;Welkom_5;13-08-2024;20334132;-5;181.83
80313;Welkom_5;13-08-2024;20332706;-5;76.15
83422;Welkom_5;13-08-2024;20334041;-5;128.06
81295;Welkom_5;13-08-2024;20333142;-5;15.99
79801;Welkom_5;13-08-2024;20332623;-5;78.95
84499;Welkom_5;14-08-2024;20334926;-5;45.49
83656;Welkom_5;14-08-2024;20334918;-5;189.46
83834;Welkom_5;14-08-2024;20336178;-5;144.95
77071;Welkom_5;14-08-2024;20335162;-5;2.99
81911;Welkom_5;14-08-2024;20334884;-5;244.99
80181;Welkom_5;14-08-2024;20335766;-5;9.99
82601;Welkom_5;14-08-2024;20334850;-5;61.48
82922;Welkom_5;14-08-2024;20335881;-5;54.99
79330;Welkom_5;14-08-2024;20335899;-5;64.95
81894;Welkom_5;14-08-2024;20334892;-5;52.53
80742;Welkom_5;14-08-2024;20336335;-5;111.59
82705;Welkom_5;15-08-2024;20338018;-5;12.99
84997;Welkom_5;15-08-2024;20338414;-5;60.66
83377;Welkom_5;15-08-2024;20336962;-5;13.99
84541;Welkom_5;15-08-2024;20338042;-5;10.49
80758;Welkom_5;15-08-2024;20338166;-5;59.99
83744;Welkom_5;15-08-2024;20405155;-5;3.75
77394;Welkom_5;15-08-2024;20337630;-5;7.58
84008;Welkom_5;15-08-2024;20336772;-5;39.99
80394;Welkom_5;15-08-2024;20405098;-5;114.99
84206;Welkom_5;15-08-2024;20337408;-5;40.15
78555;Welkom_5;15-08-2024;20337556;-5;105.98
84233;Welkom_5;15-08-2024;20405015;-5;391.42
80215;Welkom_5;15-08-2024;20337747;-5;132.24
78673;Welkom_5;15-08-2024;20337135;-5;194.97
84435;Welkom_5;15-08-2024;20336996;-5;0.5
81728;Welkom_5;15-08-2024;20336814;-5;15.99
81655;Welkom_5;15-08-2024;20404992;-5;66
80702;Welkom_5;15-08-2024;20405064;-5;13.45
84015;Welkom_5;15-08-2024;20338380;-5;128.44
83405;Welkom_5;15-08-2024;20337655;-5;49.99
83508;Welkom_5;15-08-2024;20336830;-5;36.99
78706;Welkom_5;15-08-2024;20338000;-5;32.57
84207;Welkom_5;15-08-2024;20405130;-5;324.47
83630;Welkom_5;15-08-2024;20337168;-5;121.01
82621;Welkom_5;15-08-2024;20338216;-5;9.99
80490;Welkom_5;15-08-2024;20337796;-5;16
84492;Welkom_5;15-08-2024;20337952;-5;23.98
83040;Welkom_5;15-08-2024;20337200;-5;133.95
80410;Welkom_5;15-08-2024;20404869;-5;71.9
84792;Welkom_5;15-08-2024;20338091;-5;221.48
80303;Welkom_5;15-08-2024;20338299;-5;85.89
81934;Welkom_5;15-08-2024;20338083;-5;768.01
81539;Welkom_5;15-08-2024;20337069;-5;63.02
83955;Welkom_5;15-08-2024;20337010;-5;194.98
81343;Welkom_5;15-08-2024;20336699;-5;63.96
83603;Welkom_5;15-08-2024;20336905;-5;194.96
81701;Welkom_5;15-08-2024;20336954;-5;282.46
80605;Welkom_5;15-08-2024;13801;-5;144.99
83993;Welkom_5;15-08-2024;20337242;-5;3.98
84007;Welkom_5;16-08-2024;20339826;-5;9.94
83463;Welkom_5;16-08-2024;20340600;-5;102.98
82460;Welkom_5;16-08-2024;20339453;-5;113.35
80399;Welkom_5;16-08-2024;20338992;-5;192.52
78959;Welkom_5;16-08-2024;20339743;-5;116.48
84167;Welkom_5;16-08-2024;20338646;-5;100.38
84870;Welkom_5;16-08-2024;20339461;-5;140.42
83397;Welkom_5;16-08-2024;20339610;-5;118.45
83051;Welkom_5;16-08-2024;20339586;-5;729.66
80341;Welkom_5;16-08-2024;20340071;-5;79.98
83933;Welkom_5;16-08-2024;20339206;-5;97.98
82144;Welkom_5;16-08-2024;20340287;-5;229.75
84031;Welkom_5;16-08-2024;20340162;-5;71.98
83761;Welkom_5;16-08-2024;20340303;-5;11.16
81074;Welkom_5;16-08-2024;20405361;-5;21.97
84381;Welkom_5;16-08-2024;20405247;-5;74.7
80856;Welkom_5;16-08-2024;20339719;-5;22.6
82552;Welkom_5;16-08-2024;20340246;-5;107.97
78102;Welkom_5;16-08-2024;20340154;-5;133.16
84217;Welkom_5;16-08-2024;20339313;-5;53.98
80671;Welkom_5;16-08-2024;20339420;-5;155.29
80752;Welkom_5;16-08-2024;20340196;-5;135.34
82354;Welkom_5;16-08-2024;20339560;-5;6.49
83454;Welkom_5;16-08-2024;20405262;-5;209.99
81787;Welkom_5;16-08-2024;20340055;-5;52.97
83880;Welkom_5;16-08-2024;20340113;-5;11.59
81441;Welkom_5;16-08-2024;20340527;-5;221.62
79931;Welkom_5;16-08-2024;20339123;-5;51.79
80827;Welkom_5;16-08-2024;20339628;-5;75.97
80097;Welkom_5;16-08-2024;20339768;-5;373.02
82000;Welkom_5;16-08-2024;20339339;-5;386.49
82522;Welkom_5;17-08-2024;20406104;-5;389.16
81080;Welkom_5;17-08-2024;20405643;-5;275.15
83670;Welkom_5;17-08-2024;20406005;-5;56
81184;Welkom_5;17-08-2024;20342804;-5;106.77
81845;Welkom_5;17-08-2024;20342101;-5;8.9
80640;Welkom_5;17-08-2024;20406054;-5;360.06
81041;Welkom_5;17-08-2024;20405882;-5;87.53
82304;Welkom_5;17-08-2024;20342051;-5;1.95
81158;Welkom_5;17-08-2024;20405791;-5;385.05
83662;Welkom_5;17-08-2024;20342648;-5;73.42
82208;Welkom_5;17-08-2024;20341475;-5;237.51
81244;Welkom_5;17-08-2024;20405759;-5;84.99
80836;Welkom_5;17-08-2024;20405890;-5;126.55
77739;Welkom_5;17-08-2024;20405999;-5;38.98
81661;Welkom_5;17-08-2024;20341749;-5;253.54
81136;Welkom_5;17-08-2024;20341590;-5;26.21
83607;Welkom_5;17-08-2024;20406021;-5;14.94
77758;Welkom_5;17-08-2024;20342226;-5;64.3
80596;Welkom_5;17-08-2024;20342283;-5;98.36
80109;Welkom_5;17-08-2024;20341251;-5;65.39
84583;Welkom_5;17-08-2024;20406047;-5;13.45
82620;Welkom_5;17-08-2024;20405841;-5;43.47
83170;Welkom_5;17-08-2024;20343075;-5;30.99
83994;Welkom_5;17-08-2024;20405676;-5;66.97
81903;Welkom_5;18-08-2024;20344271;-5;24.28
81016;Welkom_5;18-08-2024;20343349;-5;247.11
81001;Welkom_5;18-08-2024;20344255;-5;57.47
82457;Welkom_5;18-08-2024;20344206;-5;139.97
83288;Welkom_5;18-08-2024;20344008;-5;356.38
84715;Welkom_5;18-08-2024;20344362;-5;336.4
77499;Welkom_5;18-08-2024;20344339;-5;173.62
81512;Welkom_5;18-08-2024;20344420;-5;129
83458;Welkom_5;18-08-2024;20344313;-5;384.69
81447;Welkom_5;18-08-2024;20343422;-5;238.48
82504;Welkom_5;18-08-2024;20343653;-5;3.99
81174;Welkom_5;18-08-2024;20344479;-5;32.18
77009;Welkom_5;18-08-2024;20343661;-5;472.2
82766;Welkom_5;18-08-2024;20344370;-5;34.99
84775;Welkom_5;18-08-2024;20344222;-5;254.59
83859;Welkom_5;18-08-2024;20344214;-5;24.99
83252;Welkom_5;18-08-2024;20343380;-5;131.51
82461;Welkom_5;18-08-2024;20344636;-5;58.94
81645;Welkom_5;18-08-2024;20344172;-5;32.99
83904;Welkom_5;18-08-2024;20344552;-5;126.78
81053;Welkom_5;18-08-2024;20344305;-5;8.39
82866;Welkom_5;19-08-2024;20345302;-5;142.03
81106;Welkom_5;19-08-2024;20345112;-5;80.49
82640;Welkom_5;19-08-2024;20346284;-5;43.95
80281;Welkom_5;19-08-2024;20345583;-5;189
81562;Welkom_5;19-08-2024;20346185;-5;15.78
82281;Welkom_5;19-08-2024;20345229;-5;263.34
83830;Welkom_5;19-08-2024;20346789;-5;7.59
80222;Welkom_5;19-08-2024;20344859;-5;20.98
82828;Welkom_5;19-08-2024;20345989;-5;219.93
81775;Welkom_5;19-08-2024;20345237;-5;31.05
82411;Welkom_5;19-08-2024;20345559;-5;41.83
83111;Welkom_5;19-08-2024;20345872;-5;38.18
83350;Welkom_5;19-08-2024;20345021;-5;187.4
80860;Welkom_5;19-08-2024;20345815;-5;133.31
83846;Welkom_5;19-08-2024;20345526;-5;59.99
80262;Welkom_5;19-08-2024;20345591;-5;80.51
81497;Welkom_5;19-08-2024;20346490;-5;136.95
83520;Welkom_5;19-08-2024;20346797;-5;137.22
80014;Welkom_5;19-08-2024;20345385;-5;6.5
82482;Welkom_5;19-08-2024;20346458;-5;28.94
82153;Welkom_5;19-08-2024;20345708;-5;31.73
84961;Welkom_5;19-08-2024;20345260;-5;46.77
83827;Welkom_5;19-08-2024;20345104;-5;76.8
84059;Welkom_5;19-08-2024;20346573;-5;57.99
83533;Welkom_5;19-08-2024;20346631;-5;106.99
80263;Welkom_5;19-08-2024;20345856;-5;474.88
81111;Welkom_5;19-08-2024;20345682;-5;28.48
81588;Welkom_5;19-08-2024;20346045;-5;16.93
78099;Welkom_5;19-08-2024;20344842;-5;94.45
81186;Welkom_5;19-08-2024;20344834;-5;27.37
84923;Welkom_5;19-08-2024;20345211;-5;525.82
80124;Welkom_5;19-08-2024;20345153;-5;370.87
82225;Welkom_5;19-08-2024;20346110;-5;123.92
84062;Welkom_5;19-08-2024;20345294;-5;50.82
82327;Welkom_5;19-08-2024;20345476;-5;36.48
81495;Welkom_5;19-08-2024;20345930;-5;75.99
80817;Welkom_5;19-08-2024;20346771;-5;180.78
84918;Welkom_5;19-08-2024;20346698;-5;133.36
80306;Welkom_5;19-08-2024;20345674;-5;52.64
81895;Welkom_5;19-08-2024;20344982;-5;544
84696;Welkom_5;19-08-2024;20346680;-5;32.82
84330;Welkom_5;19-08-2024;20345377;-5;119.99
83207;Welkom_5;19-08-2024;20345567;-5;34.99
83107;Welkom_5;19-08-2024;20345245;-5;110.67
83249;Welkom_5;20-08-2024;20347449;-5;48.98
84759;Welkom_5;20-08-2024;20347415;-5;40.89
80327;Welkom_5;20-08-2024;20348348;-5;81.96
81176;Welkom_5;20-08-2024;20347118;-5;160.55
78957;Welkom_5;20-08-2024;20347225;-5;83.95
83281;Welkom_5;20-08-2024;20348595;-5;252.17
83215;Welkom_5;20-08-2024;20347845;-5;150.96
80157;Welkom_5;20-08-2024;20347951;-5;46.92
81579;Welkom_5;20-08-2024;13822;-5;1434.95
83317;Welkom_5;20-08-2024;20347969;-5;38.89
81938;Welkom_5;21-08-2024;20349973;-5;21.99
80475;Welkom_5;21-08-2024;20349072;-5;145.96
84603;Welkom_5;21-08-2024;20350492;-5;53.18
83894;Welkom_5;21-08-2024;13826;-5;22.02
84026;Welkom_5;21-08-2024;20349577;-5;158.93
82162;Welkom_5;21-08-2024;20350443;-5;61.25
81067;Welkom_5;21-08-2024;20349551;-5;57.99
79569;Welkom_5;21-08-2024;20350377;-5;-5
80815;Welkom_5;21-08-2024;20349171;-5;67.69
84552;Welkom_5;21-08-2024;20350468;-5;80.99
84333;Welkom_5;21-08-2024;20350245;-5;62.98
80047;Welkom_5;21-08-2024;20350104;-5;75.92
80645;Welkom_5;22-08-2024;20351581;-5;36.64
81705;Welkom_5;22-08-2024;20351342;-5;30.99
84584;Welkom_5;22-08-2024;20351532;-5;30.19
84853;Welkom_5;22-08-2024;20406492;-5;37.77
83948;Welkom_5;22-08-2024;20352282;-5;57.99
84777;Welkom_5;22-08-2024;20351482;-5;7.55
83669;Welkom_5;22-08-2024;20351425;-5;6.99
83938;Welkom_5;22-08-2024;20351920;-5;22
81830;Welkom_5;22-08-2024;20351169;-5;109.89
81623;Welkom_5;22-08-2024;20351615;-5;85.48
83029;Welkom_5;22-08-2024;20351789;-5;291.99
81260;Welkom_5;22-08-2024;20352530;-5;22.97
80242;Welkom_5;22-08-2024;20351680;-5;12.08
80312;Welkom_5;22-08-2024;20406419;-5;167.97
82338;Welkom_5;22-08-2024;20406286;-5;34.99
80990;Welkom_5;22-08-2024;20406534;-5;135.13
80552;Welkom_5;22-08-2024;20406526;-5;515.99
80591;Welkom_5;22-08-2024;20352373;-5;144.47
77187;Welkom_5;22-08-2024;20352506;-5;40.48
80378;Welkom_5;22-08-2024;20351136;-5;327.93
80488;Welkom_5;22-08-2024;20406393;-5;76.37
82968;Welkom_5;22-08-2024;20351441;-5;77.42
81165;Welkom_5;22-08-2024;20352209;-5;84.99
84121;Welkom_5;22-08-2024;20352258;-5;77.36
81693;Welkom_5;22-08-2024;20352498;-5;0.5
84285;Welkom_5;22-08-2024;20352001;-5;7.59
80030;Welkom_5;22-08-2024;20351805;-5;89.99
77029;Welkom_5;22-08-2024;20351177;-5;279.99
84673;Welkom_5;22-08-2024;20351714;-5;51.93
84373;Welkom_5;22-08-2024;20351417;-5;30.04
78608;Welkom_5;22-08-2024;20351334;-5;429
80180;Welkom_5;22-08-2024;20351250;-5;49
83294;Welkom_5;22-08-2024;20351896;-5;10.98
81102;Welkom_5;22-08-2024;20352134;-5;30.08
80990;Welkom_5;22-08-2024;20406575;-5;131.63
84761;Welkom_5;22-08-2024;20351383;-5;156.43
83096;Welkom_5;22-08-2024;20351870;-5;14.49
82675;Welkom_5;22-08-2024;20351110;-5;25.98
83007;Welkom_5;22-08-2024;20351656;-5;250.92
84103;Welkom_5;23-08-2024;20353793;-5;0
80148;Welkom_5;23-08-2024;20354080;-5;145.83
80476;Welkom_5;23-08-2024;20354510;-5;190.76
80092;Welkom_5;23-08-2024;20353165;-5;26.74
79923;Welkom_5;23-08-2024;20354346;-5;91.98
80471;Welkom_5;23-08-2024;20353611;-5;204.83
81635;Welkom_5;23-08-2024;20353140;-5;431.95
83101;Welkom_5;23-08-2024;20354031;-5;224.88
80356;Welkom_5;23-08-2024;20354411;-5;7.58
81811;Welkom_5;23-08-2024;20353934;-5;119.71
82175;Welkom_5;23-08-2024;20406831;-5;25.65
84229;Welkom_5;23-08-2024;20354353;-5;75.99
82567;Welkom_5;23-08-2024;20353678;-5;13.49
84103;Welkom_5;23-08-2024;20353652;-5;135.73
82821;Welkom_5;23-08-2024;20353660;-5;52.99
84640;Welkom_5;23-08-2024;20354528;-5;26.99
82903;Welkom_5;23-08-2024;20354874;-5;174.52
81733;Welkom_5;23-08-2024;20353819;-5;51.49
77823;Welkom_5;23-08-2024;20354387;-5;69.99
81733;Welkom_5;23-08-2024;20353835;-5;51.49
82740;Welkom_5;23-08-2024;20354858;-5;46.43
83109;Welkom_5;23-08-2024;20353868;-5;375.43
81838;Welkom_5;23-08-2024;20353728;-5;191.96
83657;Welkom_5;23-08-2024;20406815;-5;202.96
83553;Welkom_5;23-08-2024;20353686;-5;309.36
81724;Welkom_5;23-08-2024;20353496;-5;334.97
84893;Welkom_5;23-08-2024;20354361;-5;57.36
81580;Welkom_5;23-08-2024;20354965;-5;226.58
82565;Welkom_5;23-08-2024;20354015;-5;64.38
84353;Welkom_5;24-08-2024;20356895;-5;96.29
83843;Welkom_5;24-08-2024;20356648;-5;113.54
80768;Welkom_5;24-08-2024;20357679;-5;91.47
80757;Welkom_5;24-08-2024;20357554;-5;88.78
80478;Welkom_5;24-08-2024;20355616;-5;252.98
83559;Welkom_5;24-08-2024;20355244;-5;439.98
81542;Welkom_5;24-08-2024;20357141;-5;103.98
80335;Welkom_5;24-08-2024;20407185;-5;86.98
81761;Welkom_5;24-08-2024;20356143;-5;54.96
84416;Welkom_5;24-08-2024;20357331;-5;135
80384;Welkom_5;24-08-2024;20407110;-5;38.18
80697;Welkom_5;24-08-2024;20357463;-5;374.98
82013;Welkom_5;24-08-2024;20356119;-5;770.99
82603;Welkom_5;24-08-2024;20356457;-5;36.53
80896;Welkom_5;24-08-2024;20356531;-5;69.97
84391;Welkom_5;24-08-2024;20355251;-5;5.49
83570;Welkom_5;24-08-2024;20407326;-5;383.28
84079;Welkom_5;24-08-2024;20355400;-5;217.47
83363;Welkom_5;24-08-2024;20355681;-5;924.74
83072;Welkom_5;24-08-2024;20407441;-5;239.58
83549;Welkom_5;24-08-2024;20357968;-5;218.98
83136;Welkom_5;24-08-2024;20356036;-5;30.98
81747;Welkom_5;24-08-2024;20355319;-5;78.98
81899;Welkom_5;24-08-2024;20356168;-5;36.44
84460;Welkom_5;24-08-2024;20355806;-5;250.74
83334;Welkom_5;24-08-2024;20407433;-5;50.99
83651;Welkom_5;24-08-2024;20407375;-5;144.33
82758;Welkom_5;24-08-2024;20357505;-5;68.38
81997;Welkom_5;24-08-2024;20357851;-5;90.27
80708;Welkom_5;24-08-2024;20356911;-5;112.47
84707;Welkom_5;24-08-2024;20407359;-5;92.4
81240;Welkom_5;24-08-2024;20355475;-5;30.49
82272;Welkom_5;24-08-2024;20357547;-5;81.98
80060;Welkom_5;24-08-2024;20357174;-5;57.99
77802;Welkom_5;24-08-2024;20407367;-5;432.89
84219;Welkom_5;24-08-2024;20356945;-5;90.94
84087;Welkom_5;24-08-2024;20407300;-5;236.12
80406;Welkom_5;24-08-2024;20355061;-5;75.99
77889;Welkom_5;24-08-2024;20357497;-5;15.68
82477;Welkom_5;24-08-2024;20355780;-5;24.65
83436;Welkom_5;24-08-2024;20356853;-5;82.48
84306;Welkom_5;25-08-2024;20358743;-5;458.37
81387;Welkom_5;25-08-2024;20358438;-5;70.48
83362;Welkom_5;25-08-2024;20358610;-5;27.68
78064;Welkom_5;25-08-2024;20358131;-5;207.58
84006;Welkom_5;25-08-2024;13848;-5;9.5
71419;Welkom_5;25-08-2024;20359766;-5;94.98
81862;Welkom_5;25-08-2024;20358701;-5;414.79
78745;Welkom_5;25-08-2024;20359782;-5;31.78
80459;Welkom_5;26-08-2024;20360244;-5;101.37
82016;Welkom_5;26-08-2024;20361762;-2.99;0
82598;Welkom_5;26-08-2024;20361192;-5;119.84
80539;Welkom_5;26-08-2024;20360889;-5;57.5
84598;Welkom_5;26-08-2024;20361903;-5;36.32
81881;Welkom_5;26-08-2024;20360616;-5;71.46
81997;Welkom_5;26-08-2024;20360566;-5;10.8
82450;Welkom_5;26-08-2024;20360624;-5;7.59
83694;Welkom_5;26-08-2024;20361283;-5;85.41
81377;Welkom_5;26-08-2024;20361820;-5;140.94
83524;Welkom_5;26-08-2024;20360814;-5;76.39
82770;Welkom_5;26-08-2024;20360111;-5;1837.17
80472;Welkom_5;26-08-2024;20360798;-5;19.99
83784;Welkom_5;26-08-2024;20361937;-5;140.47
83489;Welkom_5;26-08-2024;13854;-5;94.95
78366;Welkom_5;26-08-2024;20360228;-5;19.26
82714;Welkom_5;26-08-2024;20360251;-5;5.79
83171;Welkom_5;26-08-2024;20360681;-5;36.2
82650;Welkom_5;26-08-2024;20361267;-5;39.82
82515;Welkom_5;26-08-2024;20360079;-5;114.26
83545;Welkom_5;26-08-2024;20359857;-5;154.99
81312;Welkom_5;26-08-2024;20360301;-5;3.99
84551;Welkom_5;26-08-2024;20361846;-5;90.99
84092;Welkom_5;26-08-2024;20361614;-5;94.95
78030;Welkom_5;26-08-2024;20360087;-5;5.99
83443;Welkom_5;26-08-2024;20361457;-5;35.49
80800;Welkom_5;26-08-2024;20359840;-5;39.99
83457;Welkom_5;26-08-2024;20360939;-5;15.17
82471;Welkom_5;26-08-2024;20359998;-5;109.97
82263;Welkom_5;26-08-2024;20360533;-5;132.67
80460;Welkom_5;26-08-2024;20361663;-5;341.33
82810;Welkom_5;26-08-2024;20361150;-5;101.22
82537;Welkom_5;26-08-2024;20361259;-5;19.69
81259;Welkom_5;26-08-2024;20360343;-5;83.91
84124;Welkom_5;26-08-2024;20360186;-5;10.28
84241;Welkom_5;26-08-2024;20359949;-5;34.99
80785;Welkom_5;26-08-2024;20360434;-5;74.99
79369;Welkom_5;26-08-2024;20360962;-5;43.99
81238;Welkom_5;26-08-2024;20361291;-5;20.18
80004;Welkom_5;26-08-2024;20360269;-5;8
83480;Welkom_5;26-08-2024;20361523;-5;28.99
83158;Welkom_5;26-08-2024;20361507;-5;3.99
80059;Welkom_5;26-08-2024;20359873;-5;92.98
80621;Welkom_5;26-08-2024;20361564;-5;146.49
80545;Welkom_5;26-08-2024;20360483;-5;19.45
77281;Welkom_5;26-08-2024;20359915;-5;28.99
82084;Welkom_5;26-08-2024;20360905;-5;104.9
83668;Welkom_5;26-08-2024;20361325;-5;9.99
81551;Welkom_5;26-08-2024;13855;-5;69.99
84667;Welkom_5;26-08-2024;20361671;-5;13.66
84014;Welkom_5;26-08-2024;20361242;-5;214.99
81636;Welkom_5;26-08-2024;20361796;-5;137.51
82194;Welkom_5;26-08-2024;20360988;-5;59.81
81825;Welkom_5;26-08-2024;20361101;-5;80.08
82208;Welkom_5;26-08-2024;20359881;-5;80.88
83693;Welkom_5;26-08-2024;20361697;-5;133.46
83137;Welkom_5;26-08-2024;20360467;-5;238.98
82521;Welkom_5;26-08-2024;20360806;-5;74.97
90360;Welkom_5;27-08-2024;20362539;-5;493
93875;Welkom_5;27-08-2024;20363123;-5;2622.48
101467;Welkom_5;27-08-2024;20362588;-5;90.98
85545;Welkom_5;27-08-2024;20362489;-5;89.99
102645;Welkom_5;27-08-2024;20363107;-5;10
93043;Welkom_5;27-08-2024;20362943;-5;79.67
92328;Welkom_5;27-08-2024;20362521;-5;29.99
100433;Welkom_5;27-08-2024;20362349;-5;40
100610;Welkom_5;27-08-2024;20363206;-5;45.47
86339;Welkom_5;27-08-2024;20362786;-5;57.98
83819;Welkom_5;27-08-2024;13864;-5;94.98
96034;Welkom_5;27-08-2024;20362133;-5;119.97
82947;Welkom_5;27-08-2024;20362067;-5;32.4
97489;Welkom_5;27-08-2024;20362471;-5;153.16
103373;Welkom_5;27-08-2024;20362869;-5;65.49
108356;Welkom_5;27-08-2024;20362497;-5;2.99
95676;Welkom_5;27-08-2024;20362547;-5;29.99
103750;Welkom_5;28-08-2024;20364063;-5;107.97
86818;Welkom_5;28-08-2024;20364642;-5;29.14
99041;Welkom_5;28-08-2024;20364576;-5;108.37
102116;Welkom_5;28-08-2024;20364550;-5;819.95
89681;Welkom_5;28-08-2024;20364287;-5;459.85
81978;Welkom_5;28-08-2024;20364196;-5;279.98
91843;Welkom_5;28-08-2024;20364584;-5;75.99
92145;Welkom_5;28-08-2024;20364600;-5;142.15
106016;Welkom_5;28-08-2024;20364717;-5;15.97
91938;Welkom_5;29-08-2024;20365342;-5;243.44
91053;Welkom_5;29-08-2024;20365771;-5;12.99
98177;Welkom_5;29-08-2024;20366316;-5;27.42
98059;Welkom_5;29-08-2024;20365367;-5;69.99
90986;Welkom_5;29-08-2024;20365755;-5;21.95
95251;Welkom_5;29-08-2024;20366019;-5;20.64
104064;Welkom_5;29-08-2024;20366092;-5;342.95
95523;Welkom_5;29-08-2024;20365599;-5;74.44
84222;Welkom_5;29-08-2024;20365870;-5;92.97
72738;Welkom_5;29-08-2024;20365763;-5;26.99
90969;Welkom_5;29-08-2024;20365847;-5;162.3
95810;Welkom_5;29-08-2024;20365300;-5;122.99
94654;Welkom_5;29-08-2024;20407540;-5;46.73
100735;Welkom_5;29-08-2024;20366746;-5;7.72
96694;Welkom_5;29-08-2024;20407581;-5;123.79
105214;Welkom_5;29-08-2024;20407599;-5;26.93
98051;Welkom_5;29-08-2024;20365383;-5;38.96
82198;Welkom_5;29-08-2024;20365631;-5;71.96
99099;Welkom_5;29-08-2024;20407557;-5;15.99
109970;Welkom_5;29-08-2024;20365276;-5;31.47
94996;Welkom_5;29-08-2024;20366001;-5;279.97
81087;Welkom_5;29-08-2024;20366431;-5;2.19
101171;Welkom_5;29-08-2024;20366167;-5;27.32
82511;Welkom_5;29-08-2024;20366761;-5;189.5
86108;Welkom_5;29-08-2024;20366670;-5;215.32
106343;Welkom_5;29-08-2024;20366175;-5;1.5
77537;Welkom_5;29-08-2024;20366043;-5;10.75
86692;Welkom_5;29-08-2024;20366118;-5;113.36
101133;Welkom_5;29-08-2024;20365623;-5;22.99
104954;Welkom_5;29-08-2024;20365375;-5;8.49
102516;Welkom_5;30-08-2024;20367223;-5;31.87
90156;Welkom_5;30-08-2024;20367512;-5;25.95
109970;Welkom_5;30-08-2024;20368189;-5;9.38
93796;Welkom_5;30-08-2024;20367553;-5;48.92
100492;Welkom_5;30-08-2024;20367470;-5;43.99
108489;Welkom_5;30-08-2024;20367561;-5;84.58
94842;Welkom_5;30-08-2024;20367397;-3.74;0
84605;Welkom_5;30-08-2024;20367363;-5;284.4
91646;Welkom_5;30-08-2024;20367033;-5;80.84
94993;Welkom_5;30-08-2024;20366944;-5;40.67
81222;Welkom_5;30-08-2024;20367728;-5;86.99
80084;Welkom_5;30-08-2024;20368312;-5;17.49
88767;Welkom_5;30-08-2024;20368064;-5;52.98
90235;Welkom_5;30-08-2024;20368106;-5;176.54
87188;Welkom_5;30-08-2024;20368122;-5;124.99
80559;Welkom_5;30-08-2024;20367744;-5;170.03
99957;Welkom_5;30-08-2024;20368304;-5;70.9
93535;Welkom_5;30-08-2024;20367496;-5;56.99
107275;Welkom_5;30-08-2024;20368510;-5;134.98
109900;Welkom_5;30-08-2024;20367587;-5;37.26
104027;Welkom_5;30-08-2024;20367371;-2.49;0
99595;Welkom_5;30-08-2024;20368163;-5;265.29
104364;Welkom_5;30-08-2024;20368486;-5;4.89
94589;Welkom_5;30-08-2024;20367504;-5;24.75
85667;Welkom_5;30-08-2024;20368288;-5;4.89
88364;Welkom_5;30-08-2024;20368080;-5;89.99
88097;Welkom_5;30-08-2024;20368114;-5;169.82
84127;Welkom_5;31-08-2024;20368759;-5;73.48
100898;Welkom_5;31-08-2024;20369419;-5;20.64
101144;Welkom_5;31-08-2024;20369286;-5;59.37
89182;Welkom_5;31-08-2024;20369336;-5;306.95
96471;Welkom_5;31-08-2024;20370680;-5;39.5
101515;Welkom_5;31-08-2024;20369302;-5;207.82
88988;Welkom_5;31-08-2024;20369617;-5;92.98
91224;Welkom_5;31-08-2024;20370607;-5;71.25
108701;Welkom_5;31-08-2024;20369708;-5;39.5
89878;Welkom_5;31-08-2024;20369260;-5;336.47
101546;Welkom_5;31-08-2024;20369633;-5;2322.69
86264;Welkom_5;31-08-2024;20368932;-5;259.41
100955;Welkom_5;31-08-2024;20369229;-5;106.97
108597;Welkom_5;31-08-2024;20369005;-5;23.78
105259;Welkom_5;31-08-2024;20368999;-5;60.7
91888;Welkom_5;31-08-2024;20369799;-5;85.98
83827;Welkom_5;31-08-2024;20369187;-5;514.41
108437;Welkom_5;31-08-2024;20369039;-5;34.89
86565;Welkom_5;31-08-2024;20370227;-5;44.99
91329;Welkom_5;31-08-2024;20369252;-5;7.59
106586;Welkom_5;31-08-2024;20369716;-5;19.29
89427;Welkom_5;31-08-2024;20368908;-5;10
84882;Welkom_5;31-08-2024;20368973;-5;23.99
86452;Welkom_5;31-08-2024;20368866;-5;63.99
90812;Welkom_5;31-08-2024;20369468;-5;78.99
91516;Welkom_5;31-08-2024;20369856;-5;105
95932;Welkom_5;31-08-2024;20369658;-5;264
103638;Welkom_5;31-08-2024;20369138;-5;62.49
109101;Welkom_5;01-09-2024;20372033;-5;21.62
90220;Welkom_5;01-09-2024;20371415;-5;21.23
86912;Welkom_5;01-09-2024;20371456;-5;329.88
93782;Welkom_5;01-09-2024;20371860;-5;46.27
87583;Welkom_5;01-09-2024;20371910;-5;29.29
96376;Welkom_5;01-09-2024;20371753;-5;9.99
100346;Welkom_5;01-09-2024;20371175;-5;307.79
101699;Welkom_5;01-09-2024;20371928;-5;75.99
90134;Welkom_5;01-09-2024;20372066;-5;40.49
107481;Welkom_5;01-09-2024;20371779;-5;54.9
82048;Welkom_5;01-09-2024;20371688;-5;220.17
90351;Welkom_5;01-09-2024;20371852;-5;48.5
109737;Welkom_5;01-09-2024;20371761;-5;23.99
106246;Welkom_5;01-09-2024;20371548;-5;495.72
105510;Welkom_5;01-09-2024;20371936;-5;14.99
107723;Welkom_5;01-09-2024;20371530;-5;93.98
106375;Welkom_5;01-09-2024;20371449;-5;19.49
96005;Welkom_5;01-09-2024;20371316;-5;123.98
101227;Welkom_5;01-09-2024;20371613;-5;62.98
88702;Welkom_5;01-09-2024;20371373;-5;122.48
106144;Welkom_5;01-09-2024;13877;-5;131.94
97694;Welkom_5;01-09-2024;20371555;-5;19.95
104201;Welkom_5;02-09-2024;20372298;-5;74.12
85911;Welkom_5;02-09-2024;20372637;-5;20.15
94311;Welkom_5;02-09-2024;20373254;-5;40.89
96495;Welkom_5;02-09-2024;20372603;-5;52.58
86235;Welkom_5;02-09-2024;20372967;-5;334.98
82382;Welkom_5;02-09-2024;20372710;-5;39.99
104651;Welkom_5;02-09-2024;20372835;-5;99.96
102331;Welkom_5;02-09-2024;20372454;-5;52.43
104027;Welkom_5;02-09-2024;20372371;-2.51;50.48
106334;Welkom_5;02-09-2024;20372587;-5;18.9
105588;Welkom_5;02-09-2024;20372447;-5;8.95
93283;Welkom_5;02-09-2024;20372843;-5;20.98
102911;Welkom_5;02-09-2024;20372926;-5;59.98
98989;Welkom_5;02-09-2024;20372579;-5;29.97
106624;Welkom_5;02-09-2024;20372744;-5;20.48
109216;Welkom_5;02-09-2024;20372553;-5;78.06
88284;Welkom_5;02-09-2024;20372306;-5;179.98
95717;Welkom_5;02-09-2024;20373155;-5;68.54
101196;Welkom_5;02-09-2024;20372348;-5;47.44
91250;Welkom_5;03-09-2024;20374146;-5;245.33
99817;Welkom_5;03-09-2024;20373437;-5;21.65
81782;Welkom_5;03-09-2024;20373676;-5;113.13
88084;Welkom_5;03-09-2024;20374021;-5;245.44
101382;Welkom_5;04-09-2024;20375499;-5;49
104498;Welkom_5;04-09-2024;20375507;-5;90
88310;Welkom_5;04-09-2024;20375606;-5;142.98
83359;Welkom_5;04-09-2024;20375911;-5;88.14
95650;Welkom_5;04-09-2024;20375424;-5;305.33
84635;Welkom_5;04-09-2024;20374666;-5;49.75
98550;Welkom_5;04-09-2024;20376158;-5;137.23
95318;Welkom_5;04-09-2024;20375937;-5;194.99
104491;Welkom_5;04-09-2024;20375614;-5;11.16
87996;Welkom_5;05-09-2024;20376596;-5;21.95
83007;Welkom_5;05-09-2024;20376877;-5;66.95
108322;Welkom_5;05-09-2024;20376869;-5;23
101980;Welkom_5;05-09-2024;20376521;-5;27
92865;Welkom_5;05-09-2024;20376984;-5;122.98
108564;Welkom_5;05-09-2024;20376455;-5;44.97
87955;Welkom_5;05-09-2024;20377396;-5;52.18
101986;Welkom_5;05-09-2024;20376653;-5;76.2
95567;Welkom_5;05-09-2024;20376976;-5;137.07
87325;Welkom_5;05-09-2024;20376745;-5;3.99
80595;Welkom_5;05-09-2024;20376695;-5;51.22
92735;Welkom_5;05-09-2024;20376513;-5;23
92171;Welkom_5;05-09-2024;20376604;-5;20.64
95264;Welkom_5;05-09-2024;20377271;-5;54.59
89909;Welkom_5;05-09-2024;20377206;-5;20.64
97432;Welkom_5;05-09-2024;20377024;-5;79.98
97575;Welkom_5;05-09-2024;20377040;-5;5.37
81393;Welkom_5;05-09-2024;20377008;-5;179.47
89810;Welkom_5;05-09-2024;20377149;-5;54.98
108639;Welkom_5;05-09-2024;20376950;-5;33.23
87161;Welkom_5;05-09-2024;20377511;-5;12.48
98214;Welkom_5;05-09-2024;20377321;-5;6.69
109025;Welkom_5;05-09-2024;20377057;-5;259.89
82988;Welkom_5;05-09-2024;20376935;-5;124.99
102001;Welkom_5;05-09-2024;20377339;-5;95.37
95324;Welkom_5;06-09-2024;20377826;-5;77.48
91574;Welkom_5;06-09-2024;20378923;-5;74.98
106831;Welkom_5;06-09-2024;20378303;-5;98.48
105706;Welkom_5;06-09-2024;20379012;-5;32.98
99866;Welkom_5;06-09-2024;20378444;-5;114.99
103940;Welkom_5;06-09-2024;20379129;-5;58.87
93380;Welkom_5;06-09-2024;20378840;-5;42.27
87840;Welkom_5;06-09-2024;20379194;-5;284.69
96182;Welkom_5;06-09-2024;20378683;-5;284.9
81804;Welkom_5;06-09-2024;20378063;-5;107.05
90752;Welkom_5;06-09-2024;20378097;-5;24.97
99602;Welkom_5;06-09-2024;20379202;-5;32.98
104117;Welkom_5;06-09-2024;20378881;-5;19.78
86416;Welkom_5;06-09-2024;20379004;-5;27.64
94150;Welkom_5;06-09-2024;20378394;-5;74.99
84095;Welkom_5;06-09-2024;20377610;-5;20.1
99081;Welkom_5;06-09-2024;20378972;-5;155.99
103646;Welkom_5;06-09-2024;20378915;-5;5.79
85281;Welkom_5;06-09-2024;20378204;-5;577.94
86967;Welkom_5;06-09-2024;20378386;-5;39.92
85355;Welkom_5;06-09-2024;20378410;-5;58.96
107737;Welkom_5;07-09-2024;20379939;-5;110.48
88086;Welkom_5;07-09-2024;20381083;-5;16.18
98548;Welkom_5;07-09-2024;20379673;-5;118.17
97086;Welkom_5;07-09-2024;20380432;-5;63.36
105927;Welkom_5;07-09-2024;20380366;-5;206.56
83061;Welkom_5;07-09-2024;20379558;-5;4.5
95310;Welkom_5;07-09-2024;20380978;-5;104.48
108210;Welkom_5;08-09-2024;20382057;-5;51.68
91040;Welkom_5;08-09-2024;20381836;-5;164.03
84283;Welkom_5;08-09-2024;20382412;-5;7.74
105899;Welkom_5;08-09-2024;20382040;-5;509.25
86315;Welkom_5;08-09-2024;20382230;-5;169.33
100601;Welkom_5;08-09-2024;20381620;-5;134.99
90052;Welkom_5;08-09-2024;20381992;-5;34.99
88599;Welkom_5;08-09-2024;20381729;-5;108.96
106546;Welkom_5;08-09-2024;20381927;-5;17.46
108548;Welkom_5;08-09-2024;20382073;-5;45.98
96904;Welkom_5;08-09-2024;20381778;-5;60.9
93756;Welkom_5;08-09-2024;20382271;-5;118.59
101527;Welkom_5;08-09-2024;20381844;-5;30.03
99120;Welkom_5;08-09-2024;20382065;-5;57.96
100601;Welkom_5;08-09-2024;20381562;-5;365.01
101996;Welkom_5;08-09-2024;20381554;-5;188.97
100315;Welkom_5;08-09-2024;20382438;-5;44.56
84697;Welkom_5;09-09-2024;20382883;-5;69.94
91491;Welkom_5;09-09-2024;20382859;-5;20.4
91331;Welkom_5;09-09-2024;20383485;-5;84.99
99819;Welkom_5;09-09-2024;20382818;-5;121.92
85571;Welkom_5;09-09-2024;20383055;-5;75.99
91381;Welkom_5;09-09-2024;20383477;-5;138.07
101461;Welkom_5;09-09-2024;20382933;-5;394.9
88116;Welkom_5;09-09-2024;20383022;-5;18
96980;Welkom_5;09-09-2024;20383535;-5;32.97
108711;Welkom_5;09-09-2024;20382537;-5;7.99
96833;Welkom_5;09-09-2024;20382719;-5;4.99
85929;Welkom_5;09-09-2024;20382511;-5;9.99
90606;Welkom_5;09-09-2024;20383220;-5;37.5
84154;Welkom_5;09-09-2024;20383428;-5;43.98
93821;Welkom_5;09-09-2024;20382545;-5;11
95126;Welkom_5;09-09-2024;20383105;-5;92.67
91055;Welkom_5;09-09-2024;20382784;-5;29.94
102947;Welkom_5;09-09-2024;20383352;-5;321.56
100732;Welkom_5;09-09-2024;20382990;-5;10.27
90295;Welkom_5;09-09-2024;20382800;-5;70.44
107193;Welkom_5;09-09-2024;20382529;-5;3.99
84493;Welkom_5;09-09-2024;20383576;-5;406.17
106726;Welkom_5;09-09-2024;20383584;-5;9.3
107767;Welkom_5;09-09-2024;20383196;-5;75.99
101844;Welkom_5;09-09-2024;20382958;-5;25.18
91123;Welkom_5;10-09-2024;20384699;-5;49.48
89043;Welkom_5;10-09-2024;20383832;-5;-7.4
99006;Welkom_5;10-09-2024;20384384;-5;193.36
95423;Welkom_5;10-09-2024;20383915;-5;10.95
108832;Welkom_5;10-09-2024;20384582;-5;67.98
85769;Welkom_5;10-09-2024;20384111;-5;72.28
93987;Welkom_5;10-09-2024;20384616;-5;114.99
101671;Welkom_5;10-09-2024;20383956;-5;116.25
92387;Welkom_5;10-09-2024;13895;-5;144.99
86724;Welkom_5;10-09-2024;20384202;-5;49.49
97422;Welkom_5;10-09-2024;20384095;-5;78.89
89598;Welkom_5;10-09-2024;20384376;-5;19.28
103186;Welkom_5;10-09-2024;20384244;-5;53.83
108515;Welkom_5;10-09-2024;20384368;-5;96.55
99280;Welkom_5;10-09-2024;20384640;-5;-84.48
96432;Welkom_5;10-09-2024;20384012;-5;701.58
82617;Welkom_5;10-09-2024;20384772;-5;44.53
104996;Welkom_5;10-09-2024;20383667;-5;110.49
105755;Welkom_5;10-09-2024;20384285;-5;57.98
103282;Welkom_5;10-09-2024;20384897;-5;11.5
92473;Welkom_5;10-09-2024;20384541;-5;17.99
108328;Welkom_5;10-09-2024;20384798;-5;39.5
90074;Welkom_5;10-09-2024;13896;-5;3
99868;Welkom_5;10-09-2024;20383907;-5;18.88
91137;Welkom_5;10-09-2024;20384913;-5;39.18
91852;Welkom_5;10-09-2024;20384806;-5;124.99
107408;Welkom_5;10-09-2024;20384467;-5;9.99
85239;Welkom_5;10-09-2024;20384780;-5;156.99
93996;Welkom_5;10-09-2024;20384566;-5;28.98
103023;Welkom_5;11-09-2024;20385316;-5;134.36
84774;Welkom_5;11-09-2024;20385043;-5;19.49
96196;Welkom_5;11-09-2024;20385233;-5;20.9
90102;Welkom_5;11-09-2024;20384988;-5;79.97
99611;Welkom_5;11-09-2024;20385803;-5;59.98
101012;Welkom_5;11-09-2024;20385118;-5;24.99
101662;Welkom_5;11-09-2024;20385407;-5;21.99
100171;Welkom_5;11-09-2024;20385290;-5;19.99
109747;Welkom_5;11-09-2024;20385209;-5;65.49
102106;Welkom_5;11-09-2024;20385647;-5;70.49
106049;Welkom_5;11-09-2024;20385175;-5;13.75
87830;Welkom_5;11-09-2024;20385795;-5;22.99
105599;Welkom_5;11-09-2024;20385381;-5;77.98
97796;Welkom_5;11-09-2024;20385357;-5;174.94
99363;Welkom_5;11-09-2024;20384970;-5;38.85
92250;Welkom_5;11-09-2024;20385670;-5;40.49
92068;Welkom_5;11-09-2024;20385563;-5;108.86
89594;Welkom_5;11-09-2024;20385423;-5;254.98
106438;Welkom_5;11-09-2024;20385365;-5;92.97
104040;Welkom_5;11-09-2024;20385514;-5;128.46
106415;Welkom_5;11-09-2024;20385704;-5;32.49
95672;Welkom_5;11-09-2024;20385134;-5;18.9
95268;Welkom_5;12-09-2024;20386488;-5;494
105992;Welkom_5;12-09-2024;20386389;-5;69.99
80085;Welkom_5;12-09-2024;20386421;-5;27.99
98559;Welkom_5;12-09-2024;20387239;-5;165.46
103610;Welkom_5;12-09-2024;20386918;-5;111.27
106674;Welkom_5;12-09-2024;20387130;-5;198.57
99687;Welkom_5;12-09-2024;20386926;-5;93.4
88406;Welkom_5;12-09-2024;20386348;-5;313.73
77892;Welkom_5;12-09-2024;20387023;-5;57.99
94981;Welkom_5;12-09-2024;20386868;-5;369.23
98102;Welkom_5;12-09-2024;20386454;-5;22.95
90395;Welkom_5;12-09-2024;20386827;-5;272.63
88015;Welkom_5;12-09-2024;20386595;-5;254.99
94103;Welkom_5;12-09-2024;20387049;-5;12.99
98008;Welkom_5;12-09-2024;20386520;-5;33.49
91744;Welkom_5;12-09-2024;20387221;-5;113.99
105823;Welkom_5;12-09-2024;20386934;-5;44.99
107406;Welkom_5;12-09-2024;20387262;-5;10
107705;Welkom_5;12-09-2024;20386447;-5;63.97
89515;Welkom_5;12-09-2024;20387171;-5;71.97
106278;Welkom_5;13-09-2024;20388302;-5;58.37
90726;Welkom_5;13-09-2024;20387403;-5;40.59
100223;Welkom_5;13-09-2024;20388542;-5;11.19
97300;Welkom_5;13-09-2024;20387510;-5;4.99
105473;Welkom_5;13-09-2024;20387502;-5;12.99
106106;Welkom_5;13-09-2024;20388153;-5;47.45
95389;Welkom_5;13-09-2024;20388039;-5;67.49
100330;Welkom_5;13-09-2024;20388237;-5;101.14
109491;Welkom_5;13-09-2024;20387536;-5;6.69
88369;Welkom_5;13-09-2024;20387841;-5;24.46
89759;Welkom_5;13-09-2024;20387635;-5;629.79
89623;Welkom_5;13-09-2024;20388260;-5;388.98
100017;Welkom_5;13-09-2024;20388641;-5;12.09
102119;Welkom_5;13-09-2024;20388161;-5;15.96
89086;Welkom_5;13-09-2024;20388278;-5;159.93
106686;Welkom_5;13-09-2024;20388229;-5;7.5
107787;Welkom_5;13-09-2024;20387882;-5;32.29
95868;Welkom_5;13-09-2024;20387809;-5;141.18
86986;Welkom_5;13-09-2024;20388013;-5;15
91813;Welkom_5;13-09-2024;20387460;-5;54.48
94960;Welkom_5;13-09-2024;20387676;-5;179.98
91788;Welkom_5;13-09-2024;20388054;-5;54.54
105250;Welkom_5;13-09-2024;20388880;-5;6.69
100166;Welkom_5;13-09-2024;20388427;-5;73.28
104687;Welkom_5;13-09-2024;20388856;-5;160.89
101668;Welkom_5;13-09-2024;20388781;-5;388.94
88783;Welkom_5;13-09-2024;20388609;-5;89.98
94915;Welkom_5;13-09-2024;20388245;-5;75.97
85642;Welkom_5;13-09-2024;20388666;-5;57.99
102162;Welkom_5;14-09-2024;20389672;-5;119.73
81200;Welkom_5;14-09-2024;20389581;-5;71.98
87174;Welkom_5;14-09-2024;20389391;-5;9.49
78216;Welkom_5;14-09-2024;20389367;-5;39.73
84462;Welkom_5;14-09-2024;20389300;-5;54.46
96521;Welkom_5;14-09-2024;20389714;-5;34.98
99353;Welkom_5;14-09-2024;20390175;-5;184.99
90571;Welkom_5;14-09-2024;20389656;-5;27.95
106486;Welkom_5;14-09-2024;20390043;-5;7.99
100726;Welkom_5;14-09-2024;20390316;-5;75.68
82827;Welkom_5;14-09-2024;20389904;-5;275.96
93811;Welkom_5;14-09-2024;20390332;-5;49.99
109796;Welkom_5;14-09-2024;20389052;-5;172.49
96873;Welkom_5;14-09-2024;20389110;-5;102.67
101109;Welkom_5;14-09-2024;20389086;-5;40.49
92933;Welkom_5;14-09-2024;20390035;-5;8.99
101813;Welkom_5;14-09-2024;20390324;-5;17.5
96625;Welkom_5;14-09-2024;20388997;-5;69.99
97818;Welkom_5;14-09-2024;20390126;-5;354.39
108159;Welkom_5;14-09-2024;20389623;-5;106.17
106570;Welkom_5;14-09-2024;20390076;-5;8.49
95417;Welkom_5;15-09-2024;20390738;-5;84.98
91290;Welkom_5;15-09-2024;20391389;-5;404.62
105149;Welkom_5;15-09-2024;20390530;-5;8.99
95795;Welkom_5;15-09-2024;20390761;-5;98.92
90300;Welkom_5;15-09-2024;20390811;-5;1059.65
91626;Welkom_5;15-09-2024;20390951;-5;393.92
94712;Welkom_5;15-09-2024;20391355;-5;104.99
107890;Welkom_5;15-09-2024;20391025;-5;33.07
87227;Welkom_5;16-09-2024;20392213;-5;75.38
105107;Welkom_5;16-09-2024;20392270;-5;69.99
97093;Welkom_5;16-09-2024;20391512;-5;68.98
88957;Welkom_5;16-09-2024;20392247;-5;119.99
94359;Welkom_5;16-09-2024;20391892;-5;24.99
90258;Welkom_5;16-09-2024;20391934;-5;65.75
99960;Welkom_5;16-09-2024;20392064;-5;104.99
101323;Welkom_5;16-09-2024;20391793;-5;54.99
88614;Welkom_5;16-09-2024;20391819;-5;172.73
94338;Welkom_5;16-09-2024;20391561;-5;43.11
99763;Welkom_5;16-09-2024;20392445;-5;90.99
91747;Welkom_5;16-09-2024;20392221;-5;24.65
102248;Welkom_5;16-09-2024;20391884;-4.94;2.25
84906;Welkom_5;16-09-2024;20392239;-5;295.44
107761;Welkom_5;16-09-2024;20392205;-5;105.21
108334;Welkom_5;17-09-2024;20392882;-5;49.99
99068;Welkom_5;17-09-2024;20392932;-5;23.99
94034;Welkom_5;17-09-2024;20392973;-5;45.97
82893;Welkom_5;17-09-2024;20393161;-5;101.98
97412;Welkom_5;17-09-2024;20392957;-5;28.98
91026;Welkom_5;17-09-2024;20392734;-5;33.13
104417;Welkom_5;17-09-2024;20392924;-5;69.99
109756;Welkom_5;17-09-2024;20393195;-5;22.95
102353;Welkom_5;17-09-2024;20393146;-5;16.59
88890;Welkom_5;17-09-2024;20393120;-5;34.99
94582;Welkom_5;17-09-2024;20392916;-5;14
89793;Welkom_5;17-09-2024;20392866;-5;44.98
95556;Welkom_5;17-09-2024;20392726;-5;21.99
92056;Welkom_5;17-09-2024;20392502;-5;24.99
97342;Welkom_5;17-09-2024;20393310;-5;74.99
102387;Welkom_5;17-09-2024;20392841;-5;7.5
106186;Welkom_5;17-09-2024;20392767;-5;335
97342;Welkom_5;17-09-2024;20392650;-5;165.55
79540;Welkom_5;18-09-2024;20393674;-5;25.57
81758;Welkom_5;18-09-2024;20394003;-5;251.73
96966;Welkom_5;18-09-2024;20394300;-5;115.18
103366;Welkom_5;18-09-2024;20393963;-5;39.33
96010;Welkom_5;18-09-2024;20393583;-5;97.18
109980;Welkom_5;18-09-2024;20393997;-5;35.49
89492;Welkom_5;18-09-2024;20393575;-5;59.98
105436;Welkom_5;18-09-2024;20394144;-5;44.99
90043;Welkom_5;18-09-2024;20394268;-5;25.18
91407;Welkom_5;18-09-2024;20394094;-5;25
94909;Welkom_5;18-09-2024;20394011;-5;61.98
96337;Welkom_5;18-09-2024;20393567;-5;51.98
107234;Welkom_5;18-09-2024;20393922;-5;80.49
90741;Welkom_5;18-09-2024;20394060;-5;1441.71
89500;Welkom_5;19-09-2024;20394748;-5;176.36
101069;Welkom_5;19-09-2024;20395240;-5;29.99
97355;Welkom_5;19-09-2024;20394904;-5;69.56
109326;Welkom_5;19-09-2024;20394995;-5;58.99
88831;Welkom_5;19-09-2024;20394722;-5;34.99
104281;Welkom_5;19-09-2024;20394441;-5;112.61
87566;Welkom_5;19-09-2024;20394789;-5;11.09
93400;Welkom_5;19-09-2024;20395133;-5;144.98
85113;Welkom_5;19-09-2024;20394847;-5;1.5
90804;Welkom_5;19-09-2024;20394821;-5;53.06
109120;Welkom_5;19-09-2024;20394532;-5;17.49
98282;Welkom_5;19-09-2024;20394920;-5;17.98
102447;Welkom_5;19-09-2024;20394680;-5;238.99
95867;Welkom_5;19-09-2024;20395034;-5;121.98
98696;Welkom_5;19-09-2024;20394599;-5;45.52
105371;Welkom_5;19-09-2024;20394557;-5;37.3
107517;Welkom_5;19-09-2024;20395067;-5;286.9
105584;Welkom_5;19-09-2024;20395075;-5;39.98
97346;Welkom_5;20-09-2024;20395323;-5;2.18
95594;Welkom_5;20-09-2024;20395570;-5;284.96
90638;Welkom_5;20-09-2024;20395455;-5;107.47
101523;Welkom_5;20-09-2024;20396032;-5;134.53
108517;Welkom_5;20-09-2024;20396305;-5;6.69
89499;Welkom_5;20-09-2024;20396099;-5;254.99
96073;Welkom_5;20-09-2024;20395562;-5;14
89602;Welkom_5;20-09-2024;20396321;-5;56.99
91985;Welkom_5;20-09-2024;20396230;-5;36.6
107472;Welkom_5;20-09-2024;20395448;-5;194.98
92479;Welkom_5;20-09-2024;20396040;-5;44.99
99854;Welkom_5;20-09-2024;20395760;-5;135.48
94465;Welkom_5;20-09-2024;20395794;-5;16.58
96338;Welkom_5;20-09-2024;20396313;-5;39.99
90873;Welkom_5;20-09-2024;20395463;-5;51.47
88236;Welkom_5;20-09-2024;20395406;-5;7.99
92362;Welkom_5;20-09-2024;20395935;-5;10
92773;Welkom_5;20-09-2024;20396248;-5;62.57
92724;Welkom_5;20-09-2024;20395984;-5;64.92
108667;Welkom_5;20-09-2024;20395786;-5;25
102481;Welkom_5;20-09-2024;20395836;-5;104.99
77016;Welkom_5;20-09-2024;20396339;-5;38.36
104540;Welkom_5;20-09-2024;20396107;-5;17.49
103096;Welkom_5;20-09-2024;20396057;-5;69.89
82653;Welkom_5;21-09-2024;20396503;-5;26.9
95383;Welkom_5;21-09-2024;20397006;-5;147.94
100852;Welkom_5;21-09-2024;20397139;-5;71.98
88605;Welkom_5;21-09-2024;20397048;-5;104.62
86080;Welkom_5;21-09-2024;20397113;-5;52.28
88385;Welkom_5;21-09-2024;20397600;-5;7.59
89541;Welkom_5;21-09-2024;20396586;-5;131.93
93119;Welkom_5;21-09-2024;20397709;-5;602.35
97078;Welkom_5;21-09-2024;20396966;-5;72.38
100189;Welkom_5;21-09-2024;20397659;-5;9.99
106052;Welkom_5;21-09-2024;20397683;-5;190.97
91861;Welkom_5;21-09-2024;20397360;-5;199.77
92623;Welkom_5;21-09-2024;20396834;-5;56.18
99472;Welkom_5;21-09-2024;13918;-5;474.8
109834;Welkom_5;21-09-2024;20397840;-5;82.96
104668;Welkom_5;22-09-2024;20398400;-5;72.94
85022;Welkom_5;22-09-2024;20398095;-5;16.18
103433;Welkom_5;22-09-2024;20397980;-5;72.49
91664;Welkom_5;22-09-2024;20398202;-5;110.82
81994;Welkom_5;23-09-2024;20399275;-5;154.99
92862;Welkom_5;23-09-2024;20399333;-5;26.99
98418;Welkom_5;23-09-2024;20398673;-5;6.66
91545;Welkom_5;23-09-2024;20398681;-5;49.93
87060;Welkom_5;23-09-2024;20398772;-5;22.72
85684;Welkom_5;23-09-2024;20399143;-5;34.68
81206;Welkom_5;23-09-2024;20398707;-5;24.24
108660;Welkom_5;23-09-2024;13921;-5;179.99
109850;Welkom_5;23-09-2024;20398590;-5;39.99
94180;Welkom_5;23-09-2024;20398897;-5;196.92
105476;Welkom_5;23-09-2024;20399283;-5;12.04
82880;Welkom_5;23-09-2024;20399259;-5;63.97
106077;Welkom_5;23-09-2024;20399242;-5;260.98
103712;Welkom_5;23-09-2024;20399341;-5;39.99
92110;Welkom_5;23-09-2024;20399168;-5;61.92
97154;Welkom_5;23-09-2024;20399119;-5;30.99
98123;Welkom_5;24-09-2024;20399671;-5;66.99
102303;Welkom_5;24-09-2024;20300042;-5;44.9
101961;Welkom_5;24-09-2024;20300034;-5;204.99
99139;Welkom_5;24-09-2024;20300067;-5;226.68
90720;Welkom_5;24-09-2024;20399937;-5;0.99
100606;Welkom_5;24-09-2024;20399663;-5;334.87
86334;Welkom_5;24-09-2024;20399648;-5;260.77
109397;Welkom_5;24-09-2024;20399929;-5;11.16
97575;Welkom_5;25-09-2024;20301123;-0.01;24.98
87000;Welkom_5;25-09-2024;20301370;-5;84.98
105276;Welkom_5;25-09-2024;20301131;-5;245.22
78631;Welkom_5;25-09-2024;20301248;-5;64.69
85051;Welkom_5;25-09-2024;20301255;-5;90.83
103244;Welkom_5;25-09-2024;20300414;-5;7.99
107361;Welkom_5;25-09-2024;20300810;-5;57.99
85523;Welkom_5;25-09-2024;20300570;-5;204.95
97421;Welkom_5;25-09-2024;20301057;-5;1907.5
82672;Welkom_5;25-09-2024;20300703;-5;4
101017;Welkom_5;25-09-2024;20300786;-5;27.49
87897;Welkom_5;25-09-2024;20300893;-5;57.47
108092;Welkom_5;25-09-2024;20300935;-5;64.98
96721;Welkom_5;26-09-2024;20301925;-5;53.11
98861;Welkom_5;26-09-2024;20302022;-5;165.53
81159;Welkom_5;26-09-2024;20301784;-5;43.09
84849;Welkom_5;26-09-2024;13930;-5;14.99
90298;Welkom_5;26-09-2024;20301487;-5;12.43
84772;Welkom_5;26-09-2024;20302097;-5;79.48
98209;Welkom_5;26-09-2024;20301917;-5;24.65
86765;Welkom_5;26-09-2024;20302337;-5;19.99
95378;Welkom_5;26-09-2024;20301651;-5;227.03
104287;Welkom_5;26-09-2024;20302451;-5;121.47
106323;Welkom_5;26-09-2024;20301743;-5;304.98
107724;Welkom_5;26-09-2024;20301834;-2.95;0
104892;Welkom_5;26-09-2024;20301750;-5;10.99
101325;Welkom_5;26-09-2024;20301776;-5;22.95
86176;Welkom_5;26-09-2024;20302006;-5;24.64
109764;Welkom_5;26-09-2024;20302196;-5;10.98
91394;Welkom_5;26-09-2024;20301586;-5;110.45
85153;Welkom_5;26-09-2024;20301719;-5;10
102609;Welkom_5;26-09-2024;20301677;-5;37.41
91778;Welkom_5;27-09-2024;20302956;-5;155.62
77788;Welkom_5;27-09-2024;20303194;-5;75
82038;Welkom_5;27-09-2024;20302592;-5;222.97
100032;Welkom_5;27-09-2024;20303624;-5;64.99
100571;Welkom_5;27-09-2024;20303632;-5;3.99
108493;Welkom_5;27-09-2024;20303335;-5;19.99
101933;Welkom_5;27-09-2024;20303756;-5;50.72
96274;Welkom_5;27-09-2024;20302725;-5;7.59
93718;Welkom_5;27-09-2024;20302790;-5;2.99
85183;Welkom_5;27-09-2024;20302600;-5;264
92198;Welkom_5;27-09-2024;20303343;-5;67.7
94298;Welkom_5;27-09-2024;20302535;-5;57.98
103547;Welkom_5;27-09-2024;20302840;-5;304
101384;Welkom_5;27-09-2024;20303129;-5;75.76
104547;Welkom_5;27-09-2024;20303145;-5;436.72
107023;Welkom_5;27-09-2024;20303418;-5;32.33
89561;Welkom_5;27-09-2024;20303228;-5;199.99
104416;Welkom_5;27-09-2024;20303574;-5;386.53
89591;Welkom_5;27-09-2024;20303376;-5;42.28
87580;Welkom_5;27-09-2024;20303004;-5;191.35
85862;Welkom_5;28-09-2024;20305207;-5;338.32
81685;Welkom_5;28-09-2024;20408290;-5;94.98
86631;Welkom_5;28-09-2024;20304341;-5;24.48
84938;Welkom_5;28-09-2024;20305439;-5;53.49
89676;Welkom_5;28-09-2024;20304705;-5;60
108653;Welkom_5;28-09-2024;20304317;-5;29.96
104239;Welkom_5;28-09-2024;20304648;-5;267.96
106059;Welkom_5;28-09-2024;20304440;-5;19.27
103779;Welkom_5;28-09-2024;20304739;-5;77.05
99575;Welkom_5;28-09-2024;20304655;-5;199.96
96960;Welkom_5;28-09-2024;20305199;-5;230.71
82939;Welkom_5;28-09-2024;20304879;-5;244.99
107270;Welkom_5;28-09-2024;20303947;-5;11.05
101650;Welkom_5;28-09-2024;20304168;-5;102.43
97508;Welkom_5;28-09-2024;20304424;-5;32.96
91729;Welkom_5;28-09-2024;20304945;-5;164.99
103224;Welkom_5;29-09-2024;20305793;-5;2.19
106889;Welkom_5;29-09-2024;20305959;-5;76.09
101992;Welkom_5;29-09-2024;20306569;-5;145.99
77266;Welkom_5;29-09-2024;20306544;-5;69.99
102261;Welkom_5;29-09-2024;20306296;-5;86.47
109230;Welkom_5;29-09-2024;20305777;-5;6.69
109693;Welkom_5;29-09-2024;20306478;-5;41.49
107478;Welkom_5;29-09-2024;20306262;-5;94.99
105412;Welkom_5;29-09-2024;20306460;-5;452.21
103680;Welkom_5;29-09-2024;20306387;-5;111.95
104075;Welkom_5;30-09-2024;20307062;-5;131.97
89033;Welkom_5;30-09-2024;20306817;-5;5.79
97827;Welkom_5;30-09-2024;20307237;-5;389.99
94437;Welkom_5;30-09-2024;20307385;-5;64.16
100871;Welkom_5;30-09-2024;20307088;-5;19.08
90781;Welkom_5;30-09-2024;20307377;-5;1.99
94161;Welkom_5;30-09-2024;20307021;-5;84.99
98430;Welkom_5;30-09-2024;20307179;-5;70.73
83529;Welkom_5;30-09-2024;20307393;-5;75.99
86402;Welkom_5;30-09-2024;20307047;-5;39.99
80153;Welkom_5;30-09-2024;20307542;-5;229.48
102448;Welkom_5;01-10-2024;20307864;-5;12.58
81668;Welkom_5;01-10-2024;20307724;-5;311.94
88011;Welkom_5;01-10-2024;20307963;-5;214.99
101959;Welkom_5;02-10-2024;20308516;-5;224.99
95621;Welkom_5;02-10-2024;20309019;-5;298.36
90457;Welkom_5;02-10-2024;20308680;-5;81.69
82394;Welkom_5;02-10-2024;20308490;-5;214.99
95257;Welkom_5;02-10-2024;20308565;-5;554.97
94825;Welkom_5;02-10-2024;20308615;-5;25.19
93163;Welkom_5;02-10-2024;20308896;-5;77.97
82941;Welkom_5;03-10-2024;20309696;-5;69.99
93847;Welkom_5;03-10-2024;20309605;-5;43.18
105518;Welkom_5;03-10-2024;20309993;-5;38.99
89993;Welkom_5;03-10-2024;20309548;-5;4.98
80925;Welkom_5;03-10-2024;20309936;-5;4.57
81072;Welkom_5;03-10-2024;20309258;-5;11.99
106650;Welkom_5;04-10-2024;20310819;-5;82.98
96783;Welkom_5;04-10-2024;20310926;-5;156.94
108313;Welkom_5;04-10-2024;20310835;-5;105.7
109350;Welkom_5;04-10-2024;20310637;-5;46.99
91132;Welkom_5;04-10-2024;20310348;-5;163.96
85488;Welkom_5;04-10-2024;20310710;-5;248.97
88972;Welkom_5;04-10-2024;20310389;-5;39.99
101964;Welkom_5;04-10-2024;20310983;-5;66.08
100994;Welkom_5;04-10-2024;20310108;-5;13.88
91793;Welkom_5;04-10-2024;20310678;-5;59.68
96571;Welkom_5;04-10-2024;20310561;-5;51.68
87533;Welkom_5;05-10-2024;20311544;-5;344.05
83813;Welkom_5;05-10-2024;20312187;-5;169.98
95294;Welkom_5;05-10-2024;20312351;-5;237
106783;Welkom_5;05-10-2024;20312583;-5;159.98
92306;Welkom_5;05-10-2024;20311254;-5;99.98
84060;Welkom_5;05-10-2024;20311213;-5;147.54
95247;Welkom_5;05-10-2024;20312096;-5;314.98
98301;Welkom_5;06-10-2024;20312997;-5;104.99
86858;Welkom_5;06-10-2024;20313334;-5;83.08
80598;Welkom_5;06-10-2024;20312724;-5;285.97
85446;Welkom_5;06-10-2024;20312765;-5;84.99
99144;Welkom_5;06-10-2024;20312906;-5;164.98
99510;Welkom_5;06-10-2024;20312732;-5;264.88
78744;Welkom_5;06-10-2024;20313037;-5;236.33
92033;Welkom_5;06-10-2024;20312989;-5;75.76
109082;Welkom_5;07-10-2024;20313862;-5;99.99
109453;Welkom_5;07-10-2024;20313961;-5;124.45
100574;Welkom_5;07-10-2024;20314043;-5;55
99753;Welkom_5;07-10-2024;20313565;-5;98.05
84440;Welkom_5;07-10-2024;20313805;-5;69.34
84945;Welkom_5;07-10-2024;20313656;-5;11.14
103920;Welkom_5;08-10-2024;20314191;-5;109.97
92205;Welkom_5;08-10-2024;20314597;-5;26.5
108896;Welkom_5;08-10-2024;20314340;-5;226.67
87405;Welkom_5;08-10-2024;13945;-5;0.99
93394;Welkom_5;08-10-2024;20314399;-5;158.38
89599;Welkom_5;09-10-2024;20314837;-5;15.82
97317;Welkom_5;09-10-2024;20315248;-5;316.98
80458;Welkom_5;09-10-2024;20315172;-5;19.29
87436;Welkom_5;09-10-2024;20314928;-5;17
98952;Welkom_5;09-10-2024;20315487;-5;279.28
81347;Welkom_5;10-10-2024;13950;-5;44.99
102731;Welkom_5;10-10-2024;20316147;-5;38.89
89295;Welkom_5;10-10-2024;20316097;-5;64.99
109105;Welkom_5;10-10-2024;20316089;-5;14.99
94853;Welkom_5;10-10-2024;20315669;-5;124.9
103327;Welkom_5;10-10-2024;20315636;-5;184.85
99539;Welkom_5;10-10-2024;20316022;-5;149.98
100191;Welkom_5;10-10-2024;20315784;-5;710.42
93175;Welkom_5;10-10-2024;20315982;-5;12.54
109171;Welkom_5;10-10-2024;20316071;-5;94.99
100671;Welkom_5;10-10-2024;20315735;-5;474.98
93117;Welkom_5;11-10-2024;20316527;-5;28.44
87702;Welkom_5;11-10-2024;20316972;-5;35.45
101353;Welkom_5;11-10-2024;20317129;-5;0.99
93598;Welkom_5;11-10-2024;20316709;-5;462.92
93897;Welkom_5;12-10-2024;20318887;-5;561
81507;Welkom_5;12-10-2024;20317749;-5;453.26
81834;Welkom_5;12-10-2024;20318945;-5;350.76
87684;Welkom_5;12-10-2024;20318820;-5;114.99
107893;Welkom_5;12-10-2024;20318317;-5;6.69
95461;Welkom_5;13-10-2024;20319174;-3.5;0
109339;Welkom_5;13-10-2024;20319208;-5;184.99
86332;Welkom_5;13-10-2024;20319554;-5;80.49
95765;Welkom_5;13-10-2024;20319471;-5;61.99
88429;Welkom_5;13-10-2024;20319455;-5;284.02
94840;Welkom_5;13-10-2024;20319521;-5;53.72
105917;Welkom_5;13-10-2024;20319422;-5;137.96
95112;Welkom_5;14-10-2024;20319729;-5;42.48
109640;Welkom_5;14-10-2024;20319893;-5;30.68
103941;Welkom_5;14-10-2024;20319935;-5;476.14
94212;Welkom_5;15-10-2024;20320388;-5;214.98
103480;Welkom_5;15-10-2024;20320966;-5;47.17
90014;Welkom_5;15-10-2024;20320701;-5;23.5
108545;Welkom_5;16-10-2024;20321311;-5;25.95
85879;Welkom_5;16-10-2024;20321329;-5;6
77039;Welkom_5;16-10-2024;20321543;-5;20.64
93504;Welkom_5;16-10-2024;20321576;-5;17.49
94297;Welkom_5;16-10-2024;20321485;-5;7.5
109060;Welkom_5;16-10-2024;20321162;-5;75.44
109016;Welkom_5;16-10-2024;20321246;-5;84.99
102333;Welkom_5;17-10-2024;20322434;-5;93.17
102255;Welkom_5;17-10-2024;20321832;-5;606.01
97843;Welkom_5;17-10-2024;20321915;-5;228.83
84514;Welkom_5;17-10-2024;20322384;-5;43.98
106170;Welkom_5;17-10-2024;20322426;-5;82.76
87777;Welkom_5;17-10-2024;20322327;-5;146.15
108073;Welkom_5;17-10-2024;20322061;-5;14.97
100490;Welkom_5;17-10-2024;20322202;-5;87.93
90946;Welkom_5;17-10-2024;20322046;-5;22.96
105868;Welkom_5;17-10-2024;20322475;-5;154.38
81686;Welkom_5;18-10-2024;20323119;-5;285.63
85514;Welkom_5;18-10-2024;20323028;-5;35.45
98443;Welkom_5;18-10-2024;20322723;-5;317.06
98150;Welkom_5;18-10-2024;20322871;-5;239.07
93106;Welkom_5;19-10-2024;20408878;-5;114.99
100857;Welkom_5;19-10-2024;20408852;-5;81.23
84495;Welkom_5;19-10-2024;20408944;-5;110.28
87019;Welkom_5;19-10-2024;20324216;-5;5.18
81543;Welkom_5;19-10-2024;20324703;-5;59.99
89490;Welkom_5;19-10-2024;20323929;-5;837.39
91258;Welkom_5;19-10-2024;20408712;-5;184.99
103080;Welkom_5;19-10-2024;20324372;-5;76.48
101904;Welkom_5;19-10-2024;20324844;-5;127.47
101426;Welkom_5;19-10-2024;20408951;-5;269.99
106735;Welkom_5;19-10-2024;20324067;-5;142.82
91210;Welkom_5;19-10-2024;20324224;-5;9.44
92760;Welkom_5;19-10-2024;20324042;-5;504
95103;Welkom_5;19-10-2024;20324562;-5;154.99
96469;Welkom_5;19-10-2024;20323291;-5;16.99
96045;Welkom_5;19-10-2024;20324992;-5;79.98
100044;Welkom_5;19-10-2024;20324356;-5;79.98
93499;Welkom_5;19-10-2024;20324349;-5;125.45
104880;Welkom_5;19-10-2024;20408886;-5;19.29
99474;Welkom_5;19-10-2024;20408910;-5;85.49
105799;Welkom_5;20-10-2024;20325379;-5;35.49
98919;Welkom_5;20-10-2024;20325627;-5;10.26
82373;Welkom_5;20-10-2024;20325643;-5;469.98
89824;Welkom_5;20-10-2024;20325403;-5;224.99
85019;Welkom_5;20-10-2024;20325593;-5;69.49
95315;Welkom_5;20-10-2024;20325858;-5;849.04
86691;Welkom_5;20-10-2024;20325239;-5;64.99
101453;Welkom_5;20-10-2024;20325163;-5;68.8
94473;Welkom_5;20-10-2024;20325700;-5;89.32
109210;Welkom_5;20-10-2024;20325619;-5;7.74
101905;Welkom_5;20-10-2024;20325585;-5;279.98
95202;Welkom_5;21-10-2024;20326518;-5;159.94
107058;Welkom_5;21-10-2024;20326575;-5;548.71
94152;Welkom_5;22-10-2024;20327078;-5;149.71
94878;Welkom_5;22-10-2024;20327219;-5;64.99
87679;Welkom_5;22-10-2024;20326773;-5;172.47
93473;Welkom_5;22-10-2024;20327193;-5;16.74
92052;Welkom_5;23-10-2024;20327813;-5;99.99
91097;Welkom_5;23-10-2024;20327748;-5;47.49
89001;Welkom_5;23-10-2024;20327573;-5;47.99
100757;Welkom_5;23-10-2024;20327847;-5;283
88623;Welkom_5;23-10-2024;20327730;-5;24
93263;Welkom_5;24-10-2024;20328068;-5;170.49
107974;Welkom_5;24-10-2024;20328597;-5;19.99
95076;Welkom_5;24-10-2024;20328357;-5;248.98
105887;Welkom_5;24-10-2024;20328365;-5;69.99
105138;Welkom_5;24-10-2024;20328308;-5;144.99
85841;Welkom_5;24-10-2024;20328290;-5;344.99
92581;Welkom_5;24-10-2024;20328175;-5;184.9
105132;Welkom_5;24-10-2024;20328522;-5;161.96
94239;Welkom_5;24-10-2024;20328647;-5;3.99
95214;Welkom_5;24-10-2024;20328126;-5;48.98
93983;Welkom_5;24-10-2024;20328332;-5;108.42
95542;Welkom_5;24-10-2024;20328464;-5;37
81128;Welkom_5;25-10-2024;20329611;-5;35.48
109656;Welkom_5;25-10-2024;20329413;-5;191.87
98436;Welkom_5;25-10-2024;20329025;-5;250.48
109758;Welkom_5;25-10-2024;20329157;-5;47.45
108997;Welkom_5;25-10-2024;20329298;-5;104.98
95430;Welkom_5;26-10-2024;20330544;-5;113.99
98761;Welkom_5;26-10-2024;20330437;-5;397.35
86225;Welkom_5;26-10-2024;20329827;-5;27.98
96810;Welkom_5;26-10-2024;20329819;-5;12.99
96967;Welkom_5;26-10-2024;20330577;-5;964.98
89521;Welkom_5;26-10-2024;20330213;-5;34.99
106911;Welkom_5;26-10-2024;20329835;-5;169.15
104632;Welkom_5;26-10-2024;20330023;-5;138.46
91661;Welkom_5;26-10-2024;20330445;-5;132.96
100687;Welkom_5;26-10-2024;20329702;-5;16.99
106978;Welkom_5;26-10-2024;20330635;-5;82.97
89964;Welkom_5;26-10-2024;20330270;-5;29.99
104135;Welkom_5;26-10-2024;20330254;-5;94.99
103075;Welkom_5;26-10-2024;20330171;-5;17.99
106999;Welkom_5;26-10-2024;20330015;-5;152.96
95343;Welkom_5;26-10-2024;20329785;-5;21.69
92490;Welkom_5;26-10-2024;20329884;-5;61.58
88662;Welkom_5;26-10-2024;20330163;-5;73.98
108178;Welkom_5;26-10-2024;20330056;-5;320.36
86789;Welkom_5;26-10-2024;20330262;-5;3.09
94332;Welkom_5;26-10-2024;20330650;-5;14.99
89027;Welkom_5;26-10-2024;20330320;-5;74.99
89307;Welkom_5;26-10-2024;20330478;-5;12.99
107215;Welkom_5;26-10-2024;20330551;-5;44.99
105360;Welkom_5;26-10-2024;20330643;-5;17.95
103524;Welkom_5;27-10-2024;20331286;-5;155.45
109320;Welkom_5;27-10-2024;20330858;-5;264.99
87449;Welkom_5;27-10-2024;20331062;-5;194.99
97785;Welkom_5;27-10-2024;20331377;-5;714.44
107949;Welkom_5;27-10-2024;20330833;-5;194.99
95931;Welkom_5;27-10-2024;20331385;-5;351.36
83926;Welkom_5;27-10-2024;20331336;-5;975.43
95852;Welkom_5;28-10-2024;20331559;-5;47.4
98304;Welkom_5;28-10-2024;20331989;-5;36.77
87232;Welkom_5;28-10-2024;20331740;-5;2.9
105067;Welkom_5;28-10-2024;20332144;-5;9.99
105217;Welkom_5;28-10-2024;20331534;-5;27.95
95852;Welkom_5;28-10-2024;20331575;-5;28.9
103821;Welkom_5;28-10-2024;20332151;-5;32.49
88461;Welkom_5;28-10-2024;20331591;-5;16.75
100866;Welkom_5;28-10-2024;20331500;-5;140
81029;Welkom_5;29-10-2024;13975;-5;20.98
88169;Welkom_5;29-10-2024;20332532;-5;235.03
81021;Welkom_5;29-10-2024;20332433;-5;4.99
100173;Welkom_5;29-10-2024;20332730;-5;116.97
107168;Welkom_5;29-10-2024;20332748;-5;157.9
97984;Welkom_5;29-10-2024;20332755;-5;50.99
85973;Welkom_5;29-10-2024;20332458;-5;5
106872;Welkom_5;29-10-2024;20332375;-5;134.99
91094;Welkom_5;29-10-2024;20332490;-5;231.16
81022;Welkom_5;29-10-2024;20332557;-5;30.04
90764;Welkom_5;30-10-2024;20333191;-5;39.07
85321;Welkom_5;30-10-2024;20333092;-5;27.38
92372;Welkom_5;31-10-2024;20334090;-5;18.95
86566;Welkom_5;31-10-2024;20334157;-5;278.42
107889;Welkom_5;31-10-2024;20334165;-5;45.61
102881;Welkom_5;31-10-2024;20334181;-5;11.16
105708;Welkom_5;31-10-2024;20334058;-5;74.99
92043;Welkom_5;31-10-2024;20334066;-5;44.99
87571;Welkom_5;31-10-2024;20333829;-5;10.29
84933;Welkom_5;01-11-2024;13981;-5;4.99
106727;Welkom_5;01-11-2024;20335147;-5;11.95
89170;Welkom_5;01-11-2024;20335303;-5;53.88
100979;Welkom_5;01-11-2024;20335113;-5;20.5
87971;Welkom_5;01-11-2024;20335329;-5;284.98
103531;Welkom_5;01-11-2024;20335170;-5;206.44
107704;Welkom_5;01-11-2024;20335279;-5;80
89866;Welkom_5;01-11-2024;20335295;-5;156.47
89415;Welkom_5;01-11-2024;20334603;-5;6.99
94312;Welkom_5;01-11-2024;20335428;-5;169.99
88973;Welkom_5;01-11-2024;20335378;-5;81.97
100651;Welkom_5;01-11-2024;20335220;-5;24.29
108729;Welkom_5;01-11-2024;20335261;-5;16.44
107875;Welkom_5;01-11-2024;20335501;-5;247.98
81620;Welkom_5;01-11-2024;20335139;-5;44.8
93065;Welkom_5;01-11-2024;20335311;-5;14.99
87748;Welkom_5;01-11-2024;20334900;-5;17.49
89238;Welkom_5;01-11-2024;20335287;-5;34
99548;Welkom_5;01-11-2024;20335337;-5;44.49
101801;Welkom_5;02-11-2024;20336517;-5;49.37
98719;Welkom_5;02-11-2024;20335618;-5;403.62
105784;Welkom_5;02-11-2024;20336020;-5;41.87
89852;Welkom_5;02-11-2024;20336830;-5;33.06
91322;Welkom_5;03-11-2024;20337291;-5;184.99
105395;Welkom_5;03-11-2024;20337127;-5;12.98
109985;Welkom_5;03-11-2024;20337192;-5;589.18
94837;Welkom_5;04-11-2024;20337853;-5;4.99
105469;Welkom_5;04-11-2024;20337861;-5;114.99
85684;Welkom_5;04-11-2024;20337564;-5;3.99
84161;Welkom_5;04-11-2024;20337580;-5;3.99
102524;Welkom_5;04-11-2024;20337606;-5;422.88
102654;Welkom_5;05-11-2024;20338364;-5;49.99
109103;Welkom_5;05-11-2024;20338190;-5;268.02
103607;Welkom_5;05-11-2024;20338091;-5;16.68
108109;Welkom_5;05-11-2024;13986;-5;134.99
103031;Welkom_5;07-11-2024;20339453;-5;33.69
99498;Welkom_5;07-11-2024;20339636;-5;14.99
85780;Welkom_5;07-11-2024;20339735;-5;20.19
88006;Welkom_5;07-11-2024;20339545;-5;11.99
107962;Welkom_5;07-11-2024;20339826;-5;65.38
90472;Welkom_5;07-11-2024;20339685;-5;86.98
97544;Welkom_5;07-11-2024;20339651;-5;63.98
103516;Welkom_5;07-11-2024;20339263;-5;34.99
108774;Welkom_5;07-11-2024;20339305;-5;69.99
108000;Welkom_5;07-11-2024;20339842;-5;96.68
106579;Welkom_5;08-11-2024;20340675;-5;94.97
84828;Welkom_5;08-11-2024;20340451;-5;19.99
107783;Welkom_5;08-11-2024;20340436;-5;224.96
94734;Welkom_5;08-11-2024;20339982;-5;124.97
106196;Welkom_5;08-11-2024;20340246;-5;154.99
103007;Welkom_5;08-11-2024;20340519;-5;14.99
99498;Welkom_5;08-11-2024;20340501;-5;11.99
90772;Welkom_5;08-11-2024;20340261;-5;68.94
103176;Welkom_5;08-11-2024;20340337;-5;245.33
101300;Welkom_5;08-11-2024;20340311;-5;66.97
109030;Welkom_5;08-11-2024;20340360;-5;109.48
88947;Welkom_5;08-11-2024;20340477;-5;77.49
101321;Welkom_5;08-11-2024;20340444;-5;10.3
100126;Welkom_5;08-11-2024;20340113;-5;116.98
105472;Welkom_5;08-11-2024;20340402;-5;264.98
88859;Welkom_5;08-11-2024;20340600;-5;152.08
100035;Welkom_5;08-11-2024;20340378;-5;21.09
87380;Welkom_5;09-11-2024;20341707;-5;736.97
101190;Welkom_5;09-11-2024;20342218;-5;319.73
85109;Welkom_5;09-11-2024;20341251;-5;17.49
102040;Welkom_5;09-11-2024;20341145;-5;69.98
109202;Welkom_5;09-11-2024;20341392;-5;514.98
97709;Welkom_5;09-11-2024;20342010;-5;33.23
97224;Welkom_5;09-11-2024;20342044;-5;256.97
90503;Welkom_5;09-11-2024;20341350;-5;1330.97
95142;Welkom_5;09-11-2024;20341954;-5;29.99
102123;Welkom_5;09-11-2024;20341269;-5;43.99
89173;Welkom_5;09-11-2024;20342002;-5;94.99
96496;Welkom_5;09-11-2024;20341905;-5;665.84
91607;Welkom_5;09-11-2024;20341939;-5;27.38
108892;Welkom_5;10-11-2024;20342911;-5;174.97
87922;Welkom_5;10-11-2024;20342457;-5;120.99
100383;Welkom_5;10-11-2024;13998;-5;94.98
99149;Welkom_5;10-11-2024;20342960;-5;51.07
85356;Welkom_5;10-11-2024;20342622;-5;66.98
93562;Welkom_5;10-11-2024;20342481;-5;233.92
82164;Welkom_5;10-11-2024;20342556;-5;39.99
90394;Welkom_5;11-11-2024;20343513;-5;6.99
90802;Welkom_5;11-11-2024;20343265;-5;0.99
92044;Welkom_5;11-11-2024;20343331;-5;30.98
107944;Welkom_5;11-11-2024;20343380;-5;374.98
87261;Welkom_5;11-11-2024;20343125;-5;373.82
109716;Welkom_5;11-11-2024;14001;-5;48.98
98287;Welkom_5;11-11-2024;20343414;-5;269.99
81550;Welkom_5;11-11-2024;20343224;-5;4.89
96609;Welkom_5;12-11-2024;14004;-5;49.99
106096;Welkom_5;12-11-2024;14003;-5;519.99
89800;Welkom_5;12-11-2024;20343711;-5;247.18
92929;Welkom_5;12-11-2024;20343828;-5;69.97
91261;Welkom_5;13-11-2024;20344297;-5;34.99
92474;Welkom_5;13-11-2024;20344438;-5;611.62
101190;Welkom_5;13-11-2024;20344255;-5;1.99
99836;Welkom_5;13-11-2024;20344313;-5;5.78
91341;Welkom_5;13-11-2024;20344701;-5;401.18
90791;Welkom_5;14-11-2024;20345385;-5;186.62
103966;Welkom_5;14-11-2024;20344966;-5;33.28
94646;Welkom_5;14-11-2024;20344909;-5;264.99
101202;Welkom_5;14-11-2024;20344891;-5;69.99
108198;Welkom_5;14-11-2024;20344941;-5;81.97
105311;Welkom_5;14-11-2024;20345062;-5;189.28
88651;Welkom_5;14-11-2024;20345047;-5;36.98
99972;Welkom_5;14-11-2024;20345328;-5;137.98
108767;Welkom_5;14-11-2024;20345419;-5;678.32
105157;Welkom_5;14-11-2024;14009;-5;168.99
88444;Welkom_5;15-11-2024;20345567;-5;347.98
109800;Welkom_5;15-11-2024;20346201;-5;174.34
90736;Welkom_5;15-11-2024;20346078;-5;28.68
99025;Welkom_5;15-11-2024;20345773;-5;30.96
100780;Welkom_5;15-11-2024;20345625;-5;134.9
101863;Welkom_5;15-11-2024;20345930;-5;64.99
90231;Welkom_5;15-11-2024;20345732;-5;74.99
104755;Welkom_5;15-11-2024;20345526;-5;169.97
95568;Welkom_5;15-11-2024;20346243;-5;26.08
91475;Welkom_5;15-11-2024;20346128;-5;101.97
101885;Welkom_5;15-11-2024;20345906;-5;488.98
95922;Welkom_5;16-11-2024;20347001;-5;154.99
97830;Welkom_5;16-11-2024;20346813;-5;359.42
85541;Welkom_5;16-11-2024;20346946;-5;12.99
87119;Welkom_5;16-11-2024;20347589;-5;18.98
84757;Welkom_5;16-11-2024;20346482;-5;8.31
98656;Welkom_5;16-11-2024;20347365;-5;29.99
83500;Welkom_5;16-11-2024;20347258;-5;54.98
90489;Welkom_5;16-11-2024;20347043;-5;199.98
98331;Welkom_5;16-11-2024;20346466;-5;24.97
87144;Welkom_5;16-11-2024;20347415;-5;74.99
104615;Welkom_5;16-11-2024;20346920;-5;64.99
93313;Welkom_5;16-11-2024;20347282;-5;37.97
85158;Welkom_5;16-11-2024;20347449;-5;163.48
77669;Welkom_5;16-11-2024;20347084;-5;24.99
92354;Welkom_5;16-11-2024;20346714;-5;1896.83
100062;Welkom_5;16-11-2024;20346797;-5;124.99
96641;Welkom_5;17-11-2024;20348322;-5;78.48
102927;Welkom_5;17-11-2024;20348231;-5;742.42
96156;Welkom_5;17-11-2024;20348124;-5;7.49
100547;Welkom_5;17-11-2024;20347837;-5;20.63
87892;Welkom_5;17-11-2024;20347753;-5;87.47
98662;Welkom_5;17-11-2024;20347746;-5;89.96
84205;Welkom_5;17-11-2024;20348199;-5;216.23
84237;Welkom_5;17-11-2024;20348165;-5;20.39
97490;Welkom_5;17-11-2024;20347977;-5;102.97
101260;Welkom_5;18-11-2024;20348496;-5;1.75
107229;Welkom_5;18-11-2024;20348587;-5;24.99
99970;Welkom_5;18-11-2024;20348439;-5;267.86
97999;Welkom_5;18-11-2024;20348462;-5;244.99
105691;Welkom_5;18-11-2024;20348819;-5;0.39
98650;Welkom_5;18-11-2024;20348553;-5;5.79
86579;Welkom_5;18-11-2024;20348447;-5;30.99
84263;Welkom_5;18-11-2024;20348785;-5;74.99
81990;Welkom_5;19-11-2024;20349007;-5;35.21
100037;Welkom_5;19-11-2024;20349114;-5;218.97
85362;Welkom_5;19-11-2024;20349122;-5;57.99
94041;Welkom_5;19-11-2024;20349387;-5;194.99
83172;Welkom_5;19-11-2024;20349304;-5;87.48
92993;Welkom_5;19-11-2024;20349452;-5;49.98
85829;Welkom_5;19-11-2024;20349262;-5;62.99
98339;Welkom_5;19-11-2024;20349213;-5;67.87
109040;Welkom_5;20-11-2024;20349924;-5;17.49
108573;Welkom_5;20-11-2024;20349932;-5;199.97
98859;Welkom_5;20-11-2024;20349783;-5;27.99
100783;Welkom_5;20-11-2024;20349833;-5;30.99
108673;Welkom_5;21-11-2024;20503660;-5;58.99
106724;Welkom_5;21-11-2024;20350815;-5;242.27
107231;Welkom_5;21-11-2024;20350658;-5;22.99
90323;Welkom_5;21-11-2024;20350393;-5;171.99
88048;Welkom_5;21-11-2024;20503595;-5;234.93
86760;Welkom_5;21-11-2024;20409355;-5;52.36
86094;Welkom_5;21-11-2024;20351029;-5;18.99
92303;Welkom_5;21-11-2024;20350344;-5;75
85275;Welkom_5;21-11-2024;20409488;-5;66.98
85052;Welkom_5;21-11-2024;20350328;-5;19.99
84539;Welkom_5;21-11-2024;20350609;-5;229.98
89153;Welkom_5;21-11-2024;20350427;-5;244.99
106676;Welkom_5;21-11-2024;20350559;-5;29.69
99203;Welkom_5;21-11-2024;20350930;-5;166.49
105359;Welkom_5;21-11-2024;20409363;-5;27.48
89094;Welkom_5;21-11-2024;20409678;-5;942.96
102129;Welkom_5;22-11-2024;20351631;-5;102.97
97717;Welkom_5;22-11-2024;20351516;-5;24.99
106922;Welkom_5;22-11-2024;20351987;-5;19.99
94511;Welkom_5;22-11-2024;20351730;-5;579.99
87201;Welkom_5;22-11-2024;20351656;-5;39.57
97006;Welkom_5;22-11-2024;20352043;-5;53.49
94108;Welkom_5;22-11-2024;20351813;-5;379.94
103427;Welkom_5;22-11-2024;20351755;-5;44.99
93604;Welkom_5;22-11-2024;20352076;-5;10.29
92447;Welkom_5;22-11-2024;20351680;-5;103.66
102469;Welkom_5;22-11-2024;20351979;-5;336.47
97350;Welkom_5;22-11-2024;20351946;-5;21.99
105697;Welkom_5;22-11-2024;20351706;-5;55.96
107352;Welkom_5;22-11-2024;20351912;-5;11.19
107126;Welkom_5;22-11-2024;20351961;-5;46.64
95721;Welkom_5;22-11-2024;20351920;-5;137.76
88026;Welkom_5;23-11-2024;20409918;-5;134.47
109788;Welkom_5;23-11-2024;20352605;-5;73.89
96436;Welkom_5;23-11-2024;20353991;-5;53.69
93532;Welkom_5;23-11-2024;20352738;-5;1070.99
101938;Welkom_5;23-11-2024;20352829;-5;106.22
93848;Welkom_5;23-11-2024;20352381;-5;211.74
81959;Welkom_5;23-11-2024;20353892;-5;492.09
94511;Welkom_5;23-11-2024;20353074;-5;72.2
107859;Welkom_5;23-11-2024;20353108;-5;513.96
105027;Welkom_5;23-11-2024;20352860;-5;18.79
107137;Welkom_5;23-11-2024;20352597;-5;283.86
85785;Welkom_5;23-11-2024;20409991;-5;306.81
90584;Welkom_5;23-11-2024;20354049;-5;36.99
108712;Welkom_5;23-11-2024;20353850;-5;169.11
99423;Welkom_5;23-11-2024;20353611;-5;397.75
92495;Welkom_5;23-11-2024;20354148;-5;1370.41
103590;Welkom_5;23-11-2024;20353579;-5;44.57
103479;Welkom_5;23-11-2024;20352951;-5;49.27
97803;Welkom_5;23-11-2024;20410056;-5;222.24
90103;Welkom_5;23-11-2024;20353652;-5;215.99
91707;Welkom_5;23-11-2024;20354056;-5;70.58
96049;Welkom_5;23-11-2024;20352803;-5;270.72
93309;Welkom_5;23-11-2024;20353595;-5;33.24
99862;Welkom_5;24-11-2024;20354510;-5;28.99
103669;Welkom_5;24-11-2024;20354460;-5;58.74
96877;Welkom_5;24-11-2024;20354445;-5;24.71
98325;Welkom_5;24-11-2024;20354593;-5;308.34
109750;Welkom_5;24-11-2024;20410452;-5;123.97
100213;Welkom_5;24-11-2024;20355145;-5;89.47
93940;Welkom_5;24-11-2024;20354478;-5;84.98
102206;Welkom_5;24-11-2024;20354544;-5;426.96
83070;Welkom_5;24-11-2024;20355061;-5;242.21
86013;Welkom_5;24-11-2024;20355186;-5;183.66
100268;Welkom_5;24-11-2024;20410429;-5;458.19
106581;Welkom_5;24-11-2024;20410486;-5;1513.28
83926;Welkom_5;24-11-2024;20355095;-5;467.97
98493;Welkom_5;24-11-2024;20354999;-5;99.48
99609;Welkom_5;24-11-2024;20354221;-5;10.29
98083;Welkom_5;24-11-2024;20410411;-5;993.68
109985;Welkom_5;24-11-2024;20355160;-5;96.99
102078;Welkom_5;25-11-2024;20355541;-5;12.99
99894;Welkom_5;25-11-2024;20355863;-5;34.99
107815;Welkom_5;25-11-2024;20355616;-5;136.95
108017;Welkom_5;25-11-2024;20355731;-5;74.98
91654;Welkom_5;25-11-2024;20355723;-5;21.99
81719;Welkom_5;25-11-2024;20355855;-5;195.44
83456;Welkom_5;25-11-2024;20355459;-5;362.97
105832;Welkom_5;25-11-2024;20355475;-5;24.99
98385;Welkom_5;26-11-2024;20356531;-5;114.99
109211;Welkom_5;26-11-2024;20356416;-5;102.98
102667;Welkom_5;26-11-2024;20356176;-5;103.05
92614;Welkom_5;26-11-2024;20356481;-5;174.99
80294;Welkom_5;27-11-2024;20357174;-5;213.57
91222;Welkom_5;27-11-2024;20356994;-5;419.94
93872;Welkom_5;27-11-2024;20356648;-5;164.44
101462;Welkom_5;27-11-2024;20356630;-5;57.49
104943;Welkom_5;27-11-2024;20357158;-5;640.42
86126;Welkom_5;27-11-2024;20356846;-5;4.89
100257;Welkom_5;27-11-2024;20356887;-5;80.98
97332;Welkom_5;28-11-2024;20357414;-5;57.99
86514;Welkom_5;28-11-2024;20357232;-5;182.06
97762;Welkom_5;28-11-2024;20357679;-5;49.46
77053;Welkom_5;28-11-2024;20357349;-5;126.99
95262;Welkom_5;28-11-2024;20357646;-5;47.95
99083;Welkom_5;28-11-2024;20357661;-5;36.98
98018;Welkom_5;28-11-2024;20357356;-5;93.93
93450;Welkom_5;28-11-2024;20357372;-5;436.98
90257;Welkom_5;28-11-2024;20357315;-5;328.97
92687;Welkom_5;28-11-2024;20357554;-5;424.99
91702;Welkom_5;29-11-2024;20358644;-5;394.9
107093;Welkom_5;29-11-2024;20358172;-5;240.94
85664;Welkom_5;30-11-2024;20410650;-5;104.87
84181;Welkom_5;30-11-2024;20410668;-5;69.76
94189;Welkom_5;30-11-2024;20358941;-5;6.69
90224;Welkom_5;30-11-2024;20360004;-5;12.58
101840;Welkom_5;30-11-2024;20360046;-5;194.99
87469;Welkom_5;30-11-2024;20359691;-5;51.61
95052;Welkom_5;30-11-2024;20359360;-5;19.29
92176;Welkom_5;30-11-2024;20410692;-5;34
106776;Welkom_5;30-11-2024;20358867;-5;48.99
108363;Welkom_5;30-11-2024;20359527;-5;22.95
106808;Welkom_5;30-11-2024;20359279;-5;23.98
94165;Welkom_5;30-11-2024;20410700;-5;90.98
108920;Welkom_5;30-11-2024;20360236;-5;543.45
108359;Welkom_5;30-11-2024;20410742;-5;114.98
101824;Welkom_5;30-11-2024;20360327;-5;77.48
102191;Welkom_5;30-11-2024;20359113;-5;66.98
89863;Welkom_5;30-11-2024;20359428;-5;104.99
92004;Welkom_5;30-11-2024;20410643;-5;9.93
95651;Welkom_5;30-11-2024;20359329;-5;4.48
105789;Welkom_5;30-11-2024;20359287;-5;14.98
103073;Welkom_5;30-11-2024;14036;-5;114.99
109279;Welkom_5;30-11-2024;20360087;-5;119.98
96481;Welkom_5;30-11-2024;20360111;-5;-176.33
100613;Welkom_5;30-11-2024;20359493;-5;190.47
97846;Welkom_5;30-11-2024;20410619;-5;76.48
97674;Welkom_5;30-11-2024;20360368;-5;30.98
106535;Welkom_5;30-11-2024;20360269;-5;26.94
85151;Welkom_5;01-12-2024;20361010;-5;108.11
97930;Welkom_5;01-12-2024;20360616;-5;74.99
106465;Welkom_5;01-12-2024;20360632;-5;54.89
108640;Welkom_5;01-12-2024;20361028;-5;139.99
95131;Welkom_5;01-12-2024;20360517;-5;66.98
86342;Welkom_5;01-12-2024;20360699;-5;122.07
93214;Welkom_5;01-12-2024;20360442;-5;102.93
100805;Welkom_5;02-12-2024;20361325;-5;38.45
107090;Welkom_5;02-12-2024;20361440;-5;79.99
108124;Welkom_5;02-12-2024;20361259;-5;49.99
93212;Welkom_5;02-12-2024;20361564;-5;6.99
106114;Welkom_5;02-12-2024;20361614;-5;57.58
98011;Welkom_5;02-12-2024;20361473;-5;209.39
107567;Welkom_5;02-12-2024;20361457;-5;19.99
93131;Welkom_5;03-12-2024;20362158;-5;843.96
83605;Welkom_5;03-12-2024;20362067;-5;102.98
97840;Welkom_5;04-12-2024;20362802;-5;224.99
80973;Welkom_5;05-12-2024;20363420;-5;92.77
108747;Welkom_5;05-12-2024;20363651;-5;210.97
97488;Welkom_5;05-12-2024;20363321;-5;30.99
87048;Welkom_5;05-12-2024;20363719;-5;312.22
94042;Welkom_5;05-12-2024;20363644;-5;39.99
100609;Welkom_5;05-12-2024;20363255;-5;509.17
94672;Welkom_5;05-12-2024;20363503;-5;243.95
94889;Welkom_5;06-12-2024;20364105;-5;24.64
97937;Welkom_5;06-12-2024;20364147;-5;34.99
100855;Welkom_5;06-12-2024;20364139;-5;26.49
103572;Welkom_5;06-12-2024;20364717;-5;362.95
86341;Welkom_5;06-12-2024;20364501;-5;193.46
109847;Welkom_5;06-12-2024;20364410;-5;89.98
103856;Welkom_5;06-12-2024;20364709;-5;205.98
87514;Welkom_5;06-12-2024;20364329;-5;76.48
107716;Welkom_5;06-12-2024;20364675;-5;48.99
100890;Welkom_5;06-12-2024;20364253;-5;32.28
102057;Welkom_5;06-12-2024;20364634;-5;112.42
84960;Welkom_5;07-12-2024;20365987;-5;198.82
101167;Welkom_5;07-12-2024;20364998;-5;54.99
92923;Welkom_5;07-12-2024;20365474;-5;212.96
109085;Welkom_5;07-12-2024;20365276;-5;232.99
104534;Welkom_5;08-12-2024;20366845;-5;38.08
85735;Welkom_5;08-12-2024;20366787;-5;2163.81
108305;Welkom_5;08-12-2024;20366886;-5;134.99
84969;Welkom_5;08-12-2024;20366563;-5;224.97
86254;Welkom_5;08-12-2024;20366647;-5;334.97
95826;Welkom_5;08-12-2024;20366654;-5;238.62
108695;Welkom_5;08-12-2024;20366910;-5;25.72
90793;Welkom_5;08-12-2024;20367280;-5;49.07
103200;Welkom_5;08-12-2024;20367058;-5;24.24
96962;Welkom_5;08-12-2024;20366852;-5;591.33
91426;Welkom_5;08-12-2024;20366753;-5;20.19
107377;Welkom_5;08-12-2024;20366498;-5;37.24
89007;Welkom_5;08-12-2024;20366928;-5;594.98
94702;Welkom_5;08-12-2024;20366605;-5;273.53
93645;Welkom_5;08-12-2024;20366688;-5;319.99
101898;Welkom_5;09-12-2024;20367850;-5;105
109126;Welkom_5;09-12-2024;20367744;-5;74.94
85942;Welkom_5;09-12-2024;20367959;-5;12.48
108367;Welkom_5;09-12-2024;20367637;-5;66.17
92234;Welkom_5;09-12-2024;20367652;-5;329.97
88981;Welkom_5;09-12-2024;20367942;-5;328.45
93395;Welkom_5;09-12-2024;20367876;-5;34.95
82418;Welkom_5;10-12-2024;20368320;-5;57.78
102266;Welkom_5;10-12-2024;20368478;-5;209.97
100277;Welkom_5;10-12-2024;20368437;-5;351.54
101488;Welkom_5;10-12-2024;20368528;-5;500.18
98777;Welkom_5;10-12-2024;20368486;-5;786.86
103856;Welkom_5;11-12-2024;20369229;-5;39.99
87032;Welkom_5;11-12-2024;20368726;-5;60.98
97538;Welkom_5;11-12-2024;20369203;-5;179.96
101268;Welkom_5;11-12-2024;20368866;-5;14.78
85483;Welkom_5;12-12-2024;20369526;-5;68.63
93016;Welkom_5;12-12-2024;20369476;-5;125.28
93555;Welkom_5;12-12-2024;20369583;-5;50.39
87648;Welkom_5;12-12-2024;20369492;-5;708.98
90141;Welkom_5;12-12-2024;20369617;-5;59.98
85458;Welkom_5;12-12-2024;20369773;-5;187.17
104986;Welkom_5;12-12-2024;20369401;-5;37.06
106425;Welkom_5;12-12-2024;20369781;-5;194.99
97777;Welkom_5;12-12-2024;20369682;-5;764.95
102874;Welkom_5;12-12-2024;20369369;-5;97.91
98311;Welkom_5;13-12-2024;20370854;-5;269.98
87851;Welkom_5;13-12-2024;20370524;-5;84.9
98337;Welkom_5;13-12-2024;20371092;-5;182.96
104395;Welkom_5;13-12-2024;20370326;-5;20.19
84473;Welkom_5;13-12-2024;20370664;-5;21.99
107178;Welkom_5;13-12-2024;20370268;-5;306.13
104183;Welkom_5;13-12-2024;20370490;-5;17.5
92997;Welkom_5;13-12-2024;20370383;-5;50.51
98495;Welkom_5;13-12-2024;20370409;-5;404.93
91751;Welkom_5;13-12-2024;20370318;-5;396.96
86048;Welkom_5;13-12-2024;20369989;-5;317.98
99302;Welkom_5;14-12-2024;20371464;-5;501.22
98333;Welkom_5;14-12-2024;20371423;-5;154.99
96133;Welkom_5;14-12-2024;20371837;-5;44.5
95639;Welkom_5;14-12-2024;20372009;-5;248.88
107947;Welkom_5;14-12-2024;20372488;-5;272.92
103872;Welkom_5;14-12-2024;20371621;-5;351.86
102634;Welkom_5;14-12-2024;20372645;-5;620.17
101609;Welkom_5;14-12-2024;20372371;-5;48.98
84533;Welkom_5;14-12-2024;20372116;-5;145.04
99858;Welkom_5;14-12-2024;20371894;-5;10.29
92515;Welkom_5;14-12-2024;20371605;-5;265.44
97524;Welkom_5;14-12-2024;20372082;-5;27.38
100762;Welkom_5;14-12-2024;20371233;-5;125.48
96539;Welkom_5;14-12-2024;20372595;-5;379.72
104770;Welkom_5;14-12-2024;20372652;-5;578.51
104166;Welkom_5;14-12-2024;20371548;-5;484.97
104307;Welkom_5;14-12-2024;20372561;-5;19.75
90379;Welkom_5;15-12-2024;20373841;-5;184.99
88138;Welkom_5;15-12-2024;20373247;-5;330.98
108642;Welkom_5;15-12-2024;20373817;-5;562.1
102154;Welkom_5;15-12-2024;20372900;-5;105.23
94831;Welkom_5;15-12-2024;20372959;-5;157.31
94954;Welkom_5;15-12-2024;20373395;-5;224.99
103773;Welkom_5;15-12-2024;20373130;-5;109.98
102831;Welkom_5;15-12-2024;20373205;-5;162.67
93066;Welkom_5;15-12-2024;20373569;-5;464.56
86291;Welkom_5;15-12-2024;20373528;-5;1091.96
108454;Welkom_5;15-12-2024;20373494;-5;815.95
84816;Welkom_5;15-12-2024;20373007;-5;1015.98
108766;Welkom_5;16-12-2024;20374286;-5;194.99
94491;Welkom_5;16-12-2024;20374385;-5;201.98
87537;Welkom_5;16-12-2024;20374203;-5;28.13
109871;Welkom_5;16-12-2024;20374526;-5;84.99
103645;Welkom_5;16-12-2024;20374039;-5;7.58
99226;Welkom_5;16-12-2024;20374450;-5;54.99
90507;Welkom_5;16-12-2024;20374179;-5;24.99
98801;Welkom_5;16-12-2024;20374245;-5;35.49
102141;Welkom_5;16-12-2024;20374617;-5;135.94
84429;Welkom_5;17-12-2024;20375754;-5;94
105550;Welkom_5;17-12-2024;20375713;-5;544.69
86831;Welkom_5;19-12-2024;20376554;-5;189.98
103086;Welkom_5;19-12-2024;20376414;-5;124.54
80340;Welkom_5;19-12-2024;20376489;-5;70.57
91376;Welkom_5;19-12-2024;20376802;-5;224.99
92963;Welkom_5;19-12-2024;20376497;-5;84.99
96447;Welkom_5;19-12-2024;20376745;-5;0.98
87676;Welkom_5;19-12-2024;20376711;-5;79.49
92228;Welkom_5;19-12-2024;20377073;-5;54.99
87251;Welkom_5;19-12-2024;20376661;-5;4.98
93949;Welkom_5;19-12-2024;20376539;-5;516.49
88976;Welkom_5;19-12-2024;20376927;-5;9.4
100219;Welkom_5;19-12-2024;20376760;-5;164.99
104650;Welkom_5;19-12-2024;20376422;-5;104.98
88526;Welkom_5;19-12-2024;20376778;-5;255.44
108111;Welkom_5;19-12-2024;20376513;-5;44.68
98855;Welkom_5;19-12-2024;20376612;-5;144.99
88673;Welkom_5;20-12-2024;20378352;-5;214.99
98788;Welkom_5;20-12-2024;20378337;-5;354.98
106146;Welkom_5;20-12-2024;20377800;-5;84.99
96047;Welkom_5;20-12-2024;20378063;-5;7.58
92979;Welkom_5;20-12-2024;20377511;-5;11.99
100283;Welkom_5;20-12-2024;20378220;-5;2027.11
104372;Welkom_5;20-12-2024;20378055;-5;174.98
84670;Welkom_5;20-12-2024;20377750;-5;114.99
90832;Welkom_5;20-12-2024;20377321;-5;0.39
86078;Welkom_5;21-12-2024;20379616;-5;49.99
104889;Welkom_5;21-12-2024;20379954;-5;29.99
89350;Welkom_5;21-12-2024;20378816;-5;639.97
80288;Welkom_5;21-12-2024;20379327;-5;225.41
99432;Welkom_5;21-12-2024;20380077;-5;10.29
80080;Welkom_5;21-12-2024;20379608;-5;171.89
87953;Welkom_5;21-12-2024;20378618;-5;20.73
93518;Welkom_5;22-12-2024;20380531;-5;35.49
99147;Welkom_5;22-12-2024;20380366;-5;444
105325;Welkom_5;22-12-2024;20380622;-5;75.38
98078;Welkom_5;22-12-2024;20380192;-5;3.95
81453;Welkom_5;22-12-2024;20380648;-5;454.97
95771;Welkom_5;22-12-2024;20380275;-5;74.87
108176;Welkom_5;22-12-2024;20380226;-5;31.89
79079;Welkom_5;22-12-2024;20380242;-5;12.99
86465;Welkom_5;22-12-2024;20380341;-5;439.94
90887;Welkom_5;23-12-2024;20381703;-5;45.97
92526;Welkom_5;23-12-2024;20381562;-5;192.94
98288;Welkom_5;23-12-2024;20381729;-5;7.76
102648;Welkom_5;23-12-2024;20382362;-5;119.98
100239;Welkom_5;23-12-2024;20381448;-5;56
91859;Welkom_5;23-12-2024;20381778;-5;109.97
85217;Welkom_5;23-12-2024;20382032;-5;272.43
106000;Welkom_5;23-12-2024;20381398;-5;135.95
107066;Welkom_5;23-12-2024;20381323;-5;94.86
96466;Welkom_5;23-12-2024;20382040;-5;111.16
84892;Welkom_5;23-12-2024;20381570;-5;378.93
108348;Welkom_5;23-12-2024;20381513;-5;18.28
79061;Welkom_5;23-12-2024;20381836;-5;25.38
101542;Welkom_5;23-12-2024;20381489;-5;43.94
90244;Welkom_5;23-12-2024;20382222;-5;50.28
84773;Welkom_5;23-12-2024;20381273;-5;50.98
94864;Welkom_5;23-12-2024;20382248;-5;6.08
87829;Welkom_5;23-12-2024;20381349;-5;63.97
93393;Welkom_5;23-12-2024;20382321;-5;18.38
95019;Welkom_5;23-12-2024;20381596;-5;55.98
96760;Welkom_5;23-12-2024;20381810;-5;104.98
80276;Welkom_5;23-12-2024;20381406;-5;222.98
88452;Welkom_5;23-12-2024;20381117;-5;217.89
93530;Welkom_5;23-12-2024;20382305;-5;72.13
100393;Welkom_5;24-12-2024;20382487;-5;534.99
108086;Welkom_5;24-12-2024;20383436;-5;27.38
86553;Welkom_5;24-12-2024;20382941;-5;160
104428;Welkom_5;24-12-2024;20382560;-5;284.98
94844;Welkom_5;24-12-2024;20382800;-5;664.93
88755;Welkom_5;24-12-2024;20383352;-5;19.75
89080;Welkom_5;24-12-2024;20382719;-5;289.28
101740;Welkom_5;24-12-2024;20383246;-5;39.95
85401;Welkom_5;24-12-2024;20383196;-5;67.67
95722;Welkom_5;24-12-2024;20382958;-5;633.97
95965;Welkom_5;24-12-2024;20382644;-5;54.38
105355;Welkom_5;24-12-2024;20382511;-5;234.99
100260;Welkom_5;24-12-2024;20383741;-5;1249.19
95128;Welkom_5;24-12-2024;20383048;-5;149.98
90633;Welkom_5;27-12-2024;20384780;-5;1097.93
89951;Welkom_5;27-12-2024;20384889;-5;138.99
106128;Welkom_5;27-12-2024;14096;-5;327.99
83995;Welkom_5;27-12-2024;20384632;-5;274.99
100018;Welkom_5;27-12-2024;20384624;-5;114.8
99900;Welkom_5;27-12-2024;20411260;-5;886.91
94394;Welkom_5;27-12-2024;20383964;-5;784.97
91200;Welkom_5;27-12-2024;20384194;-5;776.34
103901;Welkom_5;27-12-2024;20384137;-5;118.97
84770;Welkom_5;27-12-2024;20384160;-5;18.1
94059;Welkom_5;27-12-2024;20384111;-5;-6.5
92107;Welkom_5;27-12-2024;20384434;-5;144.99
105652;Welkom_5;27-12-2024;20384608;-5;1374.8
99394;Welkom_5;27-12-2024;20385043;-5;12.08
85569;Welkom_5;27-12-2024;20385704;-5;21.98
95037;Welkom_5;27-12-2024;20385746;-5;65.96
94482;Welkom_5;27-12-2024;20385076;-5;144.99
105573;Welkom_5;27-12-2024;20384913;-5;200.96
99230;Welkom_5;27-12-2024;20384715;-5;31.49
107801;Welkom_5;27-12-2024;20384087;-5;146.12
103887;Welkom_5;27-12-2024;20384871;-5;105.98
109842;Welkom_5;28-12-2024;20386132;-5;39.99
104344;Welkom_5;28-12-2024;20386348;-5;189.96
87131;Welkom_5;28-12-2024;20387908;-5;699.46
89210;Welkom_5;28-12-2024;20386991;-5;64.98
79875;Welkom_5;28-12-2024;20387692;-5;10.29
88204;Welkom_5;28-12-2024;20385928;-5;280.71
108249;Welkom_5;28-12-2024;20387395;-5;6.69
105124;Welkom_5;28-12-2024;20387627;-5;424.98
92319;Welkom_5;28-12-2024;20387700;-5;144.98
88925;Welkom_5;28-12-2024;20386231;-5;49.98
85385;Welkom_5;28-12-2024;20386397;-5;124.99
88907;Welkom_5;28-12-2024;20386488;-5;454.89
85938;Welkom_5;28-12-2024;20386462;-5;118.97
90011;Welkom_5;28-12-2024;20386678;-5;289.28
97023;Welkom_5;28-12-2024;20387585;-5;60.98
92810;Welkom_5;28-12-2024;20386470;-5;154.99
98589;Welkom_5;28-12-2024;20386017;-5;74.95
88384;Welkom_5;28-12-2024;20387486;-5;526.12
92570;Welkom_5;29-12-2024;20388179;-5;107.97
90414;Welkom_5;29-12-2024;20388302;-5;435.93
87519;Welkom_5;29-12-2024;20388427;-5;253.98
95511;Welkom_5;29-12-2024;20388419;-5;161.97
109185;Welkom_5;30-12-2024;20390084;-5;224.99
100052;Welkom_5;30-12-2024;20389771;-5;364.99
103690;Welkom_5;30-12-2024;20389961;-5;294.97
92621;Welkom_5;30-12-2024;20389748;-5;26.78
86259;Welkom_5;30-12-2024;20389086;-5;97.98
94894;Welkom_5;30-12-2024;20389763;-5;15.9
89872;Welkom_5;30-12-2024;20389912;-5;44.99
89549;Welkom_5;30-12-2024;20389979;-5;192.64
86568;Welkom_5;30-12-2024;20390480;-5;148.98
84378;Welkom_5;30-12-2024;20389821;-5;169.99
96790;Welkom_5;30-12-2024;20389953;-5;280.97
100513;Welkom_5;30-12-2024;20390472;-5;190.97
104125;Welkom_5;30-12-2024;20389292;-5;166.95
104658;Welkom_5;30-12-2024;20390407;-5;7.59
104443;Welkom_5;30-12-2024;20389615;-5;48.98
107946;Welkom_5;30-12-2024;20390449;-5;91.98
89342;Welkom_5;30-12-2024;20389110;-5;51.68
98215;Welkom_5;30-12-2024;20389177;-5;17.49
89590;Welkom_5;30-12-2024;20389797;-5;84.99
103831;Welkom_5;30-12-2024;20390357;-5;384.99
86457;Welkom_5;31-12-2024;20391777;-5;704.92
106333;Welkom_5;31-12-2024;20391637;-5;334.99
88368;Welkom_5;31-12-2024;20391090;-5;205.98
85042;Welkom_5;31-12-2024;20391173;-5;280.95
91880;Welkom_5;31-12-2024;20391306;-5;329.73
107771;Welkom_5;31-12-2024;20391546;-5;77.97
91275;Welkom_5;31-12-2024;20391629;-5;691.93
85042;Welkom_5;02-01-2025;20393013;-5;384.97
91932;Welkom_5;02-01-2025;20392106;-5;12.99
86133;Welkom_5;02-01-2025;20392189;-5;59.99
108064;Welkom_5;02-01-2025;20392411;-5;603.57
89961;Welkom_5;02-01-2025;20392817;-5;6.69
97047;Welkom_5;02-01-2025;20392577;-5;254.99
102397;Welkom_5;02-01-2025;20392940;-5;371.98
107258;Welkom_5;02-01-2025;20392593;-5;129.99
93744;Welkom_5;02-01-2025;20392361;-5;544.99
86670;Welkom_5;03-01-2025;20393377;-5;255.44
89780;Welkom_5;03-01-2025;20394045;-5;103.6
100504;Welkom_5;03-01-2025;20393229;-5;199.98
79319;Welkom_5;03-01-2025;20393344;-5;86.17
107671;Welkom_5;03-01-2025;20394334;-5;114.98
102673;Welkom_5;03-01-2025;20393732;-5;329.96
90314;Welkom_5;03-01-2025;20393609;-5;177.95
97537;Welkom_5;03-01-2025;20394375;-5;694.98
91386;Welkom_5;03-01-2025;20393203;-5;41.74
103315;Welkom_5;03-01-2025;20393849;-5;195.46
97083;Welkom_5;04-01-2025;20396107;-5;254.98
102698;Welkom_5;04-01-2025;20394805;-5;160.95
103442;Welkom_5;04-01-2025;20394847;-5;32.5
89616;Welkom_5;04-01-2025;20414736;-5;34.99
83718;Welkom_5;04-01-2025;20395869;-5;304.98
88671;Welkom_5;04-01-2025;20395398;-5;306.98
108357;Welkom_5;04-01-2025;20394813;-5;349.65
109079;Welkom_5;04-01-2025;20394797;-5;39.99
102198;Welkom_5;04-01-2025;20414678;-5;44.99
99627;Welkom_5;05-01-2025;20396487;-5;324.99
99601;Welkom_5;05-01-2025;20396271;-5;94.99
99634;Welkom_5;05-01-2025;20396735;-5;50.98
87554;Welkom_5;05-01-2025;20396784;-5;9.39
108215;Welkom_5;05-01-2025;14115;-5;36.99
87487;Welkom_5;05-01-2025;20396503;-5;224.98
102113;Welkom_5;06-01-2025;20397238;-5;65.9
103065;Welkom_5;06-01-2025;20397469;-5;135.86
91124;Welkom_5;06-01-2025;20397196;-5;224.99
91255;Welkom_5;06-01-2025;20397121;-5;282.96
100076;Welkom_5;06-01-2025;20397410;-5;989.97
98159;Welkom_5;06-01-2025;20397493;-5;626.06
86993;Welkom_5;06-01-2025;20397071;-5;194.99
88105;Welkom_5;06-01-2025;20397691;-5;404.98
98241;Welkom_5;06-01-2025;20397154;-5;56.98
102928;Welkom_5;06-01-2025;20397543;-5;516.99
99833;Welkom_5;06-01-2025;20397634;-5;35.45
104952;Welkom_5;06-01-2025;20397568;-5;178.96
95182;Welkom_5;07-01-2025;20398087;-5;312.98
93581;Welkom_5;07-01-2025;20397998;-5;511.98
90035;Welkom_5;07-01-2025;20398012;-5;94.97
95835;Welkom_5;07-01-2025;20398368;-5;19.75
107210;Welkom_5;07-01-2025;20397873;-5;97.32
103497;Welkom_5;08-01-2025;20398897;-5;45.34
92371;Welkom_5;08-01-2025;20398947;-5;17.99
90854;Welkom_5;08-01-2025;20398822;-5;509.98
93171;Welkom_5;08-01-2025;20398806;-5;58.58
106894;Welkom_5;08-01-2025;20399069;-5;28.75
98378;Welkom_5;08-01-2025;20398509;-5;298.37
95903;Welkom_5;08-01-2025;20398715;-5;85.23
90916;Welkom_5;09-01-2025;20399788;-5;217.98
102032;Welkom_5;09-01-2025;20300125;-5;173.75
88017;Welkom_5;09-01-2025;20399762;-5;210.94
99383;Welkom_5;09-01-2025;20399895;-5;294.99
103232;Welkom_5;09-01-2025;20300083;-5;120.99
108320;Welkom_5;09-01-2025;20399655;-5;594.99
95960;Welkom_5;09-01-2025;20399689;-5;125.48
90269;Welkom_5;09-01-2025;20399978;-5;174.99
85063;Welkom_5;09-01-2025;20399531;-5;1024.07
78986;Welkom_5;09-01-2025;20399721;-5;72.99
108529;Welkom_5;09-01-2025;20399507;-5;86.98
92781;Welkom_5;10-01-2025;20300612;-5;529.98
83432;Welkom_5;10-01-2025;20301180;-5;203.99
85580;Welkom_5;10-01-2025;20301198;-5;19.99
90574;Welkom_5;10-01-2025;20300620;-5;63.98
103121;Welkom_5;10-01-2025;20300356;-5;19.75
93266;Welkom_5;10-01-2025;20300422;-5;80.48
87149;Welkom_5;10-01-2025;20301297;-5;670.44
103089;Welkom_5;10-01-2025;20300638;-5;285.93
100666;Welkom_5;10-01-2025;20300729;-5;265.44
88513;Welkom_5;10-01-2025;20300737;-5;425.54
87377;Welkom_5;10-01-2025;20300570;-5;12.99
98016;Welkom_5;10-01-2025;20300257;-5;729.97
88342;Welkom_5;10-01-2025;20301289;-5;3.99
82678;Welkom_5;10-01-2025;20300406;-5;196.06
85552;Welkom_5;10-01-2025;20300604;-5;138.94
98416;Welkom_5;10-01-2025;20301321;-5;529.95
86486;Welkom_5;10-01-2025;20300695;-5;29.99
81639;Welkom_5;10-01-2025;20300810;-5;44.47
105467;Welkom_5;10-01-2025;20300794;-5;103.96
90222;Welkom_5;10-01-2025;20300968;-5;13.89
86881;Welkom_5;10-01-2025;20300901;-5;153.97
84865;Welkom_5;10-01-2025;20300588;-5;354.98
98133;Welkom_5;10-01-2025;20301016;-5;33.68
104127;Welkom_5;10-01-2025;20300752;-5;43.58
84310;Welkom_5;11-01-2025;20303004;-5;316.81
102520;Welkom_5;11-01-2025;20303202;-5;99.74
99531;Welkom_5;11-01-2025;20302725;-5;99.61
92448;Welkom_5;11-01-2025;20302527;-5;129.33
105762;Welkom_5;11-01-2025;20302824;-5;77.38
87751;Welkom_5;11-01-2025;20301750;-5;164.99
96159;Welkom_5;11-01-2025;20303152;-5;179.94
82174;Welkom_5;11-01-2025;20415113;-5;262.98
90591;Welkom_5;11-01-2025;20303293;-5;274.98
108410;Welkom_5;11-01-2025;20301784;-5;69.25
107067;Welkom_5;11-01-2025;20301883;-5;340.43
107341;Welkom_5;11-01-2025;20301560;-5;288.46
98496;Welkom_5;11-01-2025;20301875;-5;300.83
97612;Welkom_5;11-01-2025;20301966;-5;359.96
109599;Welkom_5;11-01-2025;20303418;-5;264.91
82835;Welkom_5;11-01-2025;20301529;-5;59.76
101824;Welkom_5;12-01-2025;20304481;-5;260.42
83213;Welkom_5;12-01-2025;20304333;-5;360.97
87099;Welkom_5;12-01-2025;20303517;-5;244.99
100529;Welkom_5;12-01-2025;20304259;-5;424.97
91851;Welkom_5;12-01-2025;20304408;-5;4.98
90466;Welkom_5;12-01-2025;20303657;-5;21.99
97064;Welkom_5;12-01-2025;20303970;-5;23.95
90214;Welkom_5;13-01-2025;20305140;-5;66.99
100009;Welkom_5;13-01-2025;20304648;-5;168.44
88796;Welkom_5;13-01-2025;20304945;-5;74.99
87018;Welkom_5;13-01-2025;20304887;-5;55.54
89219;Welkom_5;13-01-2025;20304879;-5;12.99
96862;Welkom_5;13-01-2025;20304929;-5;204.98
86534;Welkom_5;13-01-2025;20304796;-5;245.69
108995;Welkom_5;13-01-2025;20304606;-5;4.89
103466;Welkom_5;13-01-2025;20304598;-5;69.99
84268;Welkom_5;14-01-2025;20305678;-5;344.99
104564;Welkom_5;14-01-2025;20305769;-5;108.37
100886;Welkom_5;14-01-2025;20305439;-5;234.88
102683;Welkom_5;14-01-2025;20305447;-5;82.8
94434;Welkom_5;14-01-2025;20305629;-5;531.97
87733;Welkom_5;14-01-2025;20305488;-5;44.5
91874;Welkom_5;14-01-2025;14136;-5;519.99
87962;Welkom_5;14-01-2025;20305587;-5;123.96
80317;Welkom_5;15-01-2025;20306536;-5;154.97
89947;Welkom_5;15-01-2025;20306858;-5;32.98
77366;Welkom_5;15-01-2025;20306247;-5;98.17
109794;Welkom_5;15-01-2025;20306155;-5;394.99
108063;Welkom_5;15-01-2025;20306825;-5;44.5
108063;Welkom_5;15-01-2025;20306791;-5;44.5
94408;Welkom_5;15-01-2025;20307120;-5;44.5
100196;Welkom_5;15-01-2025;20306304;-5;43.95
108846;Welkom_5;15-01-2025;20306510;-5;7.58
106289;Welkom_5;15-01-2025;20307146;-5;30.99
108937;Welkom_5;15-01-2025;20306882;-5;69.67
91401;Welkom_5;15-01-2025;14141;-5;134.99
85403;Welkom_5;15-01-2025;20306841;-5;133
105522;Welkom_5;16-01-2025;20307856;-5;40.18
92397;Welkom_5;16-01-2025;20307245;-5;19.75
98647;Welkom_5;16-01-2025;20307278;-5;45.74
93262;Welkom_5;16-01-2025;20307864;-5;139.18
105422;Welkom_5;16-01-2025;20307658;-5;72.94
88164;Welkom_5;16-01-2025;20307393;-5;24.99
109335;Welkom_5;16-01-2025;20307724;-5;39.53
89814;Welkom_5;16-01-2025;20307344;-5;23.79
109467;Welkom_5;17-01-2025;20308847;-5;49.95
89462;Welkom_5;17-01-2025;20307997;-5;492.23
95368;Welkom_5;17-01-2025;20308276;-5;45.38
93855;Welkom_5;17-01-2025;20308748;-5;19.75
109347;Welkom_5;17-01-2025;20308318;-5;259.86
102334;Welkom_5;17-01-2025;20309043;-5;19.75
85394;Welkom_5;17-01-2025;20308979;-5;44.5
103799;Welkom_5;17-01-2025;20308078;-5;134.99
92189;Welkom_5;17-01-2025;20308920;-5;84.95
109975;Welkom_5;17-01-2025;20308169;-5;31.98
105740;Welkom_5;17-01-2025;20308516;-5;244.98
106026;Welkom_5;17-01-2025;20308763;-5;46.49
84591;Welkom_5;17-01-2025;20309076;-5;236.58
92822;Welkom_5;17-01-2025;20308490;-5;364.99
103979;Welkom_5;18-01-2025;20415733;-5;32.89
80760;Welkom_5;18-01-2025;20309399;-5;144.99
87660;Welkom_5;18-01-2025;20310223;-5;172.98
96237;Welkom_5;18-01-2025;20309522;-5;10.98
92247;Welkom_5;18-01-2025;20309886;-5;164.96
107021;Welkom_5;18-01-2025;20309266;-5;7.59
109529;Welkom_5;18-01-2025;20309852;-5;443.64
93098;Welkom_5;18-01-2025;20415568;-5;512.39
106663;Welkom_5;18-01-2025;20310496;-5;534.98
102135;Welkom_5;18-01-2025;20309712;-5;10.29
97099;Welkom_5;18-01-2025;20310330;-5;34.67
92065;Welkom_5;18-01-2025;14148;-5;292.5
99001;Welkom_5;18-01-2025;20415386;-5;94.99
98416;Welkom_5;18-01-2025;20415774;-5;144.99
105072;Welkom_5;18-01-2025;20415451;-5;74.99
90445;Welkom_5;18-01-2025;20309423;-5;144.98
92525;Welkom_5;18-01-2025;20415469;-5;74.98
108075;Welkom_5;18-01-2025;20310694;-5;84.99
95146;Welkom_5;18-01-2025;20309605;-5;119.96
98860;Welkom_5;18-01-2025;20309860;-5;133.99
97515;Welkom_5;18-01-2025;20415543;-5;36.99
108512;Welkom_5;18-01-2025;20309969;-5;164.44
109711;Welkom_5;18-01-2025;20415410;-5;124.99
109385;Welkom_5;18-01-2025;14149;-5;144.99
99706;Welkom_5;18-01-2025;20310629;-5;87.28
92506;Welkom_5;18-01-2025;20415717;-5;427.96
102694;Welkom_5;18-01-2025;20415402;-5;104.94
102528;Welkom_5;18-01-2025;20309530;-5;31.98
89000;Welkom_5;18-01-2025;20310611;-5;353.47
96982;Welkom_5;18-01-2025;20309316;-5;12.98
99207;Welkom_5;18-01-2025;20310678;-5;17.49
94389;Welkom_5;18-01-2025;20309829;-5;44.5
108235;Welkom_5;18-01-2025;20309282;-5;126.39
103397;Welkom_5;18-01-2025;20310710;-5;465.43
106368;Welkom_5;18-01-2025;20309936;-5;6.2
98524;Welkom_5;18-01-2025;20309431;-5;60.24
94064;Welkom_5;18-01-2025;20309183;-5;39.99
83962;Welkom_5;18-01-2025;20415261;-5;124.47
89766;Welkom_5;18-01-2025;20415329;-5;136.17
106549;Welkom_5;18-01-2025;20310165;-5;75.99
107336;Welkom_5;18-01-2025;20310587;-5;334.98
90957;Welkom_5;18-01-2025;20309787;-5;32.08
80592;Welkom_5;19-01-2025;20311007;-5;227.95
89435;Welkom_5;19-01-2025;20311262;-5;21.99
88268;Welkom_5;19-01-2025;20311346;-5;79.99
96167;Welkom_5;19-01-2025;20311593;-5;283.78
88161;Welkom_5;20-01-2025;20312393;-5;28.75
93044;Welkom_5;20-01-2025;20312526;-5;159.97
83234;Welkom_5;20-01-2025;20312252;-5;104.98
99754;Welkom_5;20-01-2025;20312815;-5;84.99
99348;Welkom_5;20-01-2025;20312450;-5;144.99
92693;Welkom_5;20-01-2025;20312328;-5;19.75
108457;Welkom_5;20-01-2025;20312500;-5;67.47
92118;Welkom_5;20-01-2025;20312807;-5;108.74
107355;Welkom_5;20-01-2025;20312310;-5;36.99
100402;Welkom_5;20-01-2025;20312674;-5;236.97
109430;Welkom_5;20-01-2025;20312278;-5;294.99
104672;Welkom_5;20-01-2025;20312138;-5;292.5
102229;Welkom_5;21-01-2025;20312971;-5;69.98
90289;Welkom_5;21-01-2025;20312989;-5;191.26
95314;Welkom_5;21-01-2025;20313144;-5;62.5
102229;Welkom_5;21-01-2025;20312955;-5;69.98
85661;Welkom_5;21-01-2025;20313086;-5;556.45
106172;Welkom_5;21-01-2025;20313276;-5;44.5
104814;Welkom_5;21-01-2025;20313102;-5;419.34
97875;Welkom_5;22-01-2025;20314134;-5;186.96
88700;Welkom_5;22-01-2025;20314670;-5;432.94
99172;Welkom_5;22-01-2025;20314506;-5;571.79
97933;Welkom_5;22-01-2025;20314258;-5;19.75
101149;Welkom_5;23-01-2025;20314746;-5;106.89
96383;Welkom_5;23-01-2025;14163;-5;99.99
93060;Welkom_5;23-01-2025;20315024;-5;85.98
93931;Welkom_5;23-01-2025;20315347;-5;489.94
108471;Welkom_5;24-01-2025;20316089;-5;414.99
94555;Welkom_5;24-01-2025;20316360;-5;222.87
105442;Welkom_5;24-01-2025;20316485;-5;29.75
87824;Welkom_5;24-01-2025;20315925;-5;392.96
89376;Welkom_5;24-01-2025;20316436;-5;12.98
101494;Welkom_5;24-01-2025;20315578;-5;189.97
85587;Welkom_5;24-01-2025;20315529;-5;13.89
102869;Welkom_5;24-01-2025;20315982;-5;141.98
85157;Welkom_5;24-01-2025;20316642;-5;31.98
109766;Welkom_5;24-01-2025;20316782;-5;8.98
97726;Welkom_5;24-01-2025;20316709;-5;215.48
89829;Welkom_5;24-01-2025;20316766;-5;117.98
99864;Welkom_5;24-01-2025;20316063;-5;158.23
80250;Welkom_5;24-01-2025;20315503;-5;5.38
82967;Welkom_5;24-01-2025;20316030;-5;281.97
94555;Welkom_5;24-01-2025;20316394;-5;79.95
89896;Welkom_5;24-01-2025;20316600;-5;56.98
104719;Welkom_5;24-01-2025;20315545;-5;84.99
104795;Welkom_5;24-01-2025;20316477;-5;62.97
93337;Welkom_5;25-01-2025;20317566;-5;104.99
84271;Welkom_5;25-01-2025;20416772;-5;54.89
100790;Welkom_5;25-01-2025;20416483;-5;293.03
95640;Welkom_5;25-01-2025;20318010;-5;549.95
94995;Welkom_5;25-01-2025;20416632;-5;109.98
92380;Welkom_5;25-01-2025;20317285;-5;82.99
98519;Welkom_5;25-01-2025;20317384;-5;35.75
105902;Welkom_5;25-01-2025;20317624;-5;104.99
104873;Welkom_5;25-01-2025;20318762;-5;7.99
95249;Welkom_5;25-01-2025;20317640;-5;51.98
102988;Welkom_5;25-01-2025;20317228;-5;624.97
99790;Welkom_5;25-01-2025;20318473;-5;322.98
92765;Welkom_5;25-01-2025;20416277;-5;340.43
97635;Welkom_5;25-01-2025;20318192;-5;144.98
87872;Welkom_5;25-01-2025;20416475;-5;344.94
89877;Welkom_5;25-01-2025;20416269;-5;368.13
102424;Welkom_5;25-01-2025;20415972;-5;124.99
104988;Welkom_5;25-01-2025;20318754;-5;74.98
91050;Welkom_5;25-01-2025;20416608;-5;113.96
105297;Welkom_5;25-01-2025;20317558;-5;17.08
92942;Welkom_5;25-01-2025;20317608;-5;254.99
106862;Welkom_5;25-01-2025;20317996;-5;132.71
87636;Welkom_5;25-01-2025;20416335;-5;93.04
108578;Welkom_5;25-01-2025;20317764;-5;34.99
90977;Welkom_5;25-01-2025;20416343;-5;254.99
107184;Welkom_5;25-01-2025;20318382;-5;44.5
101233;Welkom_5;25-01-2025;20318101;-5;14.99
100447;Welkom_5;25-01-2025;20317475;-5;127.99
99365;Welkom_5;25-01-2025;20318556;-5;29.65
94545;Welkom_5;25-01-2025;20318549;-5;204.99
96197;Welkom_5;26-01-2025;20319778;-5;1662.34
100539;Welkom_5;26-01-2025;20319760;-5;322.43
96890;Welkom_5;26-01-2025;20319539;-5;64.99
89924;Welkom_5;26-01-2025;20319851;-5;358.39
91402;Welkom_5;26-01-2025;20417440;-5;923.84
89651;Welkom_5;26-01-2025;20319570;-5;274.98
95698;Welkom_5;26-01-2025;20319240;-5;259.97
105894;Welkom_5;26-01-2025;20319455;-5;606.93
108553;Welkom_5;26-01-2025;20319406;-5;98.96
88102;Welkom_5;26-01-2025;20319679;-5;374.13
85921;Welkom_5;26-01-2025;20319430;-5;482.98
85106;Welkom_5;26-01-2025;20319562;-5;12.99
94160;Welkom_5;26-01-2025;20319588;-5;31.08
87194;Welkom_5;26-01-2025;20319729;-5;473.96
97645;Welkom_5;26-01-2025;20319315;-5;154.99
87462;Welkom_5;26-01-2025;20319224;-5;516.97
86455;Welkom_5;27-01-2025;20320743;-5;294.99
100881;Welkom_5;27-01-2025;20320578;-5;94.95
99528;Welkom_5;27-01-2025;20320206;-5;16.59
82146;Welkom_5;27-01-2025;20320842;-5;226.97
83128;Welkom_5;27-01-2025;20320305;-5;19.75
108579;Welkom_5;27-01-2025;20320495;-5;64.99
107797;Welkom_5;27-01-2025;20320321;-5;145.48
103740;Welkom_5;27-01-2025;20320537;-5;187.43
102792;Welkom_5;27-01-2025;20320891;-5;475.18
101304;Welkom_5;27-01-2025;20320966;-5;194.99
93013;Welkom_5;27-01-2025;20320602;-5;18.98
91191;Welkom_5;27-01-2025;20320263;-5;137.25
94460;Welkom_5;27-01-2025;20320271;-5;19.75
90999;Welkom_5;28-01-2025;20321550;-5;269.73
103667;Welkom_5;28-01-2025;20321204;-5;14.75
93807;Welkom_5;28-01-2025;20321261;-5;231.14
99601;Welkom_5;28-01-2025;20321063;-5;-120
96235;Welkom_5;29-01-2025;20321881;-5;32.18
102847;Welkom_5;29-01-2025;20321956;-5;46.25
86390;Welkom_5;29-01-2025;20322566;-5;180.36
96480;Welkom_5;30-01-2025;20322939;-5;58.88
96040;Welkom_5;30-01-2025;20322863;-5;289.42
101102;Welkom_5;30-01-2025;20322954;-5;53.89
94474;Welkom_5;30-01-2025;20322814;-5;8.98
109840;Welkom_5;30-01-2025;20323028;-5;24.99
87028;Welkom_5;30-01-2025;20323226;-5;23.98
92191;Welkom_5;30-01-2025;20323077;-5;237.98
105922;Welkom_5;30-01-2025;20323069;-5;250.44
107080;Welkom_5;31-01-2025;20324661;-5;205.11
89730;Welkom_5;31-01-2025;20323895;-5;104.99
104285;Welkom_5;31-01-2025;20323903;-5;19.75
96959;Welkom_5;31-01-2025;20324398;-5;89.74
93513;Welkom_5;31-01-2025;20324638;-5;742.42
99303;Welkom_5;31-01-2025;20324711;-5;84.99
100244;Welkom_5;31-01-2025;20324737;-5;93.96
92081;Welkom_5;31-01-2025;20324448;-5;182.48
100698;Welkom_5;31-01-2025;20324687;-5;374.99
107202;Welkom_5;31-01-2025;20324364;-4.99;0
89272;Welkom_5;31-01-2025;20323994;-5;24.33
89846;Welkom_5;31-01-2025;20323796;-5;231.98
93831;Welkom_5;31-01-2025;20323978;-5;305.44
85114;Welkom_5;31-01-2025;20324083;-5;15
83743;Welkom_5;31-01-2025;20324257;-5;67.98
100320;Welkom_5;31-01-2025;20324703;-5;28.75
105641;Welkom_5;31-01-2025;20324729;-5;48.98
100899;Welkom_5;01-02-2025;20325130;-5;32.99
104579;Welkom_5;01-02-2025;20325676;-5;650.44
99323;Welkom_5;01-02-2025;20325163;-5;17.41
97480;Welkom_5;01-02-2025;20325890;-5;122.97
91507;Welkom_5;01-02-2025;20325866;-5;583.95
102118;Welkom_5;01-02-2025;20326195;-5;604.97
103975;Welkom_5;01-02-2025;20326427;-5;42.99
94406;Welkom_5;01-02-2025;20326328;-5;506.98
106939;Welkom_5;01-02-2025;20417887;-5;86.22
88626;Welkom_5;01-02-2025;20325569;-5;34.18
94029;Welkom_5;01-02-2025;20325783;-5;1.5
86679;Welkom_5;01-02-2025;20326278;-5;375.38
101502;Welkom_5;01-02-2025;20325320;-5;69.25
93904;Welkom_5;01-02-2025;20417739;-5;104.99
100454;Welkom_5;01-02-2025;20325189;-5;124.98
94062;Welkom_5;01-02-2025;20326153;-5;34.99
104801;Welkom_5;01-02-2025;20326120;-2.5;0
99721;Welkom_5;01-02-2025;20325346;-5;174.99
93911;Welkom_5;01-02-2025;20418109;-5;1084.91
104342;Welkom_5;01-02-2025;20325718;-5;153.49
90034;Welkom_5;01-02-2025;20325338;-5;34.99
87178;Welkom_5;01-02-2025;20325015;-5;274.98
105381;Welkom_5;01-02-2025;20325577;-5;34.99
86196;Welkom_5;01-02-2025;20325916;-5;154.99
108672;Welkom_5;01-02-2025;20325072;-5;24.69
92606;Welkom_5;01-02-2025;20417747;-5;57.99
85419;Welkom_5;01-02-2025;20325742;-5;637.35
104161;Welkom_5;01-02-2025;20418026;-5;101.66
89268;Welkom_5;01-02-2025;20325809;-5;11.99
104174;Welkom_5;01-02-2025;20325940;-5;104.99
93279;Welkom_5;01-02-2025;20325775;-5;41.97
91998;Welkom_5;01-02-2025;20326344;-5;198.23
99821;Welkom_5;02-02-2025;20326815;-5;683.67
107102;Welkom_5;02-02-2025;20326740;-5;321.76
109147;Welkom_5;02-02-2025;20327136;-5;294.99
109600;Welkom_5;02-02-2025;20326898;-5;63.93
94398;Welkom_5;02-02-2025;20327219;-5;51.98
106929;Welkom_5;03-02-2025;20327995;-5;269.76
101944;Welkom_5;03-02-2025;20327821;-5;332.88
108011;Welkom_5;03-02-2025;20327508;-5;39.38
85855;Welkom_5;03-02-2025;20327540;-5;30.97
106466;Welkom_5;03-02-2025;20327441;-5;334.98
106348;Welkom_5;03-02-2025;20327458;-5;122.99
101199;Welkom_5;03-02-2025;20327912;-5;494
93557;Welkom_5;03-02-2025;20327664;-5;24.65
83160;Welkom_5;03-02-2025;20328050;-5;168.93
96341;Welkom_5;03-02-2025;20328076;-5;3.09
105475;Welkom_5;04-02-2025;20328720;-5;19.75
91658;Welkom_5;04-02-2025;20328480;-5;35.49
109160;Welkom_5;04-02-2025;20328571;-5;43.99
92657;Welkom_5;05-02-2025;20329652;-5;37.25
93470;Welkom_5;05-02-2025;20329272;-5;58.78
96555;Welkom_5;05-02-2025;20329751;-5;282.07
98432;Welkom_5;05-02-2025;20329512;-5;49.99
94231;Welkom_5;06-02-2025;20330213;-5;1068.95
98856;Welkom_5;06-02-2025;20329934;-5;48.98
109964;Welkom_5;06-02-2025;20330403;-5;69.98
88319;Welkom_5;06-02-2025;20330205;-5;109.99
103172;Welkom_5;06-02-2025;20330429;-5;21.98
93305;Welkom_5;06-02-2025;20330627;-5;69.58
88923;Welkom_5;06-02-2025;20330361;-5;11.99
88849;Welkom_5;06-02-2025;20330312;-5;104.97
102243;Welkom_5;06-02-2025;20330155;-5;30.99
109253;Welkom_5;06-02-2025;20330049;-5;9.99
85961;Welkom_5;06-02-2025;20330460;-5;4.45
88405;Welkom_5;06-02-2025;20329975;-5;288.96
91774;Welkom_5;06-02-2025;20330015;-5;11.99
101922;Welkom_5;06-02-2025;20330171;-5;416.94
85201;Welkom_5;06-02-2025;20329942;-5;39.99
87827;Welkom_5;06-02-2025;20330338;-5;14.74
107773;Welkom_5;06-02-2025;20330288;-5;273.57
100532;Welkom_5;06-02-2025;20329959;-5;190
84272;Welkom_5;06-02-2025;20330452;-5;24.48
108173;Welkom_5;07-02-2025;20331070;-5;99.98
80296;Welkom_5;07-02-2025;20331666;-5;404.98
93350;Welkom_5;07-02-2025;20331716;-5;104.67
99265;Welkom_5;07-02-2025;20331773;-5;973.99
102389;Welkom_5;07-02-2025;20331120;-5;152.99
109070;Welkom_5;07-02-2025;20331815;-5;29.99
86397;Welkom_5;07-02-2025;20330817;-5;127.57
103412;Welkom_5;07-02-2025;20331492;-5;30.99
106339;Welkom_5;07-02-2025;20331021;-5;262.95
88098;Welkom_5;07-02-2025;20331757;-5;45
101100;Welkom_5;07-02-2025;20331229;-5;333.62
108476;Welkom_5;07-02-2025;20331674;-5;13.39
95253;Welkom_5;07-02-2025;20331211;-5;120.99
87886;Welkom_5;08-02-2025;20332169;-5;78.63
87187;Welkom_5;08-02-2025;20332094;-5;144.99
101894;Welkom_5;08-02-2025;20332011;-5;117.49
109460;Welkom_5;08-02-2025;20332185;-5;46.44
105551;Welkom_5;08-02-2025;20332508;-5;265.44
97859;Welkom_5;08-02-2025;20332375;-5;70.53
90744;Welkom_5;08-02-2025;20332524;-5;250.44
77351;Welkom_5;08-02-2025;20333969;-5;154.44
84964;Welkom_5;08-02-2025;20333985;-5;111.59
93451;Welkom_5;08-02-2025;20333191;-5;489.29
91195;Welkom_5;08-02-2025;20418505;-5;529.98
89491;Welkom_5;08-02-2025;20333811;-5;28.29
81982;Welkom_5;08-02-2025;20333977;-5;12.99
87530;Welkom_5;08-02-2025;20333472;-5;4.99
86672;Welkom_5;08-02-2025;20332490;-5;144.95
96201;Welkom_5;09-02-2025;20334165;-5;13.58
96358;Welkom_5;09-02-2025;20418588;-5;359.73
109297;Welkom_5;09-02-2025;20418612;-5;95.48
105701;Welkom_5;09-02-2025;20334363;-5;318.27
92917;Welkom_5;09-02-2025;20334520;-5;184.38
95538;Welkom_5;10-02-2025;20335527;-5;12.99
92824;Welkom_5;10-02-2025;20335196;-5;507.11
109175;Welkom_5;10-02-2025;20335360;-5;0
90182;Welkom_5;10-02-2025;20335188;-5;144.95
85707;Welkom_5;10-02-2025;20335253;-5;39.99
104374;Welkom_5;10-02-2025;20335220;-5;146.65
97402;Welkom_5;10-02-2025;20335683;-5;168.49
109175;Welkom_5;10-02-2025;20335345;-5;24.94
99589;Welkom_5;10-02-2025;20335469;-5;4.88
99639;Welkom_5;10-02-2025;20335279;-5;286.66
90279;Welkom_5;10-02-2025;20335170;-5;214.99
95140;Welkom_5;11-02-2025;20336251;-5;44.5
98583;Welkom_5;11-02-2025;20336004;-5;45.45
86598;Welkom_5;11-02-2025;20336624;-5;114.93
100130;Welkom_5;11-02-2025;20336590;-5;555.43
100918;Welkom_5;11-02-2025;14209;-5;99.99
103105;Welkom_5;11-02-2025;20335873;-5;49.74
101437;Welkom_5;11-02-2025;20336178;-5;200.16
92961;Welkom_5;11-02-2025;20336186;-5;34.13
96132;Welkom_5;11-02-2025;14203;-5;99.99
102793;Welkom_5;12-02-2025;20336830;-5;308.98
107209;Welkom_5;12-02-2025;20337374;-5;210.51
96030;Welkom_5;12-02-2025;20336764;-5;116.22
89592;Welkom_5;13-02-2025;20337929;-5;99.99
101105;Welkom_5;13-02-2025;20337481;-5;362.96
94279;Welkom_5;13-02-2025;20338018;-5;180.48
90423;Welkom_5;13-02-2025;20337804;-5;102.97
106275;Welkom_5;13-02-2025;20337887;-4.99;0
102716;Welkom_5;13-02-2025;20337705;-5;40.97
93853;Welkom_5;13-02-2025;20337531;-5;149.96
108481;Welkom_5;14-02-2025;20338927;-5;106.99
102878;Welkom_5;14-02-2025;20339362;-5;28.75
91748;Welkom_5;14-02-2025;20339396;-5;329.97
90465;Welkom_5;14-02-2025;20339115;-5;29.4
96378;Welkom_5;14-02-2025;20338976;-5;129.85
99554;Welkom_5;14-02-2025;20338265;-5;48.98
94959;Welkom_5;14-02-2025;20339156;-5;94.47
99148;Welkom_5;14-02-2025;20338877;-5;131.88
95786;Welkom_5;14-02-2025;20338885;-5;53.96
91165;Welkom_5;14-02-2025;20338901;-5;66.99
106548;Welkom_5;14-02-2025;20338521;-5;13.59
109104;Welkom_5;15-02-2025;20340261;-5;94.99
89151;Welkom_5;15-02-2025;20419016;-5;64.99
101811;Welkom_5;15-02-2025;20419131;-5;237.44
103548;Welkom_5;15-02-2025;20339818;-5;9.99
105874;Welkom_5;15-02-2025;20339743;-5;754.26
105735;Welkom_5;15-02-2025;20340071;-5;180.95
104160;Welkom_5;15-02-2025;20340063;-5;24.99
86117;Welkom_5;15-02-2025;20341129;-5;278.98
97152;Welkom_5;15-02-2025;20339941;-5;215.92
100130;Welkom_5;15-02-2025;20339867;-5;224.99
103795;Welkom_5;15-02-2025;20340030;-5;429.56
101667;Welkom_5;15-02-2025;20418869;-5;111.98
80073;Welkom_5;15-02-2025;20339933;-5;448.83
108381;Welkom_5;15-02-2025;20419222;-5;152.06
105459;Welkom_5;15-02-2025;20341095;-5;434.46
89180;Welkom_5;15-02-2025;20341244;-5;127.98
99313;Welkom_5;15-02-2025;20340865;-5;39.99
99756;Welkom_5;15-02-2025;14227;-5;309.99
97399;Welkom_5;15-02-2025;20340956;-5;163.74
86244;Welkom_5;15-02-2025;20340758;-5;214.98
106787;Welkom_5;15-02-2025;20419305;-5;719.93
94759;Welkom_5;15-02-2025;20339677;-5;73.98
107202;Welkom_5;15-02-2025;20419099;-0.01;57.47
93045;Welkom_5;15-02-2025;20418950;-5;22.94
98397;Welkom_5;15-02-2025;20340089;-5;296.29
97758;Welkom_5;15-02-2025;20340287;-5;514.97
106874;Welkom_5;15-02-2025;20418968;-5;69.47
99625;Welkom_5;15-02-2025;20340113;-5;267.46
95506;Welkom_5;15-02-2025;20340907;-5;466.97
101769;Welkom_5;15-02-2025;20341236;-5;92.98
103168;Welkom_5;15-02-2025;20341152;-5;32.5
83311;Welkom_5;15-02-2025;20340329;-5;554.99
85602;Welkom_5;15-02-2025;20419255;-5;59.99
86246;Welkom_5;16-02-2025;20419503;-5;137.57
88778;Welkom_5;16-02-2025;20342325;-5;331.97
97098;Welkom_5;16-02-2025;20342002;-5;53.04
95724;Welkom_5;16-02-2025;20342036;-5;20.98
104374;Welkom_5;16-02-2025;20342150;-5;10
106433;Welkom_5;16-02-2025;20419487;-5;206.75
99653;Welkom_5;16-02-2025;20419511;-5;442.95
81147;Welkom_5;16-02-2025;20342119;-5;28.94
109881;Welkom_5;16-02-2025;20341822;-5;47.49
80965;Welkom_5;16-02-2025;20341756;-5;141.21
105694;Welkom_5;16-02-2025;20342291;-5;12.99
109663;Welkom_5;16-02-2025;20341970;-5;23.97
87585;Welkom_5;16-02-2025;20341657;-5;483.9
103203;Welkom_5;16-02-2025;20341442;-5;107.49
90345;Welkom_5;16-02-2025;20342085;-5;2.15
98391;Welkom_5;16-02-2025;20342275;-5;112.97
81952;Welkom_5;16-02-2025;20342267;-5;176.73
101184;Welkom_5;16-02-2025;20342135;-5;12
99618;Welkom_5;16-02-2025;20342127;-5;169.98
96540;Welkom_5;16-02-2025;20342309;-5;436.87
85990;Welkom_5;17-02-2025;20342895;-5;242.98
98857;Welkom_5;17-02-2025;20343323;-5;11.61
109888;Welkom_5;17-02-2025;14230;-5;99.99
88771;Welkom_5;17-02-2025;20343117;-5;2.9
84223;Welkom_5;17-02-2025;20342689;-5;301.69
85619;Welkom_5;17-02-2025;20342838;-5;3.09
96727;Welkom_5;19-02-2025;20345476;-5;57.99
97220;Welkom_5;19-02-2025;20345203;-5;399.22
103228;Welkom_5;19-02-2025;20344891;-5;36
93078;Welkom_5;19-02-2025;14234;-5;76.63
105044;Welkom_5;20-02-2025;20345799;-5;292.48
104400;Welkom_5;20-02-2025;20346284;-5;164.94
95342;Welkom_5;20-02-2025;20345765;-5;37.25
88830;Welkom_5;20-02-2025;20345997;-5;28.75
89275;Welkom_5;20-02-2025;20346151;-5;17.34
106291;Welkom_5;20-02-2025;20346185;-5;12.99
88054;Welkom_5;20-02-2025;20346300;-5;589.65
97588;Welkom_5;20-02-2025;20346276;-5;309.99
85954;Welkom_5;20-02-2025;20346466;-5;19.74
104581;Welkom_5;20-02-2025;20346128;-5;104.96
85744;Welkom_5;20-02-2025;20346011;-5;21.98
106766;Welkom_5;20-02-2025;20346250;-5;150.97
108757;Welkom_5;20-02-2025;20346839;-5;244.99
101653;Welkom_5;20-02-2025;20346862;-5;96.33
108776;Welkom_5;20-02-2025;20346870;-5;48.75
90399;Welkom_5;20-02-2025;20345963;-5;210.94
93147;Welkom_5;20-02-2025;20346367;-5;70.45
93746;Welkom_5;21-02-2025;20347589;-5;150.47
106796;Welkom_5;21-02-2025;20347399;-5;523.92
95724;Welkom_5;21-02-2025;20347340;-5;22.78
106553;Welkom_5;21-02-2025;20347415;-5;7.58
81321;Welkom_5;21-02-2025;20347597;-5;339.96
104879;Welkom_5;21-02-2025;20347563;-5;10.98
108873;Welkom_5;21-02-2025;20347431;-5;17.94
99852;Welkom_5;21-02-2025;20347605;-5;169.48
104706;Welkom_5;22-02-2025;20349148;-5;51.98
108730;Welkom_5;22-02-2025;20349932;-5;409.96
103005;Welkom_5;22-02-2025;20349015;-5;289.73
98310;Welkom_5;22-02-2025;20349197;-5;290.6
97618;Welkom_5;22-02-2025;20348710;-5;338.31
109839;Welkom_5;22-02-2025;20349106;-5;47.51
106231;Welkom_5;22-02-2025;20349494;-5;69.98
96503;Welkom_5;22-02-2025;20349239;-5;50.99
100656;Welkom_5;22-02-2025;20349361;-5;18.95
104026;Welkom_5;22-02-2025;20349874;-5;165.36
108601;Welkom_5;22-02-2025;20349700;-5;53.49
104785;Welkom_5;23-02-2025;20350583;-5;236.72
94229;Welkom_5;23-02-2025;20350401;-5;131.84
108344;Welkom_5;23-02-2025;20350427;-5;58.57
82643;Welkom_5;23-02-2025;20350179;-5;404.89
105807;Welkom_5;23-02-2025;20350542;-5;13.89
107560;Welkom_5;24-02-2025;20351268;-5;142.13
83660;Welkom_5;24-02-2025;20351201;-5;14.99
89813;Welkom_5;24-02-2025;20351284;-5;94.99
91263;Welkom_5;24-02-2025;14256;-5;30.99
106796;Welkom_5;24-02-2025;20351276;-5;80.96
106713;Welkom_5;25-02-2025;20351789;-5;1055.97
86548;Welkom_5;25-02-2025;20351466;-5;518.89
89365;Welkom_5;25-02-2025;20351680;-5;76.95
100831;Welkom_5;26-02-2025;20352597;-5;454.98
95808;Welkom_5;26-02-2025;20352357;-5;241.72
103989;Welkom_5;26-02-2025;20352076;-5;104.81
101790;Welkom_5;26-02-2025;20352605;-5;294.9
108145;Welkom_5;27-02-2025;20353207;-5;215.47
98887;Welkom_5;27-02-2025;20352886;-5;19.75
90509;Welkom_5;27-02-2025;20352738;-5;7.99
107644;Welkom_5;27-02-2025;20353132;-5;90
104917;Welkom_5;27-02-2025;20352852;-5;16.98
96429;Welkom_5;28-02-2025;20353876;-5;103.3
101847;Welkom_5;28-02-2025;20353835;-5;234.98
91721;Welkom_5;28-02-2025;20354080;-5;488.47
107905;Welkom_5;28-02-2025;20354155;-5;261.22
86531;Welkom_5;28-02-2025;20354353;-5;27.15
92212;Welkom_5;28-02-2025;20354197;-5;94
89555;Welkom_5;28-02-2025;20354270;-5;44.5
83947;Welkom_5;01-03-2025;20355095;-4.99;0
99932;Welkom_5;01-03-2025;20356093;-5;418.94
100003;Welkom_5;01-03-2025;20355137;-5;0.99
93542;Welkom_5;01-03-2025;20355814;-5;284.81
101161;Welkom_5;01-03-2025;20355921;-5;48.99
89368;Welkom_5;01-03-2025;20419727;-5;44.5
79612;Welkom_5;01-03-2025;20355517;-5;87.48
98220;Welkom_5;01-03-2025;20355418;-5;82.48
104302;Welkom_5;01-03-2025;20355319;-5;479.98
83150;Welkom_5;01-03-2025;20355988;-5;563.98
92986;Welkom_5;01-03-2025;20354601;-5;183.47
107995;Welkom_5;01-03-2025;20354809;-5;68.18
91357;Welkom_5;01-03-2025;20355731;-5;36.53
87867;Welkom_5;01-03-2025;20356127;-5;64.99
92054;Welkom_5;01-03-2025;20355871;-5;134.99
90601;Welkom_5;01-03-2025;20356036;-5;380.98
88795;Welkom_5;01-03-2025;20355301;-5;154.97
106356;Welkom_5;01-03-2025;20354874;-5;176.98
89683;Welkom_5;01-03-2025;20355541;-5;824.91
86580;Welkom_5;01-03-2025;20355400;-5;12.99
108871;Welkom_5;01-03-2025;20355426;-5;120.98
102805;Welkom_5;01-03-2025;20355384;-5;54.99
90271;Welkom_5;02-03-2025;20356754;-5;197.85
99924;Welkom_5;02-03-2025;20356531;-5;316.98
88263;Welkom_5;02-03-2025;20357026;-5;1685.13
80518;Welkom_5;02-03-2025;20356721;-5;280.48
104639;Welkom_5;03-03-2025;20357752;-5;366.59
107903;Welkom_5;03-03-2025;20357497;-5;51.23
95352;Welkom_5;03-03-2025;20357224;-5;42.26
104022;Welkom_5;03-03-2025;20357505;-5;84.99
93030;Welkom_5;03-03-2025;20357596;-5;39.99
103598;Welkom_5;03-03-2025;20357521;-5;48.16
85410;Welkom_5;04-03-2025;14285;-5;62.47
100516;Welkom_5;04-03-2025;20358529;-5;299.36
97191;Welkom_5;04-03-2025;20358602;-5;170
101557;Welkom_5;05-03-2025;20359287;-5;106.26
98596;Welkom_5;05-03-2025;20359113;-5;164.99
85692;Welkom_5;05-03-2025;20359147;-5;454.99
106290;Welkom_5;06-03-2025;20360244;-5;51.22
98695;Welkom_5;06-03-2025;20359980;-5;51.47
94372;Welkom_5;06-03-2025;20360376;-5;30.98
85740;Welkom_5;06-03-2025;20360087;-5;317.33
96686;Welkom_5;06-03-2025;20360392;-5;433.38
97977;Welkom_5;06-03-2025;20360400;-5;53.49
106301;Welkom_5;06-03-2025;20360384;-5;115.48
107678;Welkom_5;06-03-2025;20360004;-5;12.99
92104;Welkom_5;06-03-2025;20360210;-5;140.96
103020;Welkom_5;07-03-2025;20361341;-5;80.49
106848;Welkom_5;07-03-2025;20361200;-5;172.96
91829;Welkom_5;07-03-2025;20361267;-5;76.73
108757;Welkom_5;07-03-2025;20361655;-5;23.79
106622;Welkom_5;07-03-2025;20361390;-5;52.98
97856;Welkom_5;07-03-2025;20361457;-5;136.24
97986;Welkom_5;07-03-2025;20361218;-5;55
102204;Welkom_5;07-03-2025;20361945;-5;28.75
108872;Welkom_5;07-03-2025;20361226;-5;33.93
83622;Welkom_5;07-03-2025;20361564;-5;263.92
107377;Welkom_5;07-03-2025;20360608;-5;27.99
92175;Welkom_5;07-03-2025;20361465;-5;74.47
94048;Welkom_5;07-03-2025;20361168;-5;16.49
101428;Welkom_5;07-03-2025;20361416;-5;33.24
98905;Welkom_5;08-03-2025;20363248;-5;50.35
98871;Welkom_5;08-03-2025;20363081;-5;21.98
93994;Welkom_5;08-03-2025;20363479;-5;82.98
90100;Welkom_5;08-03-2025;20419792;-5;67.98
97634;Welkom_5;08-03-2025;20363024;-5;205.44
99904;Welkom_5;08-03-2025;20362448;-5;19.75
86800;Welkom_5;08-03-2025;20362166;-5;170
101436;Welkom_5;08-03-2025;20362331;-5;94.99
96771;Welkom_5;08-03-2025;20363255;-5;169.73
94228;Welkom_5;08-03-2025;20363032;-5;112.97
101115;Welkom_5;08-03-2025;20362307;-5;7.5
92673;Welkom_5;08-03-2025;20362372;-5;144.96
90419;Welkom_5;08-03-2025;20363792;-5;532.96
97425;Welkom_5;08-03-2025;20362992;-5;147.98
86823;Welkom_5;09-03-2025;20364022;-5;66.49
96554;Welkom_5;09-03-2025;20365011;-5;40.98
102738;Welkom_5;09-03-2025;20364642;-5;229.99
100172;Welkom_5;09-03-2025;20365078;-5;180.96
100502;Welkom_5;09-03-2025;20364584;-5;248.22
103892;Welkom_5;09-03-2025;20365037;-5;351.39
87920;Welkom_5;10-03-2025;20365417;-5;414.99
87562;Welkom_5;10-03-2025;20365904;-5;154.99
97867;Welkom_5;10-03-2025;20365706;-5;58.98
92267;Welkom_5;10-03-2025;20365516;-5;0.99
100509;Welkom_5;10-03-2025;20365839;-5;105
87783;Welkom_5;10-03-2025;20365292;-5;92.97
90910;Welkom_5;10-03-2025;20366027;-5;33.09
100632;Welkom_5;10-03-2025;20365797;-5;108.96
81777;Welkom_5;10-03-2025;20365763;-5;54.99
91668;Welkom_5;10-03-2025;20365656;-5;30.98
95682;Welkom_5;10-03-2025;20365284;-5;204.97
92007;Welkom_5;10-03-2025;20365441;-5;329.98
109830;Welkom_5;10-03-2025;20365888;-5;240
105873;Welkom_5;10-03-2025;14303;-5;234.9
85169;Welkom_5;10-03-2025;20365342;-5;262.09
103797;Welkom_5;10-03-2025;20366050;-5;84.99
84097;Welkom_5;10-03-2025;20365995;-4.99;0
98327;Welkom_5;10-03-2025;20365789;-5;330.06
86518;Welkom_5;11-03-2025;20366357;-5;389.73
91205;Welkom_5;11-03-2025;20366878;-5;105.99
86016;Welkom_5;11-03-2025;20366183;-5;33.6
100672;Welkom_5;11-03-2025;20366233;-5;375.29
107272;Welkom_5;11-03-2025;14308;-5;54.99
93846;Welkom_5;11-03-2025;20366282;-5;98.83
102351;Welkom_5;11-03-2025;20366415;-5;65.49
81018;Welkom_5;11-03-2025;14309;-5;60
77256;Welkom_5;12-03-2025;20367744;-5;120.97
98131;Welkom_5;12-03-2025;20367736;-5;156.75
97104;Welkom_5;13-03-2025;20368494;-5;96.71
100024;Welkom_5;13-03-2025;20369054;-5;254.33
90908;Welkom_5;13-03-2025;20368742;-5;181.34
100985;Welkom_5;13-03-2025;20369047;-5;14.78
107104;Welkom_5;13-03-2025;20368155;-5;22.98
99938;Welkom_5;13-03-2025;20368312;-5;41.38
98647;Welkom_5;13-03-2025;20368247;-5;24.99
85804;Welkom_5;13-03-2025;20368890;-5;177.47
105439;Welkom_5;13-03-2025;20368122;-5;14.99
85196;Welkom_5;13-03-2025;20368692;-5;39.99
102827;Welkom_5;13-03-2025;20368601;-5;363.97
91230;Welkom_5;14-03-2025;20369443;-5;357.72
92654;Welkom_5;14-03-2025;20370466;-5;50.99
106638;Welkom_5;14-03-2025;20370458;-5;153.15
87721;Welkom_5;14-03-2025;20370136;-5;81.92
93994;Welkom_5;14-03-2025;20370037;-5;50.99
95115;Welkom_5;14-03-2025;20369781;-5;20.49
89301;Welkom_5;14-03-2025;20370425;-5;17.49
104960;Welkom_5;14-03-2025;20370177;-5;24.99
105301;Welkom_5;14-03-2025;20369930;-5;102.97
93205;Welkom_5;14-03-2025;20370326;-5;254.99
93139;Welkom_5;14-03-2025;20369864;-5;226.74
84924;Welkom_5;14-03-2025;20369666;-5;99.33
107474;Welkom_5;14-03-2025;20370201;-5;24.99
91597;Welkom_5;14-03-2025;20370052;-5;66.99
93968;Welkom_5;14-03-2025;20370284;-5;22.99
88199;Welkom_5;14-03-2025;20369880;-5;8.9
90902;Welkom_5;14-03-2025;20369948;-5;325.15
99723;Welkom_5;14-03-2025;20369807;-5;66.18
86066;Welkom_5;14-03-2025;20370151;-5;64.75
109149;Welkom_5;14-03-2025;20370102;-5;939.81
105850;Welkom_5;14-03-2025;20370474;-5;50.99
83841;Welkom_5;14-03-2025;20370144;-5;90.35
99874;Welkom_5;15-03-2025;20371837;-5;136.46
80837;Welkom_5;15-03-2025;20371951;-5;42.53
99216;Welkom_5;15-03-2025;20370839;-5;76.97
87408;Welkom_5;15-03-2025;14322;-5;124
97424;Welkom_5;15-03-2025;20372546;-5;659.45
84004;Welkom_5;15-03-2025;20372538;-5;194.98
98399;Welkom_5;15-03-2025;20371092;-5;300.46
92468;Welkom_5;15-03-2025;20370805;-5;47.49
87494;Welkom_5;15-03-2025;20372405;-5;119.99
86187;Welkom_5;15-03-2025;20371506;-5;621.25
90719;Welkom_5;15-03-2025;14319;-5;34.99
101252;Welkom_5;15-03-2025;20372504;-5;71.98
94946;Welkom_5;15-03-2025;20371365;-5;165.88
91160;Welkom_5;15-03-2025;20372215;-5;71.16
92183;Welkom_5;15-03-2025;20370920;-5;232.94
88292;Welkom_5;16-03-2025;20373213;-5;128.97
109110;Welkom_5;16-03-2025;20373502;-5;44.49
108280;Welkom_5;16-03-2025;20373320;-5;138.94
96077;Welkom_5;16-03-2025;20373387;-5;95.45
85934;Welkom_5;16-03-2025;20373346;-5;332.89
92051;Welkom_5;16-03-2025;14326;-5;162.98
100776;Welkom_5;16-03-2025;20373254;-5;646.95
87606;Welkom_5;16-03-2025;20372884;-5;184.23
96138;Welkom_5;16-03-2025;20373148;-5;48.1
42867;Welkom_5;16-03-2025;20420121;-5;147.99
96772;Welkom_5;16-03-2025;20420071;-5;10.98
87947;Welkom_5;16-03-2025;20373197;-5;127.99
91649;Welkom_5;16-03-2025;20373205;-5;232.5
102618;Welkom_5;16-03-2025;20373072;-5;155
104186;Welkom_5;17-03-2025;20374492;-5;252.97
109172;Welkom_5;17-03-2025;20374450;-5;277.98
81218;Welkom_5;17-03-2025;20373973;-5;295.44
91145;Welkom_5;17-03-2025;20374419;-5;62.98
89558;Welkom_5;17-03-2025;20374518;-5;36.53
95747;Welkom_5;17-03-2025;20374005;-5;14.95
85905;Welkom_5;17-03-2025;20374484;-5;0.99
85791;Welkom_5;17-03-2025;20374021;-5;134.98
105812;Welkom_5;17-03-2025;20374534;-5;24.11
80951;Welkom_5;17-03-2025;20374468;-5;289.28
101795;Welkom_5;17-03-2025;20373825;-5;98.89
97502;Welkom_5;17-03-2025;20374427;-5;49.98
98673;Welkom_5;18-03-2025;20374674;-5;105.62
90831;Welkom_5;18-03-2025;20374898;-5;63.35
85062;Welkom_5;18-03-2025;20374682;-5;112.18
90020;Welkom_5;18-03-2025;20375226;-5;30.47
94010;Welkom_5;18-03-2025;20374799;-5;94.99
84924;Welkom_5;18-03-2025;20374740;-5;273.71
90294;Welkom_5;19-03-2025;20376331;-5;115.44
103454;Welkom_5;19-03-2025;20376356;-5;286.95
96467;Welkom_5;19-03-2025;20375564;-5;181.93
96714;Welkom_5;19-03-2025;20375580;-5;279.34
97541;Welkom_5;19-03-2025;20376117;-5;21.05
105042;Welkom_5;19-03-2025;20376075;-5;367.91
101858;Welkom_5;19-03-2025;20375473;-5;351.41
98140;Welkom_5;19-03-2025;20375788;-5;196.93
100284;Welkom_5;19-03-2025;20376125;-5;89.52
93094;Welkom_5;19-03-2025;20375671;-5;174.99
96645;Welkom_5;19-03-2025;20376067;-5;39.89
88049;Welkom_5;19-03-2025;20376257;-5;54.93
103099;Welkom_5;20-03-2025;20377412;-5;12.99
97887;Welkom_5;20-03-2025;20377420;-5;12.99
93994;Welkom_5;20-03-2025;20376521;-5;223.94
107233;Welkom_5;20-03-2025;20376448;-5;87.92
102006;Welkom_5;20-03-2025;20376711;-5;44.5
92453;Welkom_5;20-03-2025;20376570;-5;170.35
86089;Welkom_5;20-03-2025;20376471;-5;18
101217;Welkom_5;20-03-2025;20377362;-5;549.3
106998;Welkom_5;20-03-2025;20376679;-5;85.71
92844;Welkom_5;20-03-2025;20376695;-5;60.92
92507;Welkom_5;20-03-2025;20377172;-5;294.99
82344;Welkom_5;20-03-2025;20377016;-5;129.47
93345;Welkom_5;20-03-2025;20376703;-5;66
101791;Welkom_5;21-03-2025;20378204;-5;58
109262;Welkom_5;21-03-2025;20378089;-5;98.99
95096;Welkom_5;21-03-2025;20378253;-5;53.48
104804;Welkom_5;21-03-2025;20377909;-5;258.97
96192;Welkom_5;21-03-2025;20377859;-5;1765.71
104691;Welkom_5;21-03-2025;20378741;-5;72.97
87258;Welkom_5;21-03-2025;20378063;-5;121.97
109336;Welkom_5;21-03-2025;20377552;-5;54.81
105973;Welkom_5;21-03-2025;20378014;-5;6.39
87308;Welkom_5;21-03-2025;20378667;-5;317.43
109647;Welkom_5;21-03-2025;20378402;-5;40.98
89414;Welkom_5;22-03-2025;20379673;-5;54.58
108295;Welkom_5;22-03-2025;20420204;-5;195.6
94562;Welkom_5;22-03-2025;20379327;-5;533
106855;Welkom_5;22-03-2025;20379640;-5;260.95
86611;Welkom_5;22-03-2025;20380465;-5;47.39
89398;Welkom_5;22-03-2025;20380689;-5;447.9
95189;Welkom_5;22-03-2025;20379665;-5;53.39
93813;Welkom_5;22-03-2025;20420337;-5;309.94
98610;Welkom_5;22-03-2025;20380143;-5;473.99
93927;Welkom_5;22-03-2025;20379442;-5;45.49
88861;Welkom_5;22-03-2025;20379681;-5;501.88
96356;Welkom_5;22-03-2025;20380523;-5;581.16
83041;Welkom_5;22-03-2025;20380481;-5;44.98
93252;Welkom_5;22-03-2025;20420196;-5;3.98
88575;Welkom_5;22-03-2025;20380036;-5;235.25
91308;Welkom_5;22-03-2025;20380705;-5;154.96
86500;Welkom_5;23-03-2025;20381059;-5;54.99
106868;Welkom_5;23-03-2025;20381521;-5;122.96
101850;Welkom_5;23-03-2025;20381554;-5;489.22
96108;Welkom_5;23-03-2025;20420717;-5;217.7
95554;Welkom_5;23-03-2025;20381422;-5;81.99
87550;Welkom_5;23-03-2025;20420816;-5;240.92
87440;Welkom_5;23-03-2025;20381794;-5;471.04
97730;Welkom_5;23-03-2025;20381505;-5;36.97
89689;Welkom_5;23-03-2025;20381679;-5;97.83
107813;Welkom_5;23-03-2025;20381448;-5;1583.98
81385;Welkom_5;23-03-2025;20420485;-5;24.65
84009;Welkom_5;23-03-2025;20382115;-5;434.72
81138;Welkom_5;23-03-2025;20381356;-5;731.28
80196;Welkom_5;23-03-2025;20381802;-5;96.04
103316;Welkom_5;23-03-2025;20382057;-5;549.17
92157;Welkom_5;24-03-2025;20383097;-5;67.21
108679;Welkom_5;24-03-2025;20383170;-5;497.96
86027;Welkom_5;24-03-2025;20382909;-5;60.98
92542;Welkom_5;24-03-2025;20382933;-5;17.49
108467;Welkom_5;24-03-2025;20382487;-5;7.5
89917;Welkom_5;24-03-2025;20383139;-5;26.47
103790;Welkom_5;24-03-2025;20382537;-5;375.85
109878;Welkom_5;24-03-2025;14347;-5;15.99
103731;Welkom_5;24-03-2025;20382875;-5;239.94
98064;Welkom_5;24-03-2025;20382438;-5;218.47
98165;Welkom_5;24-03-2025;20382768;-5;306.03
109990;Welkom_5;24-03-2025;20382917;-5;6.69
109538;Welkom_5;24-03-2025;20383204;-5;74.99
100376;Welkom_5;25-03-2025;20383618;-5;102.99
99290;Welkom_5;26-03-2025;20385498;-5;285.8
94870;Welkom_5;26-03-2025;20384814;-5;231.34
107228;Welkom_5;26-03-2025;20384624;-5;433.55
104746;Welkom_5;26-03-2025;20385217;-5;35.45
104521;Welkom_5;26-03-2025;20384459;-5;364.93
87857;Welkom_5;26-03-2025;20385530;-5;72.17
101569;Welkom_5;26-03-2025;20384335;-5;39.45
107381;Welkom_5;26-03-2025;20385449;-5;294.9
101950;Welkom_5;27-03-2025;20386512;-5;6.69
88427;Welkom_5;27-03-2025;20385795;-5;124.97
89089;Welkom_5;27-03-2025;20386223;-5;104
93216;Welkom_5;27-03-2025;20386272;-5;174.98
90947;Welkom_5;27-03-2025;20386470;-5;24.24
96350;Welkom_5;27-03-2025;20385977;-5;19.29
98001;Welkom_5;27-03-2025;20386207;-5;123.98
97654;Welkom_5;27-03-2025;20386447;-5;15
101134;Welkom_5;27-03-2025;20385852;-5;8
108188;Welkom_5;27-03-2025;20386173;-5;20.77
97424;Welkom_5;27-03-2025;20385944;-5;189.96
86723;Welkom_5;27-03-2025;20385894;-5;87.98
85013;Welkom_5;28-03-2025;20420899;-5;48.99
87203;Welkom_5;28-03-2025;20386991;-5;149.97
89641;Welkom_5;28-03-2025;20387239;-5;137.96
84456;Welkom_5;28-03-2025;20386769;-5;65.67
104708;Welkom_5;28-03-2025;20387817;-5;91.47
97571;Welkom_5;28-03-2025;20388013;-5;29.99
97836;Welkom_5;28-03-2025;20388294;-5;196.85
97992;Welkom_5;28-03-2025;20388005;-5;25.14
103749;Welkom_5;28-03-2025;20386868;-5;171.93
95966;Welkom_5;28-03-2025;20387296;-5;329.66
98622;Welkom_5;28-03-2025;20387791;-5;358.99
88851;Welkom_5;28-03-2025;20387601;-5;767.47
85143;Welkom_5;28-03-2025;20387684;-5;4.98
107840;Welkom_5;28-03-2025;20386918;-5;33.9
109998;Welkom_5;28-03-2025;20388179;-5;48.99
86446;Welkom_5;28-03-2025;20387312;-5;51.93
96598;Welkom_5;28-03-2025;20387031;-5;198.17
103601;Welkom_5;28-03-2025;20386876;-5;19.99
103151;Welkom_5;28-03-2025;20387700;-5;280.63
94285;Welkom_5;28-03-2025;20387049;-5;19.27
98127;Welkom_5;29-03-2025;20390068;-5;31.47
80948;Welkom_5;29-03-2025;20389375;-5;86.47
92369;Welkom_5;29-03-2025;20388583;-5;127.96
93026;Welkom_5;29-03-2025;20421103;-5;-2
97309;Welkom_5;29-03-2025;14359;-5;84.79
99239;Welkom_5;29-03-2025;20389516;-5;34.99
82377;Welkom_5;29-03-2025;20390613;-5;24.99
94541;Welkom_5;29-03-2025;20389318;-5;249.96
109118;Welkom_5;29-03-2025;20388906;-5;111.91
102605;Welkom_5;29-03-2025;20389748;-5;264.99
88449;Welkom_5;29-03-2025;20421178;-5;167.97
94200;Welkom_5;29-03-2025;20390720;-5;50.72
99286;Welkom_5;29-03-2025;20388922;-5;326.97
96573;Welkom_5;29-03-2025;20421004;-5;346.97
97675;Welkom_5;29-03-2025;20388658;-5;175.26
91541;Welkom_5;29-03-2025;20389029;-5;20.15
90211;Welkom_5;29-03-2025;20389136;-5;91.99
95961;Welkom_5;29-03-2025;20389243;-5;34.89
107208;Welkom_5;29-03-2025;20390506;-5;802.8
105189;Welkom_5;29-03-2025;20421160;-5;82.91
101173;Welkom_5;29-03-2025;20389227;-5;128.99
108862;Welkom_5;29-03-2025;20390639;-5;123.76
104904;Welkom_5;29-03-2025;20390522;-5;394
108046;Welkom_5;30-03-2025;20392304;-5;14.99
96520;Welkom_5;30-03-2025;20392122;-5;139.93
98259;Welkom_5;30-03-2025;20392494;-5;148.28
108300;Welkom_5;30-03-2025;20391306;-5;64.99
86560;Welkom_5;30-03-2025;14360;-5;345
104761;Welkom_5;30-03-2025;20421475;-5;64.98
107075;Welkom_5;30-03-2025;14361;-5;75
77554;Welkom_5;30-03-2025;20391058;-5;142.57
108637;Welkom_5;31-03-2025;20392825;-5;94.98
86940;Welkom_5;31-03-2025;20392882;-5;31.51
107841;Welkom_5;31-03-2025;20392940;-5;234.8
94226;Welkom_5;31-03-2025;20393534;-5;18.4
89248;Welkom_5;31-03-2025;20393484;-5;47.97
109935;Welkom_5;31-03-2025;20392783;-5;79.97
85638;Welkom_5;31-03-2025;20393666;-5;35.98
104576;Welkom_5;31-03-2025;20393492;-5;34
93666;Welkom_5;31-03-2025;20392676;-5;44.5
82412;Welkom_5;31-03-2025;20393583;-5;69.99
82466;Welkom_5;31-03-2025;20393450;-5;225.44
90889;Welkom_5;31-03-2025;20393690;-5;385.93
82811;Welkom_5;31-03-2025;20393229;-5;134.98
91049;Welkom_5;31-03-2025;20393070;-5;24.99
88562;Welkom_5;31-03-2025;20393948;-5;233.05
109984;Welkom_5;31-03-2025;20393427;-5;126.29
89021;Welkom_5;31-03-2025;20392924;-5;20.84
82476;Welkom_5;31-03-2025;20392841;-5;51.07
94350;Welkom_5;31-03-2025;20393047;-5;38
97310;Welkom_5;31-03-2025;20393526;-5;452.7
104686;Welkom_5;31-03-2025;20393344;-5;512.97
88162;Welkom_5;01-04-2025;20394219;-5;130.24
93488;Welkom_5;01-04-2025;20394771;-5;204.82
101857;Welkom_5;01-04-2025;20394201;-5;9.39
102532;Welkom_5;01-04-2025;20394235;-5;120.98
96805;Welkom_5;01-04-2025;20394979;-5;254.94
94340;Welkom_5;02-04-2025;20396099;-5;45.37
108623;Welkom_5;02-04-2025;20396248;-5;14.99
88965;Welkom_5;02-04-2025;20396545;-5;436.99
80714;Welkom_5;02-04-2025;20395547;-5;350.26
94563;Welkom_5;02-04-2025;20396107;-5;375.05
95914;Welkom_5;02-04-2025;20395273;-5;13.86
100643;Welkom_5;02-04-2025;20396537;-5;181.21
87826;Welkom_5;03-04-2025;20396982;-5;152.96
86438;Welkom_5;03-04-2025;20396891;-5;17.45
107706;Welkom_5;03-04-2025;20397626;-5;23.94
85863;Welkom_5;03-04-2025;20396859;-5;17.74
97212;Welkom_5;03-04-2025;20397550;-5;84.99
96957;Welkom_5;03-04-2025;20396917;-5;22.99
100275;Welkom_5;03-04-2025;20397576;-5;8.49
86101;Welkom_5;03-04-2025;20397998;-5;29.19
88733;Welkom_5;03-04-2025;20397758;-5;42.99
109872;Welkom_5;03-04-2025;20396933;-5;67.05
89183;Welkom_5;03-04-2025;20397360;-5;204.98
88915;Welkom_5;03-04-2025;20397717;-5;105.98
97245;Welkom_5;03-04-2025;20397642;-5;144.99
86701;Welkom_5;03-04-2025;20397386;-5;204.96
101602;Welkom_5;03-04-2025;20397212;-5;33.28
82120;Welkom_5;03-04-2025;20397063;-5;13.99
85634;Welkom_5;04-04-2025;20398962;-5;45
96630;Welkom_5;04-04-2025;20399523;-5;323.91
92866;Welkom_5;04-04-2025;20398467;-5;951.33
85204;Welkom_5;04-04-2025;20398418;-5;302.9
101887;Welkom_5;04-04-2025;20399002;-5;32.31
89756;Welkom_5;04-04-2025;20399507;-5;7.99
91657;Welkom_5;04-04-2025;20399309;-5;674.8
108440;Welkom_5;04-04-2025;20398871;-5;166.68
87737;Welkom_5;04-04-2025;20398491;-5;14.78
83099;Welkom_5;04-04-2025;20399473;-5;334.97
108696;Welkom_5;04-04-2025;20398566;-5;234.98
98876;Welkom_5;04-04-2025;20399580;-5;14.96
98272;Welkom_5;04-04-2025;20399598;-5;119.97
94078;Welkom_5;04-04-2025;20399275;-5;2501.97
94652;Welkom_5;05-04-2025;20302139;-3.5;74.95
89481;Welkom_5;05-04-2025;20300885;-5;37.96
78212;Welkom_5;05-04-2025;20300620;-5;250.56
88470;Welkom_5;05-04-2025;20301727;-5;135.49
105033;Welkom_5;05-04-2025;20301842;-5;2021.97
108965;Welkom_5;05-04-2025;20300422;-5;111.98
84240;Welkom_5;05-04-2025;20301354;-5;174
98818;Welkom_5;05-04-2025;20300604;-5;444.25
109919;Welkom_5;05-04-2025;20301016;-5;157.41
105614;Welkom_5;05-04-2025;20302170;-5;12.98
102392;Welkom_5;05-04-2025;20301370;-5;70.48
105842;Welkom_5;05-04-2025;20301206;-5;38.48
101310;Welkom_5;05-04-2025;20301479;-5;150.1
89169;Welkom_5;05-04-2025;20301701;-5;65.49
106610;Welkom_5;05-04-2025;20302196;-5;364.27
106873;Welkom_5;05-04-2025;20301321;-5;73.17
92391;Welkom_5;05-04-2025;20301230;-5;20.98
92883;Welkom_5;05-04-2025;20300794;-5;482.73
91547;Welkom_5;05-04-2025;20421657;-5;320.93
94127;Welkom_5;05-04-2025;20302378;-5;60.97
100566;Welkom_5;05-04-2025;20302022;-5;81.93
102639;Welkom_5;05-04-2025;20302147;-5;41.5
92411;Welkom_5;05-04-2025;20302253;-5;1470.99
102775;Welkom_5;05-04-2025;20302204;-3.99;0
98478;Welkom_5;05-04-2025;20301107;-5;326.94
89147;Welkom_5;05-04-2025;20300844;-5;26.99
96706;Welkom_5;05-04-2025;20301602;-5;10.99
109670;Welkom_5;05-04-2025;20422077;-5;207.89
94506;Welkom_5;05-04-2025;20301693;-5;404.89
98877;Welkom_5;05-04-2025;20302188;-5;217.79
85237;Welkom_5;05-04-2025;20301248;-5;167.95
83791;Welkom_5;06-04-2025;20303483;-5;462.65
97102;Welkom_5;06-04-2025;20303640;-5;41.73
102966;Welkom_5;06-04-2025;20422564;-5;63.96
94106;Welkom_5;06-04-2025;20302725;-5;28.94
94319;Welkom_5;06-04-2025;20302907;-5;136.27
98693;Welkom_5;06-04-2025;20422283;-5;194.99
97641;Welkom_5;06-04-2025;20303590;-5;629.92
100058;Welkom_5;06-04-2025;20303426;-5;140.98
103289;Welkom_5;06-04-2025;20422176;-5;263.35
108283;Welkom_5;06-04-2025;20422481;-5;430.27
106788;Welkom_5;06-04-2025;20422572;-5;23.99
107094;Welkom_5;06-04-2025;20302758;-5;165.94
94233;Welkom_5;06-04-2025;20303277;-5;23.43
91803;Welkom_5;07-04-2025;20304515;-5;20.98
87938;Welkom_5;07-04-2025;20304945;-5;58
85390;Welkom_5;07-04-2025;20305207;-5;51.99
92046;Welkom_5;07-04-2025;20304523;-5;63.09
101428;Welkom_5;07-04-2025;20304531;-5;29.93
102298;Welkom_5;07-04-2025;20304655;-5;51.49
107206;Welkom_5;07-04-2025;20304622;-5;69.97
97505;Welkom_5;07-04-2025;20304416;-5;72.98
88724;Welkom_5;07-04-2025;20305108;-5;844
80769;Welkom_5;07-04-2025;20304366;-5;59.99
97475;Welkom_5;07-04-2025;20304713;-5;1.99
98899;Welkom_5;07-04-2025;20304747;-5;17.98
99561;Welkom_5;07-04-2025;20304184;-5;1.5
85787;Welkom_5;07-04-2025;20304325;-5;94.97
98604;Welkom_5;07-04-2025;20304119;-5;159.95
93733;Welkom_5;08-04-2025;20305553;-5;13.88
106928;Welkom_5;08-04-2025;20305348;-5;49.65
107242;Welkom_5;08-04-2025;20305439;-5;224.99
103554;Welkom_5;08-04-2025;20305736;-5;111.42
109894;Welkom_5;08-04-2025;20305298;-5;97.53
99464;Welkom_5;08-04-2025;20306346;-5;177.8
99842;Welkom_5;08-04-2025;20305959;-5;358.37
108058;Welkom_5;09-04-2025;20306882;-5;151.28
90145;Welkom_5;09-04-2025;20307526;-5;33.09
101701;Welkom_5;09-04-2025;20307443;-5;82.46
99319;Welkom_5;09-04-2025;20306577;-5;167.94
105329;Welkom_5;09-04-2025;20307369;-5;95.98
102273;Welkom_5;09-04-2025;20306643;-5;249.97
103467;Welkom_5;09-04-2025;20307740;-5;74.5
109773;Welkom_5;09-04-2025;20306676;-5;161.12
99526;Welkom_5;09-04-2025;20306817;-5;14.96
91539;Welkom_5;09-04-2025;20307302;-5;172.46
103015;Welkom_5;09-04-2025;20307625;-5;106.8
97934;Welkom_5;09-04-2025;20307344;-5;42.43
101556;Welkom_5;10-04-2025;20307955;-5;124.96
109816;Welkom_5;10-04-2025;20307922;-5;9.99
100508;Welkom_5;10-04-2025;20308417;-5;78.97
86911;Welkom_5;10-04-2025;14390;-5;26.5
91042;Welkom_5;10-04-2025;20308714;-5;142.98
106563;Welkom_5;10-04-2025;20308359;-5;55.66
96151;Welkom_5;10-04-2025;20309043;-5;255.96
105676;Welkom_5;10-04-2025;20308631;-5;71
98835;Welkom_5;10-04-2025;20308813;-5;45.25
91004;Welkom_5;10-04-2025;20308185;-5;375.91
92770;Welkom_5;10-04-2025;20308672;-5;77.94
91559;Welkom_5;10-04-2025;20309118;-5;31.89
106806;Welkom_5;10-04-2025;20308441;-5;127.48
88107;Welkom_5;10-04-2025;20308250;-5;249.99
94409;Welkom_5;10-04-2025;20308771;-5;109.99
106689;Welkom_5;10-04-2025;20308409;-5;437.88
90990;Welkom_5;10-04-2025;20308193;-5;167.44
86352;Welkom_5;10-04-2025;20308367;-5;10.99
100297;Welkom_5;10-04-2025;20308342;-5;19.99
92365;Welkom_5;10-04-2025;20308128;-5;116.83
82264;Welkom_5;10-04-2025;20308961;-5;34.23
108800;Welkom_5;11-04-2025;20309985;-5;224.96
96052;Welkom_5;11-04-2025;20310454;-5;216.74
94655;Welkom_5;11-04-2025;20310710;-5;41.97
103838;Welkom_5;11-04-2025;20310702;-5;234.98
99158;Welkom_5;11-04-2025;20310264;-5;85.48
86925;Welkom_5;11-04-2025;20309597;-5;257.88
108499;Welkom_5;11-04-2025;20310868;-5;163.93
105321;Welkom_5;11-04-2025;20310801;-5;234.98
85590;Welkom_5;11-04-2025;20310413;-5;670.87
108446;Welkom_5;11-04-2025;20309423;-5;494.94
100096;Welkom_5;11-04-2025;20309779;-5;21.07
89488;Welkom_5;11-04-2025;20310033;-5;179.96
89877;Welkom_5;11-04-2025;20310330;-5;104.99
93994;Welkom_5;11-04-2025;20310181;-5;10.15
104725;Welkom_5;12-04-2025;20313219;-5;164.96
85433;Welkom_5;12-04-2025;20312955;-5;42.46
108364;Welkom_5;12-04-2025;20312377;-5;80.97
97187;Welkom_5;12-04-2025;20423034;-5;73.68
89190;Welkom_5;12-04-2025;20311510;-5;158.84
91733;Welkom_5;12-04-2025;20311874;-5;314.24
85736;Welkom_5;12-04-2025;20423018;-5;12.99
98913;Welkom_5;12-04-2025;20313524;-5;52.47
98319;Welkom_5;12-04-2025;20313383;-5;168.96
96836;Welkom_5;12-04-2025;20422986;-5;17.98
97957;Welkom_5;12-04-2025;20312443;-5;540.88
106585;Welkom_5;12-04-2025;20312773;-5;111.64
109818;Welkom_5;12-04-2025;20311387;-5;287.74
97284;Welkom_5;12-04-2025;20311817;-5;168.94
86007;Welkom_5;12-04-2025;20311494;-5;144.99
89228;Welkom_5;12-04-2025;20313441;-5;77.3
93241;Welkom_5;12-04-2025;20313532;-5;201.4
108208;Welkom_5;12-04-2025;20311205;-5;70.94
90763;Welkom_5;13-04-2025;20314282;-5;57.99
91403;Welkom_5;13-04-2025;20315586;-5;181.93
88790;Welkom_5;13-04-2025;20314316;-5;94.62
90549;Welkom_5;13-04-2025;20314951;-5;349.87
105906;Welkom_5;13-04-2025;20314407;-5;147.17
102665;Welkom_5;13-04-2025;20314134;-5;41.84
109801;Welkom_5;13-04-2025;20315032;-5;24.99
109047;Welkom_5;13-04-2025;20314340;-5;25.98
87995;Welkom_5;13-04-2025;20314688;-5;97.53
96619;Welkom_5;13-04-2025;20314415;-5;262
93906;Welkom_5;13-04-2025;20315289;-5;26.49
105024;Welkom_5;13-04-2025;14402;-5;344
97181;Welkom_5;13-04-2025;20315776;-5;72.78
99636;Welkom_5;13-04-2025;20314274;-5;535.13
96648;Welkom_5;14-04-2025;20317061;-5;114.99
96654;Welkom_5;14-04-2025;20316766;-5;34
80392;Welkom_5;14-04-2025;20315933;-5;1.99
91741;Welkom_5;14-04-2025;20316014;-5;872.63
91676;Welkom_5;14-04-2025;20316857;-5;132.71
103533;Welkom_5;14-04-2025;20316709;-5;264
85452;Welkom_5;14-04-2025;20316162;-5;315.13
85539;Welkom_5;14-04-2025;20316733;-5;119.68
92416;Welkom_5;14-04-2025;20316758;-5;39.5
99737;Welkom_5;14-04-2025;20316345;-5;60.98
105455;Welkom_5;14-04-2025;20316741;-5;51.94
94945;Welkom_5;14-04-2025;20316865;-5;43.16
96152;Welkom_5;14-04-2025;20316881;-5;142.98
87896;Welkom_5;15-04-2025;20318200;-5;90.96
87504;Welkom_5;15-04-2025;20317327;-5;138.4
104310;Welkom_5;15-04-2025;20317467;-5;116.91
86925;Welkom_5;15-04-2025;20318333;-5;174
79042;Welkom_5;15-04-2025;20318291;-5;434.96
105806;Welkom_5;16-04-2025;20318481;-5;294.9
94058;Welkom_5;16-04-2025;20318911;-5;52.93
96061;Welkom_5;16-04-2025;20319414;-5;33.69
93839;Welkom_5;16-04-2025;20319950;-5;299.45
99796;Welkom_5;17-04-2025;20321022;-5;149.95
99671;Welkom_5;17-04-2025;20320438;-5;383.49
96956;Welkom_5;17-04-2025;20320768;-5;9.99
106428;Welkom_5;17-04-2025;20320321;-5;172.48
86828;Welkom_5;17-04-2025;20321378;-5;97.15
85377;Welkom_5;17-04-2025;20320867;-5;24.98
89015;Welkom_5;17-04-2025;20320412;-5;149.77
102863;Welkom_5;17-04-2025;20320388;-5;6.99
87293;Welkom_5;17-04-2025;20321014;-5;6.69
91612;Welkom_5;17-04-2025;20321097;-5;6.69
81069;Welkom_5;17-04-2025;20321055;-5;3.25
88932;Welkom_5;17-04-2025;20320180;-5;22.78
102653;Welkom_5;17-04-2025;20321246;-5;314.98
99815;Welkom_5;17-04-2025;20320909;-5;61.88
92295;Welkom_5;17-04-2025;20321329;-5;40.88
108877;Welkom_5;18-04-2025;20323093;-5;321.33
109746;Welkom_5;18-04-2025;20322442;-5;548.46
84097;Welkom_5;18-04-2025;20323986;-0.01;49.97
107670;Welkom_5;18-04-2025;20322632;-5;143.59
88062;Welkom_5;18-04-2025;20323796;-5;126.45
99009;Welkom_5;18-04-2025;20322053;-5;137.43
85599;Welkom_5;18-04-2025;20322913;-5;19.29
88971;Welkom_5;18-04-2025;20323846;-5;138.99
101413;Welkom_5;18-04-2025;20322616;-5;388.98
101567;Welkom_5;18-04-2025;20323176;-5;355.43
98164;Welkom_5;18-04-2025;20322715;-5;371.29
98914;Welkom_5;18-04-2025;20323200;-5;180.57
107135;Welkom_5;18-04-2025;20322137;-5;268.76
86154;Welkom_5;19-04-2025;20326575;-5;79.21
98458;Welkom_5;19-04-2025;20326229;-5;35.46
77357;Welkom_5;19-04-2025;20326831;-5;169.74
93819;Welkom_5;19-04-2025;20324984;-5;505.65
100378;Welkom_5;19-04-2025;20325361;-5;74.97
82850;Welkom_5;19-04-2025;20324604;-5;359.98
89649;Welkom_5;19-04-2025;20326187;-5;129.88
101354;Welkom_5;19-04-2025;20325395;-5;408.89
91531;Welkom_5;19-04-2025;20423620;-5;344.96
107167;Welkom_5;19-04-2025;20324976;-5;144.98
105197;Welkom_5;19-04-2025;20324372;-5;28.08
96851;Welkom_5;19-04-2025;20423729;-5;14.99
77986;Welkom_5;19-04-2025;20326286;-5;117.97
85233;Welkom_5;19-04-2025;20325775;-5;49.32
92338;Welkom_5;19-04-2025;20324729;-5;434.95
102687;Welkom_5;19-04-2025;20423687;-5;106.9
107950;Welkom_5;19-04-2025;20324315;-5;119.97
80138;Welkom_5;19-04-2025;20326096;-5;89.47
93258;Welkom_5;19-04-2025;20325635;-5;64.56
102692;Welkom_5;19-04-2025;20325239;-5;556.69
104131;Welkom_5;19-04-2025;20325221;-5;124.95
91427;Welkom_5;19-04-2025;20325296;-5;329.93
104605;Welkom_5;19-04-2025;20423596;-5;34.95
85365;Welkom_5;19-04-2025;20324612;-5;543.98
93467;Welkom_5;19-04-2025;20324463;-5;394
96918;Welkom_5;19-04-2025;20325064;-5;365.91
93636;Welkom_5;19-04-2025;20326310;-5;330.88
109306;Welkom_5;21-04-2025;20328043;-5;314.51
97027;Welkom_5;21-04-2025;20424958;-5;78.04
96688;Welkom_5;21-04-2025;20425088;-5;402.88
91775;Welkom_5;21-04-2025;20328605;-5;119.94
106156;Welkom_5;21-04-2025;20327615;-5;208.67
85782;Welkom_5;21-04-2025;20327730;-5;381.86
85101;Welkom_5;21-04-2025;20424891;-5;59.14
88514;Welkom_5;21-04-2025;20327938;-5;133.33
95719;Welkom_5;21-04-2025;20327896;-5;129.96
105004;Welkom_5;21-04-2025;20328472;-5;128.96
109638;Welkom_5;21-04-2025;20327185;-5;96.97
95684;Welkom_5;21-04-2025;20328027;-5;236.11
99681;Welkom_5;21-04-2025;20506051;-5;268.91
108513;Welkom_5;21-04-2025;20328373;-5;46.94
103374;Welkom_5;21-04-2025;20424180;-5;40.98
91555;Welkom_5;21-04-2025;20506028;-5;135.36
108294;Welkom_5;21-04-2025;20424461;-5;594
107035;Welkom_5;21-04-2025;20328993;-5;125.58
100772;Welkom_5;21-04-2025;20328860;-5;81.09
85155;Welkom_5;21-04-2025;20327961;-5;424.95
107074;Welkom_5;21-04-2025;20327359;-5;24.06
78048;Welkom_5;21-04-2025;20328787;-5;142.03
106810;Welkom_5;21-04-2025;20329397;-5;30.84
91102;Welkom_5;21-04-2025;20328167;-5;9.38
96091;Welkom_5;21-04-2025;20424644;-5;142.48
102221;Welkom_5;21-04-2025;20329041;-5;29.47
106605;Welkom_5;21-04-2025;20425237;-5;52.95
98957;Welkom_5;21-04-2025;20327995;-5;18.39
103859;Welkom_5;21-04-2025;20328381;-5;2063.06
98825;Welkom_5;21-04-2025;20425245;-5;35.03
97285;Welkom_5;21-04-2025;20425583;-5;274.95
107811;Welkom_5;21-04-2025;20328399;-5;72.96
98970;Welkom_5;21-04-2025;20327367;-5;157.9
105141;Welkom_5;21-04-2025;20328662;-5;3.99
103932;Welkom_5;21-04-2025;20424198;-5;64.95
106866;Welkom_5;21-04-2025;20328159;-5;241.2
108658;Welkom_5;21-04-2025;20327649;-5;165.46
104660;Welkom_5;21-04-2025;20425534;-5;560
99205;Welkom_5;21-04-2025;20424230;-5;1040.02
101651;Welkom_5;21-04-2025;20424933;-5;5.5
83410;Welkom_5;21-04-2025;20329033;-5;157.43
87930;Welkom_5;21-04-2025;20328035;-5;94.95
109400;Welkom_5;21-04-2025;20327623;-5;34.06
107770;Welkom_5;21-04-2025;20424263;-5;71.5
101919;Welkom_5;21-04-2025;20506002;-5;65.37
84331;Welkom_5;21-04-2025;20425310;-5;136.91
102358;Welkom_5;21-04-2025;20327490;-5;186.47
107163;Welkom_5;21-04-2025;20327748;-5;34.95
90124;Welkom_5;21-04-2025;20327979;-5;16.66
85379;Welkom_5;21-04-2025;20328175;-5;24.99
85756;Welkom_5;21-04-2025;20327862;-5;81.05
85218;Welkom_5;21-04-2025;20329504;-5;64.98
85706;Welkom_5;21-04-2025;20425005;-5;127.18
101389;Welkom_5;21-04-2025;20327581;-5;518
90387;Welkom_5;21-04-2025;20505988;-5;136.45
92327;Welkom_5;21-04-2025;20424388;-5;114.98
108217;Welkom_5;21-04-2025;20328761;-5;208.48
101738;Welkom_5;21-04-2025;20327417;-5;34.99
91529;Welkom_5;21-04-2025;20425476;-5;39.95
85258;Welkom_5;21-04-2025;20328704;-5;44.99
80869;Welkom_5;21-04-2025;20424669;-5;411.01
103054;Welkom_5;21-04-2025;20328779;-5;318.93
96909;Welkom_5;21-04-2025;20424925;-5;55.55
96452;Welkom_5;21-04-2025;20424420;-5;1.95
89691;Welkom_5;21-04-2025;14424;-5;144.99
106961;Welkom_5;21-04-2025;20327912;-5;8.49
96242;Welkom_5;21-04-2025;20425484;-5;265.44
86165;Welkom_5;22-04-2025;20331153;-5;227.03
88997;Welkom_5;22-04-2025;14426;-5;184.98
97001;Welkom_5;22-04-2025;20330551;-5;83.28
80669;Welkom_5;22-04-2025;20331120;-5;73.7
98192;Welkom_5;22-04-2025;20330189;-5;499.1
104998;Welkom_5;22-04-2025;20330015;-5;278.74
107506;Welkom_5;22-04-2025;20331252;-5;170.98
107862;Welkom_5;23-04-2025;20331690;-5;138.83
98834;Welkom_5;23-04-2025;20331781;-5;49.63
88948;Welkom_5;23-04-2025;20331468;-5;134.99
93953;Welkom_5;23-04-2025;20332359;-5;297.62
96789;Welkom_5;23-04-2025;20331765;-5;32.74
98285;Welkom_5;23-04-2025;20332748;-5;94.59
99092;Welkom_5;23-04-2025;20331773;-5;87.45
107354;Welkom_5;23-04-2025;20332409;-5;299.17
93251;Welkom_5;24-04-2025;20333670;-5;94.95
83671;Welkom_5;24-04-2025;20333704;-5;195.98
108982;Welkom_5;24-04-2025;20335303;-5;124.97
95553;Welkom_5;24-04-2025;20335006;-5;43.93
109439;Welkom_5;24-04-2025;20334157;-5;174.3
83552;Welkom_5;24-04-2025;20333712;-5;147.08
101716;Welkom_5;24-04-2025;20334140;-5;147.89
86922;Welkom_5;24-04-2025;20335246;-5;71.98
108448;Welkom_5;24-04-2025;20335402;-5;74.48
101089;Welkom_5;24-04-2025;20334827;-5;42.68
81383;Welkom_5;24-04-2025;20335329;-5;20.16
87452;Welkom_5;24-04-2025;20335311;-5;26.95
104845;Welkom_5;24-04-2025;20333530;-5;66.43
97115;Welkom_5;24-04-2025;20333381;-5;25.34
95451;Welkom_5;24-04-2025;20335188;-5;284.99
93009;Welkom_5;24-04-2025;20335444;-5;205.84
107851;Welkom_5;25-04-2025;14439;-5;118.98
87786;Welkom_5;25-04-2025;20336434;-5;40.5
94278;Welkom_5;25-04-2025;20336624;-5;57.97
88146;Welkom_5;25-04-2025;20337127;-5;264.92
87466;Welkom_5;25-04-2025;20425799;-5;63.35
101386;Welkom_5;25-04-2025;20336681;-5;-67.79
107318;Welkom_5;25-04-2025;20337028;-5;54.97
97156;Welkom_5;25-04-2025;20337739;-5;367.98
83416;Welkom_5;25-04-2025;20336582;-5;26.17
81716;Welkom_5;25-04-2025;20335832;-5;1322.5
101271;Welkom_5;25-04-2025;20337606;-5;165.86
85883;Welkom_5;25-04-2025;20337234;-5;534.98
87210;Welkom_5;25-04-2025;20336384;-5;23.54
109735;Welkom_5;25-04-2025;20335741;-5;86.22
109307;Welkom_5;25-04-2025;20337432;-5;224.99
104665;Welkom_5;25-04-2025;20336459;-5;84.97
99658;Welkom_5;25-04-2025;20335949;-5;335.9
99153;Welkom_5;25-04-2025;20336574;-5;6.5
101148;Welkom_5;25-04-2025;20425732;-5;104.99
86160;Welkom_5;25-04-2025;20337333;-5;259.98
97039;Welkom_5;25-04-2025;20336293;-5;58.27
103098;Welkom_5;25-04-2025;20336699;-5;149.73
97520;Welkom_5;26-04-2025;14441;-5;44.98
105352;Welkom_5;27-04-2025;20338851;-5;256.35
106871;Welkom_5;27-04-2025;20338380;-5;154.71
95447;Welkom_5;27-04-2025;20339461;-5;277.39
87793;Welkom_5;27-04-2025;20337986;-5;204.3
97279;Welkom_5;27-04-2025;20338299;-5;103.97
95661;Welkom_5;27-04-2025;20338109;-5;94.99
107100;Welkom_5;27-04-2025;14447;-5;94.99
87779;Welkom_5;27-04-2025;20425963;-5;102.96
100846;Welkom_5;28-04-2025;20340691;-5;354.99
104991;Welkom_5;28-04-2025;20341137;-5;91.89
85827;Welkom_5;28-04-2025;20340469;-5;34.03
84281;Welkom_5;28-04-2025;20340402;-5;91.41
88261;Welkom_5;28-04-2025;20341350;-5;27.25
97532;Welkom_5;28-04-2025;20340683;-5;37.45
102906;Welkom_5;28-04-2025;20340550;-5;38.68
93497;Welkom_5;28-04-2025;20341327;-5;69.99
87769;Welkom_5;28-04-2025;14453;-5;77.84
94290;Welkom_5;28-04-2025;20341954;-5;72.75
85600;Welkom_5;28-04-2025;20340527;-5;262.96
102900;Welkom_5;28-04-2025;20340543;-5;43.98
103832;Welkom_5;28-04-2025;20340600;-5;252.97
109576;Welkom_5;28-04-2025;20340840;-5;31.73
98497;Welkom_5;28-04-2025;20341145;-5;32.75
92200;Welkom_5;28-04-2025;20341996;-5;598.84
95920;Welkom_5;28-04-2025;20340741;-5;117.98
90332;Welkom_5;28-04-2025;20341319;-5;76.99
85936;Welkom_5;28-04-2025;20340386;-5;107.99
92772;Welkom_5;28-04-2025;20341202;-5;470.75
93411;Welkom_5;28-04-2025;20340451;-5;78.87
90036;Welkom_5;28-04-2025;20341467;-5;153.48
107029;Welkom_5;28-04-2025;20342069;-5;112.98
105978;Welkom_5;29-04-2025;20344099;-5;556.56
88556;Welkom_5;29-04-2025;20343380;-5;364.9
97375;Welkom_5;29-04-2025;20342556;-5;306.68
97749;Welkom_5;29-04-2025;20343984;-5;91.36
91715;Welkom_5;29-04-2025;20343067;-5;374.93
104347;Welkom_5;29-04-2025;20343083;-5;6.49
93220;Welkom_5;30-04-2025;20345658;-5;244.98
96615;Welkom_5;30-04-2025;20426086;-5;112.98
91567;Welkom_5;30-04-2025;20345716;-5;263.97
98317;Welkom_5;30-04-2025;20344438;-5;91.15
101949;Welkom_5;30-04-2025;20345799;-5;32.98
108470;Welkom_5;30-04-2025;20345690;-5;9.99
83655;Welkom_5;30-04-2025;20344941;-5;42.99
83019;Welkom_5;30-04-2025;20345708;-5;254.96
86737;Welkom_5;30-04-2025;20345245;-5;94.99
84894;Welkom_5;30-04-2025;20345450;-5;272.96
87976;Welkom_5;30-04-2025;20345625;-5;1031.03
97980;Welkom_5;30-04-2025;20426078;-5;57.91
92220;Welkom_5;30-04-2025;20345948;-5;45.52
93714;Welkom_5;30-04-2025;20345930;-5;198.37
88554;Welkom_5;30-04-2025;20345484;-5;141.98
100183;Welkom_5;30-04-2025;20345443;-5;50.99
96153;Welkom_5;30-04-2025;20345807;-5;235.24
87127;Welkom_5;01-05-2025;20346763;-5;187.22
83558;Welkom_5;01-05-2025;20348181;-5;19.95
108339;Welkom_5;01-05-2025;20346508;-5;134.95
85800;Welkom_5;01-05-2025;20346573;-5;44.98
99384;Welkom_5;01-05-2025;20347209;-5;374
102775;Welkom_5;01-05-2025;20347779;-1.01;1390.43
98571;Welkom_5;01-05-2025;20347274;-5;36.92
95205;Welkom_5;01-05-2025;20347258;-5;23.07
85544;Welkom_5;01-05-2025;20347977;-5;23.99
107415;Welkom_5;01-05-2025;20347910;-5;307.94
88633;Welkom_5;01-05-2025;20346896;-5;50.32
98627;Welkom_5;01-05-2025;20347456;-5;34.98
90374;Welkom_5;01-05-2025;20347357;-5;10.95
105020;Welkom_5;01-05-2025;20347696;-5;48.99
96116;Welkom_5;01-05-2025;20347365;-5;244.97
107911;Welkom_5;01-05-2025;20346649;-5;58.93
95670;Welkom_5;01-05-2025;14474;-5;9.99
87324;Welkom_5;01-05-2025;20347316;-5;62.49
91679;Welkom_5;01-05-2025;20347886;-5;199.97
98045;Welkom_5;01-05-2025;20347233;-5;6.99
91072;Welkom_5;01-05-2025;20346755;-5;56.94
89890;Welkom_5;01-05-2025;20347928;-5;364.99
94057;Welkom_5;01-05-2025;20346987;-5;91.95
105176;Welkom_5;01-05-2025;20347761;-5;10.97
81290;Welkom_5;01-05-2025;20347159;-5;13.99
90982;Welkom_5;01-05-2025;20347894;-5;54.99
105323;Welkom_5;02-05-2025;20348678;-5;305.44
89048;Welkom_5;02-05-2025;20348942;-5;14.06
107000;Welkom_5;02-05-2025;20350062;-5;31.99
99269;Welkom_5;02-05-2025;20349320;-5;544.87
107138;Welkom_5;02-05-2025;20350286;-5;21.98
104617;Welkom_5;02-05-2025;20348967;-5;22.74
94868;Welkom_5;02-05-2025;20349551;-5;40.92
94354;Welkom_5;02-05-2025;20348660;-5;528.89
89174;Welkom_5;02-05-2025;20349189;-5;272.92
108647;Welkom_5;02-05-2025;20349627;-5;133.22
100151;Welkom_5;02-05-2025;20349056;-5;37.97
90161;Welkom_5;02-05-2025;20349759;-5;29.92
106255;Welkom_5;02-05-2025;20348959;-5;11.37
96908;Welkom_5;02-05-2025;20350120;-5;32.99
98355;Welkom_5;02-05-2025;20350047;-5;165.95
97307;Welkom_5;02-05-2025;20349353;-5;174.95
82474;Welkom_5;02-05-2025;20349635;-5;134.98
99898;Welkom_5;02-05-2025;20349395;-5;315.92
86162;Welkom_5;02-05-2025;20349148;-5;27.8
108802;Welkom_5;02-05-2025;20349023;-5;39.49
102769;Welkom_5;03-05-2025;20426912;-5;185.43
88223;Welkom_5;03-05-2025;20350567;-5;54.93
84228;Welkom_5;03-05-2025;20426748;-5;10.7
109463;Welkom_5;03-05-2025;20426789;-5;24.99
102701;Welkom_5;03-05-2025;20351698;-5;34.99
104490;Welkom_5;03-05-2025;20351110;-5;160.13
90282;Welkom_5;03-05-2025;20426839;-5;115.96
95150;Welkom_5;03-05-2025;20352803;-5;394
94070;Welkom_5;03-05-2025;20353199;-5;275.94
93928;Welkom_5;03-05-2025;20352662;-5;83.97
89479;Welkom_5;03-05-2025;20353272;-5;144.95
104603;Welkom_5;03-05-2025;20351177;-5;307.34
99999;Welkom_5;03-05-2025;20352159;-5;204.75
81325;Welkom_5;03-05-2025;20352944;-5;155.95
104390;Welkom_5;03-05-2025;20350880;-5;740.72
108868;Welkom_5;03-05-2025;20352191;-5;44.96
100014;Welkom_5;03-05-2025;20353017;-5;115.52
103889;Welkom_5;03-05-2025;20351607;-5;817.72
99487;Welkom_5;03-05-2025;20352704;-5;37.95
101450;Welkom_5;04-05-2025;20353421;-5;108.07
96563;Welkom_5;04-05-2025;20354106;-5;92.98
95646;Welkom_5;04-05-2025;20354726;-5;302.98
93954;Welkom_5;04-05-2025;20353918;-5;405.06
96054;Welkom_5;04-05-2025;20353991;-5;74.98
99453;Welkom_5;04-05-2025;20353959;-5;324.94
108740;Welkom_5;04-05-2025;20354387;-5;1444
108595;Welkom_5;04-05-2025;20427134;-5;83.2
109321;Welkom_5;04-05-2025;20354544;-5;225.71
108611;Welkom_5;04-05-2025;20354023;-5;359.41
94709;Welkom_5;04-05-2025;20354940;-5;330.79
89728;Welkom_5;04-05-2025;20354015;-5;88.92
93174;Welkom_5;04-05-2025;20354148;-5;223.94
101074;Welkom_5;04-05-2025;20354734;-5;301.51
104073;Welkom_5;04-05-2025;20354270;-5;254.99
95802;Welkom_5;04-05-2025;20353710;-5;88.86
91872;Welkom_5;04-05-2025;20354817;-5;16.15
103377;Welkom_5;06-05-2025;20355285;-5;228.06
87836;Welkom_5;06-05-2025;20356762;-5;8.98
100149;Welkom_5;06-05-2025;20356416;-5;58.99
93763;Welkom_5;06-05-2025;20355558;-5;16.47
88955;Welkom_5;06-05-2025;20356408;-5;275.33
89820;Welkom_5;06-05-2025;20355665;-5;18.85
87417;Welkom_5;06-05-2025;20355178;-5;30.76
81104;Welkom_5;06-05-2025;20355277;-5;326.37
95482;Welkom_5;06-05-2025;20356317;-5;384.96
92078;Welkom_5;06-05-2025;20355160;-5;106.95
85060;Welkom_5;06-05-2025;20355947;-5;-10.01
101932;Welkom_5;06-05-2025;20356077;-5;84.95
102329;Welkom_5;06-05-2025;20356218;-5;48.99
91875;Welkom_5;06-05-2025;20355780;-5;194.99
98125;Welkom_5;06-05-2025;20356630;-5;10.95
105266;Welkom_5;06-05-2025;20356366;-5;113.25
92237;Welkom_5;06-05-2025;20355368;-5;19.29
90681;Welkom_5;06-05-2025;20355632;-5;48.3
98880;Welkom_5;06-05-2025;20355822;-5;172
99902;Welkom_5;06-05-2025;20356309;-5;19.99
86288;Welkom_5;07-05-2025;20356929;-5;44.98
106682;Welkom_5;07-05-2025;20357729;-5;30.99
83658;Welkom_5;07-05-2025;20357117;-5;66.95
94858;Welkom_5;07-05-2025;20357083;-5;198.95
85105;Welkom_5;07-05-2025;20357844;-5;234.93
98056;Welkom_5;07-05-2025;20357703;-5;417.54
107369;Welkom_5;07-05-2025;20357257;-5;50.99
93072;Welkom_5;07-05-2025;20357034;-5;244.87
90817;Welkom_5;07-05-2025;20358149;-5;293.93
86552;Welkom_5;07-05-2025;20357752;-5;316.94
104241;Welkom_5;07-05-2025;20356911;-5;7.55
100654;Welkom_5;07-05-2025;14499;-5;36.99
102504;Welkom_5;07-05-2025;20357141;-5;45.84
103613;Welkom_5;07-05-2025;20357133;-5;104.98
90679;Welkom_5;08-05-2025;20428348;-5;9.59
107593;Welkom_5;08-05-2025;20358495;-5;94
102737;Welkom_5;08-05-2025;20359097;-5;16.58
107729;Welkom_5;08-05-2025;20358511;-5;104.99
108677;Welkom_5;08-05-2025;20428322;-5;114.99
100684;Welkom_5;08-05-2025;20428116;-5;411.97
82989;Welkom_5;08-05-2025;20358362;-5;224.97
105866;Welkom_5;08-05-2025;20358792;-5;42.99
87386;Welkom_5;08-05-2025;20506457;-5;111.98
98532;Welkom_5;08-05-2025;20358982;-5;23.5
92905;Welkom_5;08-05-2025;20506440;-5;79.17
88129;Welkom_5;08-05-2025;20359378;-5;88.95
97822;Welkom_5;08-05-2025;20358917;-5;128.99
93672;Welkom_5;08-05-2025;20428215;-5;178.99
104876;Welkom_5;08-05-2025;20359733;-5;322.41
89869;Welkom_5;08-05-2025;20506424;-5;63.98
94763;Welkom_5;08-05-2025;20359683;-5;184.97
91080;Welkom_5;08-05-2025;20359329;-5;99.94
90280;Welkom_5;08-05-2025;20359121;-5;263.84
81574;Welkom_5;08-05-2025;20358305;-5;182.94
93632;Welkom_5;08-05-2025;20359030;-5;85.93
99245;Welkom_5;08-05-2025;20358404;-5;30.19
94104;Welkom_5;08-05-2025;20358909;-5;9.99
85145;Welkom_5;08-05-2025;20358834;-5;117.87
105097;Welkom_5;08-05-2025;20359857;-5;30.19
106523;Welkom_5;08-05-2025;20359048;-5;64.49
95474;Welkom_5;08-05-2025;20360608;-5;36.38
107412;Welkom_5;08-05-2025;20359543;-5;203.89
87845;Welkom_5;08-05-2025;20360541;-5;71.98
106834;Welkom_5;08-05-2025;20359832;-5;82.98
86957;Welkom_5;08-05-2025;20359006;-5;64.95
88535;Welkom_5;08-05-2025;20428454;-5;22.99
103829;Welkom_5;08-05-2025;20427928;-5;2072.56
93766;Welkom_5;08-05-2025;20506408;-5;34.99
90207;Welkom_5;08-05-2025;20358727;-5;162.98
82798;Welkom_5;08-05-2025;20359667;-5;31.77
91451;Welkom_5;08-05-2025;20360624;-5;331.09
101081;Welkom_5;08-05-2025;20359337;-5;25.99
87098;Welkom_5;09-05-2025;20361705;-5;82.99
109329;Welkom_5;09-05-2025;20361465;-5;31.93
105119;Welkom_5;09-05-2025;20361036;-5;40.23
99097;Welkom_5;09-05-2025;20361291;-5;190.96
91246;Welkom_5;09-05-2025;20362661;-5;53.94
107960;Welkom_5;09-05-2025;20361788;-5;12.99
91095;Welkom_5;09-05-2025;20360970;-5;11.99
80847;Welkom_5;09-05-2025;20361580;-5;34.98
84566;Welkom_5;09-05-2025;20361325;-5;47.92
82210;Welkom_5;09-05-2025;20360814;-5;189.99
96048;Welkom_5;09-05-2025;20361333;-5;4.89
92024;Welkom_5;09-05-2025;20361267;-5;125.95
109198;Welkom_5;09-05-2025;14507;-5;144.99
90602;Welkom_5;09-05-2025;20362299;-5;35.45
94814;Welkom_5;09-05-2025;20360962;-5;29.48
104462;Welkom_5;09-05-2025;20362687;-5;149.98
103279;Welkom_5;09-05-2025;20362273;-5;41.49
109406;Welkom_5;09-05-2025;20361226;-5;29.99
99372;Welkom_5;09-05-2025;20360889;-5;120.78
106175;Welkom_5;09-05-2025;20361374;-5;115.06
89760;Welkom_5;09-05-2025;20360905;-5;72.97
99485;Welkom_5;09-05-2025;20361440;-5;61.97
96983;Welkom_5;09-05-2025;20361747;-5;37.98
88563;Welkom_5;09-05-2025;20362562;-5;153.37
93833;Welkom_5;09-05-2025;20361762;-5;12.98
92326;Welkom_5;09-05-2025;20360913;-5;24.9
100431;Welkom_5;09-05-2025;20361549;-5;197.75
107454;Welkom_5;09-05-2025;20362059;-5;27.97
90729;Welkom_5;09-05-2025;20362869;-5;375.82
86972;Welkom_5;09-05-2025;20361416;-5;293.69
88085;Welkom_5;09-05-2025;20360806;-5;33.66
87490;Welkom_5;09-05-2025;20361903;-5;175.31
109138;Welkom_5;09-05-2025;20361994;-5;23.94
89729;Welkom_5;10-05-2025;20365177;-5;35
93565;Welkom_5;10-05-2025;20363784;-5;80.69
102921;Welkom_5;10-05-2025;20364774;-5;290.73
107205;Welkom_5;10-05-2025;20365599;-5;172.82
90301;Welkom_5;10-05-2025;20364238;-5;290.93
91621;Welkom_5;10-05-2025;20363859;-5;82.97
101159;Welkom_5;10-05-2025;20364352;-5;56.98
83571;Welkom_5;10-05-2025;20364881;-5;74.98
94314;Welkom_5;10-05-2025;20364972;-5;145.48
96639;Welkom_5;10-05-2025;20364741;-5;28.96
106126;Welkom_5;10-05-2025;20364717;-5;179.98
101652;Welkom_5;10-05-2025;20365250;-5;72.98
106906;Welkom_5;10-05-2025;20364915;-5;82.17
100745;Welkom_5;10-05-2025;20365664;-5;115.95
91890;Welkom_5;10-05-2025;20363826;-5;146.07
107346;Welkom_5;10-05-2025;20365060;-5;454.98
104467;Welkom_5;10-05-2025;20365730;-5;5.9
95340;Welkom_5;10-05-2025;20363289;-5;354.98
87681;Welkom_5;10-05-2025;20428579;-5;29.99
106362;Welkom_5;10-05-2025;20364188;-5;82.97
88946;Welkom_5;10-05-2025;20365417;-5;189.27
108522;Welkom_5;10-05-2025;20364337;-5;221.95
85273;Welkom_5;10-05-2025;20364733;-5;189.97
88726;Welkom_5;10-05-2025;20364899;-5;23.99
107599;Welkom_5;10-05-2025;20365755;-5;19.99
107720;Welkom_5;10-05-2025;20365854;-5;194.88
95002;Welkom_5;10-05-2025;20364196;-5;467.93
90914;Welkom_5;11-05-2025;20507687;-5;40.94
105662;Welkom_5;11-05-2025;20506721;-5;59.93
107976;Welkom_5;11-05-2025;20507430;-5;97.62
106082;Welkom_5;11-05-2025;20506853;-5;72.49
107786;Welkom_5;11-05-2025;20507455;-5;122.98
96679;Welkom_5;11-05-2025;20506796;-5;294.9
98975;Welkom_5;11-05-2025;20507158;-5;95.87
87693;Welkom_5;11-05-2025;20366167;-5;42.73
105581;Welkom_5;11-05-2025;20366217;-5;177.46
89055;Welkom_5;11-05-2025;20506770;-5;34.99
91913;Welkom_5;11-05-2025;20507497;-5;384.34
96370;Welkom_5;11-05-2025;20506846;-5;4.89
91508;Welkom_5;11-05-2025;20366100;-5;152.19
99916;Welkom_5;11-05-2025;20507653;-5;20.97
89605;Welkom_5;11-05-2025;20506895;-5;7.59
80061;Welkom_5;11-05-2025;14514;-5;34.95
99456;Welkom_5;11-05-2025;20507703;-5;448.92
93602;Welkom_5;11-05-2025;20506689;-5;50.98
93840;Welkom_5;11-05-2025;20507323;-5;31.54
91941;Welkom_5;11-05-2025;20507190;-5;184.96
86541;Welkom_5;11-05-2025;20428900;-5;118.71
100563;Welkom_5;11-05-2025;20506804;-5;110.96
97981;Welkom_5;11-05-2025;20506788;-5;47.49
88522;Welkom_5;11-05-2025;20507000;-5;13.9
108585;Welkom_5;11-05-2025;20506812;-5;14.51
90621;Welkom_5;11-05-2025;20507315;-5;39.95
102256;Welkom_5;11-05-2025;20507612;-5;143.48
100255;Welkom_5;11-05-2025;20507216;-5;7.55
95836;Welkom_5;11-05-2025;20507133;-5;102.35
91141;Welkom_5;12-05-2025;20366852;-5;48.93
97236;Welkom_5;12-05-2025;20366654;-5;259.26
108684;Welkom_5;12-05-2025;20367173;-5;49.99
93407;Welkom_5;12-05-2025;20366894;-5;35.45
90403;Welkom_5;12-05-2025;20366928;-5;1.95
108180;Welkom_5;12-05-2025;20366597;-5;257.44
88597;Welkom_5;12-05-2025;20366613;-5;18.98
91613;Welkom_5;12-05-2025;20367470;-5;33.15
104992;Welkom_5;12-05-2025;20366555;-5;11.16
97485;Welkom_5;12-05-2025;20367330;-5;17.48
98372;Welkom_5;12-05-2025;20367454;-5;32.98
85926;Welkom_5;12-05-2025;20366746;-5;3.98
85165;Welkom_5;12-05-2025;20366829;-5;14.35
93540;Welkom_5;12-05-2025;20367504;-5;405.87
86158;Welkom_5;12-05-2025;20366779;-5;219.95
89825;Welkom_5;12-05-2025;20367777;-5;48.65
101552;Welkom_5;12-05-2025;20367462;-5;329.95
101607;Welkom_5;12-05-2025;20366449;-5;175.34
82748;Welkom_5;12-05-2025;20367603;-5;239.24
93426;Welkom_5;13-05-2025;20368361;-5;76.95
87206;Welkom_5;13-05-2025;20368296;-5;35.45
98728;Welkom_5;13-05-2025;20368916;-5;122.48
90393;Welkom_5;13-05-2025;20368056;-5;352.63
93842;Welkom_5;13-05-2025;20368411;-5;166.01
106035;Welkom_5;13-05-2025;14519;-5;8.5
88373;Welkom_5;14-05-2025;20370102;-5;386.62
94681;Welkom_5;14-05-2025;20370193;-5;96.47
108521;Welkom_5;14-05-2025;20369955;-5;34.93
101345;Welkom_5;14-05-2025;20370326;-5;330.29
94357;Welkom_5;15-05-2025;20371761;-5;3.5
95784;Welkom_5;15-05-2025;20371225;-5;51.78
79065;Welkom_5;15-05-2025;20372074;-5;75.93
88476;Welkom_5;15-05-2025;20372165;-5;29.99
98148;Welkom_5;15-05-2025;20371266;-5;42.24
80230;Welkom_5;15-05-2025;20370979;-5;0.39
107498;Welkom_5;15-05-2025;20371894;-5;124.99
94216;Welkom_5;15-05-2025;20371902;-5;176.53
98965;Welkom_5;15-05-2025;20372249;-5;340.89
82259;Welkom_5;15-05-2025;20372348;-5;204.99
97494;Welkom_5;15-05-2025;20371092;-5;77.7
91078;Welkom_5;15-05-2025;20371548;-5;49.95
88580;Welkom_5;15-05-2025;20372223;-5;389.97
108237;Welkom_5;15-05-2025;20370946;-5;28.45
102863;Welkom_5;15-05-2025;20371001;-5;18.89
94225;Welkom_5;15-05-2025;20371464;-5;140.97
98955;Welkom_5;15-05-2025;20371639;-5;39.2
95225;Welkom_5;15-05-2025;20372009;-5;80.52
87085;Welkom_5;15-05-2025;20371712;-5;14.98
87096;Welkom_5;15-05-2025;20371555;-5;39.99
81876;Welkom_5;15-05-2025;20371258;-5;317.4
92099;Welkom_5;15-05-2025;20371233;-5;11.49
106801;Welkom_5;15-05-2025;20372140;-5;11.16
96827;Welkom_5;15-05-2025;20372314;-5;85.48
85180;Welkom_5;16-05-2025;20372850;-5;494
88594;Welkom_5;16-05-2025;20374286;-5;120.93
92541;Welkom_5;16-05-2025;20372769;-5;315.97
94579;Welkom_5;16-05-2025;20373064;-5;194.98
106176;Welkom_5;16-05-2025;20373288;-5;28.98
85598;Welkom_5;16-05-2025;20374294;-5;186.45
98566;Welkom_5;16-05-2025;20373270;-5;32.77
104476;Welkom_5;16-05-2025;20374534;-5;544.96
97632;Welkom_5;16-05-2025;20373650;-5;449.2
102801;Welkom_5;16-05-2025;20373254;-5;69
108306;Welkom_5;16-05-2025;20373080;-5;75.97
102184;Welkom_5;16-05-2025;20373122;-5;173.88
88553;Welkom_5;16-05-2025;20372587;-5;114.98
102657;Welkom_5;16-05-2025;20373353;-5;366.89
109928;Welkom_5;17-05-2025;20375952;-5;7.58
89714;Welkom_5;17-05-2025;20377057;-5;74.99
93533;Welkom_5;17-05-2025;20376729;-5;164.96
87295;Welkom_5;17-05-2025;20375275;-5;136.96
104141;Welkom_5;17-05-2025;20375986;-5;13.93
96240;Welkom_5;17-05-2025;20375531;-5;92.38
98702;Welkom_5;17-05-2025;20376133;-5;244.98
100359;Welkom_5;17-05-2025;20375069;-5;21.99
101229;Welkom_5;17-05-2025;20376877;-5;30.99
80729;Welkom_5;17-05-2025;20375861;-5;385.98
94611;Welkom_5;17-05-2025;20374823;-5;51.02
107603;Welkom_5;17-05-2025;20375358;-5;21.99
85738;Welkom_5;17-05-2025;20376398;-5;326.9
97550;Welkom_5;17-05-2025;20377081;-5;107.99
105746;Welkom_5;17-05-2025;20429163;-5;143.39
103602;Welkom_5;17-05-2025;20376281;-5;47.94
90042;Welkom_5;17-05-2025;20375259;-5;1.95
94760;Welkom_5;17-05-2025;20375366;-5;22.94
91479;Welkom_5;17-05-2025;20376463;-5;434.97
102568;Welkom_5;17-05-2025;20375341;-5;10.95
85011;Welkom_5;17-05-2025;20376786;-5;89.95
91142;Welkom_5;17-05-2025;20374633;-5;38.5
90650;Welkom_5;17-05-2025;20375101;-5;37.77
105943;Welkom_5;17-05-2025;20429262;-5;1477.3
108321;Welkom_5;17-05-2025;20376026;-5;244.98
92699;Welkom_5;17-05-2025;20376869;-5;54.95
92478;Welkom_5;17-05-2025;20376059;-5;158.95
91970;Welkom_5;17-05-2025;20429049;-5;76.95
99166;Welkom_5;17-05-2025;20375523;-5;822.99
88639;Welkom_5;17-05-2025;20375028;-5;2094
79918;Welkom_5;17-05-2025;20376984;-5;103.98
107269;Welkom_5;17-05-2025;20429155;-5;89.98
98203;Welkom_5;17-05-2025;20375242;-5;92.25
105718;Welkom_5;17-05-2025;20375010;-5;53.82
100449;Welkom_5;17-05-2025;20375333;-5;5
80127;Welkom_5;17-05-2025;20374930;-5;95.21
97453;Welkom_5;17-05-2025;20374856;-5;266.97
104243;Welkom_5;17-05-2025;20376299;-5;392.43
102616;Welkom_5;18-05-2025;20377842;-5;18.94
95514;Welkom_5;18-05-2025;20429528;-5;19.95
87132;Welkom_5;18-05-2025;20378725;-5;334
108732;Welkom_5;18-05-2025;20377560;-5;19.65
95691;Welkom_5;18-05-2025;20377602;-5;254.47
109550;Welkom_5;18-05-2025;20378394;-5;126.23
107640;Welkom_5;18-05-2025;20377594;-5;434.88
105660;Welkom_5;18-05-2025;20377545;-5;594
107224;Welkom_5;18-05-2025;20378295;-5;568.89
91504;Welkom_5;18-05-2025;20377685;-5;282.86
93433;Welkom_5;18-05-2025;20377974;-5;294.98
87198;Welkom_5;18-05-2025;20377412;-5;283.52
94764;Welkom_5;18-05-2025;20429510;-5;30.99
102651;Welkom_5;18-05-2025;20378881;-5;19.99
95779;Welkom_5;18-05-2025;20377826;-5;21.44
102602;Welkom_5;19-05-2025;20379814;-5;52.29
96631;Welkom_5;19-05-2025;20379897;-5;23.98
106684;Welkom_5;19-05-2025;20379699;-5;371.88
105921;Welkom_5;19-05-2025;20379434;-5;217.96
92921;Welkom_5;19-05-2025;20380119;-5;170.95
109678;Welkom_5;19-05-2025;20380010;-5;54.98
101715;Welkom_5;19-05-2025;20379681;-5;28.98
85564;Welkom_5;20-05-2025;20381521;-5;129.89
109999;Welkom_5;20-05-2025;20380523;-5;20.14
97454;Welkom_5;20-05-2025;20381463;-5;54.99
104373;Welkom_5;20-05-2025;14539;-5;49.5
93655;Welkom_5;21-05-2025;20381802;-5;61.39
109948;Welkom_5;21-05-2025;14552;-5;94.98
96484;Welkom_5;21-05-2025;20382479;-5;163.21
87801;Welkom_5;21-05-2025;20382446;-5;260.54
87863;Welkom_5;21-05-2025;20382297;-5;84.82
107537;Welkom_5;21-05-2025;20382818;-5;294
93375;Welkom_5;21-05-2025;14550;-5;76.89
93437;Welkom_5;22-05-2025;20384343;-5;112.13
100902;Welkom_5;22-05-2025;20383311;-5;54.98
103252;Welkom_5;22-05-2025;20384608;-5;74.03
108192;Welkom_5;22-05-2025;20383139;-5;140.81
107039;Welkom_5;22-05-2025;20383618;-5;215.83
104340;Welkom_5;22-05-2025;20383436;-5;564.21
96112;Welkom_5;22-05-2025;20383543;-5;177.52
87497;Welkom_5;22-05-2025;20384699;-5;801.88
92853;Welkom_5;22-05-2025;20383261;-5;426.93
106045;Welkom_5;22-05-2025;20384459;-5;236.92
85971;Welkom_5;22-05-2025;20383709;-5;496.5
109860;Welkom_5;22-05-2025;20384293;-5;69.99
98407;Welkom_5;23-05-2025;20385209;-5;326.9
105077;Welkom_5;23-05-2025;20385720;-5;88.93
99104;Welkom_5;23-05-2025;20385845;-5;165.87
85950;Welkom_5;23-05-2025;14562;-5;214
100511;Welkom_5;23-05-2025;20385233;-5;25.48
106362;Welkom_5;23-05-2025;20384897;-5;34.99
96863;Welkom_5;23-05-2025;20385621;-5;29.74
98588;Welkom_5;23-05-2025;20385969;-5;34.99
93779;Welkom_5;23-05-2025;20385407;-5;269.94
95443;Welkom_5;23-05-2025;20385522;-5;40.43
109918;Welkom_5;23-05-2025;20386595;-5;32.99
109739;Welkom_5;23-05-2025;20385142;-5;318.84
100670;Welkom_5;23-05-2025;20385647;-5;20.98
92053;Welkom_5;23-05-2025;20386231;-5;41.71
90411;Welkom_5;23-05-2025;20385449;-5;74.26
87732;Welkom_5;23-05-2025;20385555;-5;553.93
89236;Welkom_5;23-05-2025;20386934;-5;124.89
90796;Welkom_5;24-05-2025;20389037;-5;30.19
109283;Welkom_5;24-05-2025;20429734;-5;27.48
89111;Welkom_5;24-05-2025;20430336;-5;552.13
100927;Welkom_5;24-05-2025;20387510;-5;22.49
91960;Welkom_5;24-05-2025;20387189;-5;294.99
104584;Welkom_5;24-05-2025;20388195;-5;56.97
105811;Welkom_5;24-05-2025;20430260;-5;630.79
100638;Welkom_5;24-05-2025;20388724;-5;109.95
95760;Welkom_5;24-05-2025;20430203;-5;1033.22
91213;Welkom_5;24-05-2025;20388948;-5;14.79
97251;Welkom_5;24-05-2025;20389250;-5;28.94
101215;Welkom_5;24-05-2025;20389045;-5;117.98
84308;Welkom_5;24-05-2025;20389128;-5;18.38
96220;Welkom_5;24-05-2025;20389623;-5;234.93
96840;Welkom_5;24-05-2025;20388252;-5;41.98
90877;Welkom_5;24-05-2025;20429759;-5;200
101215;Welkom_5;24-05-2025;20389060;-5;36.99
85802;Welkom_5;24-05-2025;20387361;-5;35.47
91405;Welkom_5;24-05-2025;20387858;-5;217.39
85025;Welkom_5;24-05-2025;20388401;-5;260.93
94701;Welkom_5;24-05-2025;20429916;-5;32.98
84876;Welkom_5;24-05-2025;20388070;-5;709.12
88657;Welkom_5;24-05-2025;20429676;-5;982.08
102762;Welkom_5;24-05-2025;20387924;-5;49.15
94466;Welkom_5;24-05-2025;20387429;-5;114.94
95529;Welkom_5;24-05-2025;20430716;-5;89.98
87973;Welkom_5;24-05-2025;20388732;-5;92.97
103515;Welkom_5;24-05-2025;20388799;-5;54.99
93125;Welkom_5;24-05-2025;20430294;-5;69.71
102760;Welkom_5;24-05-2025;20389433;-5;24.65
105732;Welkom_5;24-05-2025;20389201;-5;162.94
109153;Welkom_5;24-05-2025;20430187;-5;179.45
87773;Welkom_5;24-05-2025;20389177;-5;9.99
93552;Welkom_5;24-05-2025;20387155;-5;114.95
106147;Welkom_5;24-05-2025;20388427;-5;161.21
83269;Welkom_5;24-05-2025;20429874;-5;27.87
93617;Welkom_5;24-05-2025;20389292;-5;176.57
108605;Welkom_5;24-05-2025;20388450;-5;91.94
109099;Welkom_5;24-05-2025;20430781;-5;147.22
107143;Welkom_5;24-05-2025;20429841;-5;78.47
103449;Welkom_5;24-05-2025;20387809;-5;846.29
86699;Welkom_5;24-05-2025;20389482;-5;19.29
93482;Welkom_5;24-05-2025;20388211;-5;138.95
100177;Welkom_5;24-05-2025;20387288;-5;21.49
103732;Welkom_5;24-05-2025;20388625;-5;175.38
109668;Welkom_5;24-05-2025;20387932;-5;139.99
94148;Welkom_5;24-05-2025;20387643;-5;72.92
90202;Welkom_5;24-05-2025;20430732;-5;59.99
101031;Welkom_5;24-05-2025;20387627;-5;195.42
87249;Welkom_5;24-05-2025;20389185;-5;124.84
105167;Welkom_5;24-05-2025;20387684;-5;190.75
104629;Welkom_5;24-05-2025;20388021;-5;31.46
106402;Welkom_5;24-05-2025;20429908;-5;64.47
85135;Welkom_5;24-05-2025;20430195;-5;48.94
88566;Welkom_5;24-05-2025;20388062;-5;174
99557;Welkom_5;24-05-2025;20430757;-5;44.99
86886;Welkom_5;24-05-2025;20387734;-5;1530.59
95309;Welkom_5;24-05-2025;20389474;-5;261.29
93664;Welkom_5;24-05-2025;20387171;-5;68.38
108682;Welkom_5;24-05-2025;20430633;-5;488.99
103415;Welkom_5;24-05-2025;20388765;-5;38.22
85531;Welkom_5;24-05-2025;20429833;-5;33.94
105820;Welkom_5;24-05-2025;20387338;-5;277.9
89160;Welkom_5;24-05-2025;20388435;-5;94.98
99132;Welkom_5;24-05-2025;20430823;-5;644.95
80011;Welkom_5;24-05-2025;20388112;-5;133.96
99229;Welkom_5;24-05-2025;20429973;-5;5.79
96613;Welkom_5;24-05-2025;20388369;-5;64.36
81987;Welkom_5;25-05-2025;20390597;-5;29.75
86964;Welkom_5;25-05-2025;20431458;-5;69.98
86754;Welkom_5;25-05-2025;20390522;-5;161.64
99241;Welkom_5;25-05-2025;20430963;-5;567.85
89256;Welkom_5;25-05-2025;20431466;-5;6.99
103744;Welkom_5;25-05-2025;20390183;-5;54.99
95044;Welkom_5;25-05-2025;20390456;-5;418.35
95293;Welkom_5;25-05-2025;20390092;-5;6
90631;Welkom_5;25-05-2025;20390936;-5;74.99
88967;Welkom_5;26-05-2025;20392478;-5;124.98
78115;Welkom_5;26-05-2025;20392908;-5;86.93
101093;Welkom_5;26-05-2025;20392494;-5;385.9
103508;Welkom_5;26-05-2025;20393146;-5;107.39
92265;Welkom_5;26-05-2025;20393021;-5;61.98
99184;Welkom_5;26-05-2025;20393351;-5;119.15
95884;Welkom_5;26-05-2025;20392163;-5;506.92
108036;Welkom_5;26-05-2025;20391942;-5;238.15
108301;Welkom_5;26-05-2025;20392171;-5;150.47
109135;Welkom_5;26-05-2025;20392973;-5;71.49
84890;Welkom_5;26-05-2025;20393476;-5;4.99
85530;Welkom_5;26-05-2025;20392981;-5;12.95
91369;Welkom_5;27-05-2025;20394631;-5;193.44
102476;Welkom_5;27-05-2025;20394649;-5;68.06
91280;Welkom_5;27-05-2025;20395398;-5;218.99
89487;Welkom_5;27-05-2025;20394292;-5;108.87
106675;Welkom_5;27-05-2025;20393963;-5;95.95
90676;Welkom_5;27-05-2025;20395679;-5;56.31
94761;Welkom_5;27-05-2025;20394656;-5;53.48
86734;Welkom_5;27-05-2025;20395034;-5;278.42
92305;Welkom_5;27-05-2025;20393773;-5;130.83
109008;Welkom_5;27-05-2025;20395463;-5;53.62
103226;Welkom_5;27-05-2025;20394425;-5;116.02
96367;Welkom_5;27-05-2025;20393849;-5;161.31
87999;Welkom_5;27-05-2025;20395554;-5;38.15
102873;Welkom_5;27-05-2025;20393872;-5;368.02
91964;Welkom_5;27-05-2025;20393948;-5;124.97
102697;Welkom_5;27-05-2025;20393781;-5;51.61
101607;Welkom_5;27-05-2025;20394748;-5;6.5
108630;Welkom_5;27-05-2025;20395455;-5;175.97
89310;Welkom_5;27-05-2025;20393799;-5;64.21
96680;Welkom_5;28-05-2025;14576;-5;128.89
85415;Welkom_5;28-05-2025;20397261;-5;64.98
88654;Welkom_5;28-05-2025;20431938;-5;73.94
91728;Welkom_5;28-05-2025;20431870;-5;720.04
104518;Welkom_5;28-05-2025;20396974;-5;144.96
88059;Welkom_5;28-05-2025;20396842;-5;141.43
88396;Welkom_5;28-05-2025;20397659;-5;1628.92
85001;Welkom_5;28-05-2025;20431714;-5;291.92
102567;Welkom_5;28-05-2025;20396123;-5;798.89
80071;Welkom_5;28-05-2025;20395984;-5;94.99
100910;Welkom_5;28-05-2025;20396149;-5;315.43
99980;Welkom_5;29-05-2025;20432183;-5;27.34
107306;Welkom_5;29-05-2025;20433702;-5;715.09
95022;Welkom_5;29-05-2025;20300349;-5;113.41
85857;Welkom_5;29-05-2025;20432209;-5;147.57
87051;Welkom_5;29-05-2025;20433504;-5;99.97
90932;Welkom_5;29-05-2025;20432159;-5;10.99
92020;Welkom_5;29-05-2025;20399960;-5;283.93
100049;Welkom_5;29-05-2025;20399341;-5;281.8
103301;Welkom_5;29-05-2025;20433272;-5;297.34
91118;Welkom_5;29-05-2025;20398806;-5;26.48
97891;Welkom_5;29-05-2025;20508404;-5;211.32
105726;Welkom_5;29-05-2025;20300232;-5;65.37
102807;Welkom_5;29-05-2025;20399085;-5;7.75
86086;Welkom_5;29-05-2025;20508487;-5;18.85
89387;Welkom_5;29-05-2025;20399549;-5;46.28
90939;Welkom_5;29-05-2025;20300554;-5;44.99
93924;Welkom_5;29-05-2025;20399481;-5;7.96
95894;Welkom_5;29-05-2025;20398608;-5;69.99
106491;Welkom_5;29-05-2025;20398673;-5;231.41
103823;Welkom_5;29-05-2025;20300018;-5;24.37
88519;Welkom_5;29-05-2025;20399655;-5;56.9
98854;Welkom_5;29-05-2025;20433462;-5;163.47
106529;Welkom_5;29-05-2025;20433397;-5;134.95
100765;Welkom_5;29-05-2025;20300547;-5;254.99
103605;Welkom_5;29-05-2025;20508313;-5;157.22
95645;Welkom_5;29-05-2025;20398327;-5;39.88
100914;Welkom_5;29-05-2025;20399796;-5;275.95
107802;Welkom_5;29-05-2025;20300505;-5;57.99
107901;Welkom_5;29-05-2025;20508099;-5;66.99
90828;Welkom_5;29-05-2025;20399143;-5;454.98
109169;Welkom_5;29-05-2025;20508529;-5;625.58
86510;Welkom_5;29-05-2025;20398343;-5;135.49
109939;Welkom_5;29-05-2025;20399671;-5;267.48
98800;Welkom_5;29-05-2025;20398483;-5;105
95891;Welkom_5;29-05-2025;20399309;-5;55.4
101236;Welkom_5;29-05-2025;20398368;-5;3.99
109127;Welkom_5;29-05-2025;20399705;-5;278.97
92856;Welkom_5;29-05-2025;20508669;-5;62.88
106253;Welkom_5;29-05-2025;20432290;-5;54.93
85560;Welkom_5;29-05-2025;20508651;-5;113.48
85411;Welkom_5;29-05-2025;20398871;-5;79.95
86375;Welkom_5;29-05-2025;20399382;-5;7.99
107873;Welkom_5;29-05-2025;20432928;-5;197.83
97988;Welkom_5;29-05-2025;20300539;-5;74.99
84179;Welkom_5;29-05-2025;20432167;-5;172.99
95289;Welkom_5;29-05-2025;20398582;-5;182.35
103491;Welkom_5;29-05-2025;20433413;-5;394.95
88403;Welkom_5;29-05-2025;20300364;-5;51.47
97793;Welkom_5;29-05-2025;20398863;-5;234.98
92313;Welkom_5;29-05-2025;20432472;-5;329.98
109832;Welkom_5;29-05-2025;20399135;-5;833.39
82559;Welkom_5;29-05-2025;20433710;-5;314.99
98798;Welkom_5;29-05-2025;20398848;-5;51.48
104432;Welkom_5;29-05-2025;20398541;-5;72.73
102819;Welkom_5;29-05-2025;20398491;-5;124.99
91327;Welkom_5;29-05-2025;20300513;-5;50.96
104966;Welkom_5;29-05-2025;20433264;-5;249.46
92620;Welkom_5;29-05-2025;20399747;-5;26.98
88131;Welkom_5;29-05-2025;20508495;-5;79.97
87345;Welkom_5;29-05-2025;20433678;-5;270.93
98739;Welkom_5;29-05-2025;20398954;-5;509.78
99248;Welkom_5;29-05-2025;20300570;-5;147.96
87930;Welkom_5;29-05-2025;20300646;-5;21.99
88515;Welkom_5;29-05-2025;20508123;-5;293.93
109176;Welkom_5;29-05-2025;20398517;-5;73.46
100893;Welkom_5;29-05-2025;20433496;-5;169.25
94957;Welkom_5;29-05-2025;20433363;-5;32.94
104018;Welkom_5;29-05-2025;20399473;-5;38.72
94565;Welkom_5;29-05-2025;20399325;-5;14.99
106582;Welkom_5;29-05-2025;20398251;-5;422.36
104147;Welkom_5;29-05-2025;20433322;-5;294.73
105900;Welkom_5;29-05-2025;20398715;-5;2046.99
84854;Welkom_5;29-05-2025;20433488;-5;575.88
94268;Welkom_5;29-05-2025;20398830;-5;167.96
108102;Welkom_5;29-05-2025;20433751;-5;26.99
98419;Welkom_5;29-05-2025;20432308;-5;80.85
102276;Welkom_5;29-05-2025;20300752;-5;81.11
87647;Welkom_5;29-05-2025;20433827;-5;149.95
104133;Welkom_5;29-05-2025;20300174;-5;15.13
85262;Welkom_5;29-05-2025;20398335;-5;414.21
98667;Welkom_5;29-05-2025;20508180;-5;129.99
92646;Welkom_5;29-05-2025;20432449;-5;14.99
87683;Welkom_5;29-05-2025;20300786;-5;220.02
87984;Welkom_5;29-05-2025;20399523;-5;554.6
103676;Welkom_5;29-05-2025;20300141;-5;195.52
104300;Welkom_5;29-05-2025;20399291;-5;28.25
101883;Welkom_5;30-05-2025;20301685;-5;6.94
94477;Welkom_5;30-05-2025;20302600;-5;114.96
88307;Welkom_5;30-05-2025;20302907;-5;109.68
89913;Welkom_5;30-05-2025;20302071;-5;118.2
102164;Welkom_5;30-05-2025;20303384;-5;267.93
93902;Welkom_5;30-05-2025;20303046;-5;155.97
93287;Welkom_5;30-05-2025;20434031;-5;47.38
106651;Welkom_5;30-05-2025;20301834;-5;187.97
85274;Welkom_5;30-05-2025;20433959;-5;124.99
93630;Welkom_5;30-05-2025;20302667;-5;105.47
100011;Welkom_5;30-05-2025;20301214;-5;39.73
83203;Welkom_5;30-05-2025;20434197;-5;171.9
83299;Welkom_5;30-05-2025;20301792;-5;256.45
100153;Welkom_5;30-05-2025;20301289;-5;399.99
91339;Welkom_5;30-05-2025;20301412;-5;122.61
80546;Welkom_5;30-05-2025;20301230;-5;144.42
104250;Welkom_5;30-05-2025;20302691;-5;279.9
104207;Welkom_5;30-05-2025;20302618;-5;34.15
104181;Welkom_5;30-05-2025;20302253;-5;267.87
107762;Welkom_5;30-05-2025;20302345;-5;46.47
106820;Welkom_5;31-05-2025;20303996;-5;120
91459;Welkom_5;31-05-2025;20303590;-5;20.18
101830;Welkom_5;31-05-2025;20304093;-5;20.85
97832;Welkom_5;31-05-2025;20306023;-5;42.53
97608;Welkom_5;31-05-2025;20303848;-5;140.43
109199;Welkom_5;31-05-2025;20434650;-5;419.91
93021;Welkom_5;31-05-2025;20305033;-5;57.93
105858;Welkom_5;31-05-2025;20303574;-5;14.78
103786;Welkom_5;31-05-2025;20304648;-5;89.21
87240;Welkom_5;31-05-2025;20303525;-5;64.95
98527;Welkom_5;31-05-2025;20304499;-5;107.97
94158;Welkom_5;31-05-2025;20304739;-5;44.99
85477;Welkom_5;31-05-2025;20303517;-5;7.99
94671;Welkom_5;31-05-2025;20303954;-5;272.52
87444;Welkom_5;31-05-2025;20303947;-5;147.58
94405;Welkom_5;31-05-2025;20434676;-5;1844
81198;Welkom_5;31-05-2025;20304978;-5;6.49
106445;Welkom_5;31-05-2025;20305785;-5;209.99
95555;Welkom_5;31-05-2025;20304143;-5;305.44
109636;Welkom_5;31-05-2025;20305579;-5;193.36
102148;Welkom_5;31-05-2025;20304655;-5;402.14
100984;Welkom_5;31-05-2025;20304689;-5;114.9
94468;Welkom_5;31-05-2025;20305272;-5;746.55
98558;Welkom_5;31-05-2025;20304895;-5;84.99
97733;Welkom_5;31-05-2025;20304309;-5;27.49
101419;Welkom_5;31-05-2025;20303897;-5;99.17
104071;Welkom_5;31-05-2025;20304846;-5;57.91
85871;Welkom_5;31-05-2025;20304101;-5;284.96
85878;Welkom_5;31-05-2025;20304127;-5;27.28
96750;Welkom_5;31-05-2025;20434510;-5;94.8
89484;Welkom_5;31-05-2025;20434304;-5;71.08
87164;Welkom_5;31-05-2025;20303814;-5;106.48
104329;Welkom_5;31-05-2025;20305694;-5;112.81
99841;Welkom_5;01-06-2025;20307104;-5;358.92
108837;Welkom_5;01-06-2025;20307195;-5;257.46
92607;Welkom_5;01-06-2025;20306197;-5;57.45
85370;Welkom_5;01-06-2025;20306718;-5;103.96
91554;Welkom_5;01-06-2025;20306411;-5;657.01
108247;Welkom_5;01-06-2025;20306858;-5;16.94
102643;Welkom_5;01-06-2025;20307773;-5;626.95
103272;Welkom_5;01-06-2025;20307559;-5;488.83
80121;Welkom_5;01-06-2025;20306569;-5;77.52
106850;Welkom_5;01-06-2025;20306700;-5;509.45
103621;Welkom_5;01-06-2025;20307567;-5;613.79
93566;Welkom_5;01-06-2025;20306494;-5;283.36
89201;Welkom_5;01-06-2025;20306791;-5;201.94
103357;Welkom_5;01-06-2025;20307922;-5;180.93
106336;Welkom_5;01-06-2025;20306502;-5;294.9
98307;Welkom_5;01-06-2025;20306676;-5;56.45
98911;Welkom_5;01-06-2025;20307518;-5;27.38
91150;Welkom_5;01-06-2025;20307690;-5;556.8
85133;Welkom_5;01-06-2025;20306882;-5;182.36
85463;Welkom_5;01-06-2025;20306346;-5;94.46
87577;Welkom_5;01-06-2025;20307112;-5;29.99
96389;Welkom_5;01-06-2025;20306288;-5;58.75
109302;Welkom_5;01-06-2025;20307575;-5;38.53
96970;Welkom_5;02-06-2025;20308102;-5;54.98
102723;Welkom_5;02-06-2025;20309233;-5;8.99
101869;Welkom_5;02-06-2025;20308201;-5;274
99024;Welkom_5;02-06-2025;20309241;-5;174.99
106664;Welkom_5;02-06-2025;20308813;-5;434.8
94531;Welkom_5;02-06-2025;20308151;-5;12.99
105418;Welkom_5;02-06-2025;20308219;-5;67.98
101970;Welkom_5;02-06-2025;20308961;-5;42.75
90208;Welkom_5;02-06-2025;20308037;-5;40.67
107498;Welkom_5;02-06-2025;20309282;-5;49.91
97434;Welkom_5;02-06-2025;20308755;-5;13.96
93878;Welkom_5;02-06-2025;20309142;-5;26.49
81979;Welkom_5;02-06-2025;20309001;-5;134.98
107073;Welkom_5;02-06-2025;20309100;-5;120.64
89663;Welkom_5;02-06-2025;20308052;-5;26.9
88652;Welkom_5;02-06-2025;20309647;-5;22.58
108370;Welkom_5;03-06-2025;14601;-5;74.98
96446;Welkom_5;03-06-2025;20311197;-5;23.25
85230;Welkom_5;03-06-2025;20310801;-5;128.67
109372;Welkom_5;03-06-2025;20310959;-5;14
90450;Welkom_5;03-06-2025;20310926;-5;119.47
84854;Welkom_5;03-06-2025;20311155;-5;6.99
98768;Welkom_5;03-06-2025;20310728;-5;207.06
86279;Welkom_5;04-06-2025;20312443;-5;204.96
96566;Welkom_5;04-06-2025;20312344;-5;294.9
81346;Welkom_5;04-06-2025;20312179;-5;94.99
93297;Welkom_5;04-06-2025;20311551;-5;123.95
89195;Welkom_5;04-06-2025;20313102;-5;207.3
83528;Welkom_5;04-06-2025;20312310;-5;9.39
105032;Welkom_5;04-06-2025;20312047;-5;624.8
97433;Welkom_5;04-06-2025;20311528;-5;29.99
89195;Welkom_5;04-06-2025;20313086;-5;207.3
103395;Welkom_5;04-06-2025;20311536;-5;73.29
85618;Welkom_5;04-06-2025;20312005;-5;32.15
96550;Welkom_5;05-06-2025;20315263;-5;125.96
85124;Welkom_5;05-06-2025;20314944;-5;14.29
100580;Welkom_5;05-06-2025;20313771;-5;422.77
101297;Welkom_5;05-06-2025;20313417;-5;21.08
87781;Welkom_5;05-06-2025;20313698;-5;39.11
91412;Welkom_5;05-06-2025;20314928;-5;21.98
80576;Welkom_5;05-06-2025;20314860;-5;64.99
94083;Welkom_5;05-06-2025;20314217;-5;63.49
100436;Welkom_5;05-06-2025;20313508;-5;84.99
97016;Welkom_5;05-06-2025;20314076;-5;10.29
104684;Welkom_5;05-06-2025;20314035;-5;16.99
92275;Welkom_5;05-06-2025;20314324;-5;99.27
82928;Welkom_5;05-06-2025;20314936;-5;73.93
88896;Welkom_5;05-06-2025;20313490;-5;122.16
92656;Welkom_5;05-06-2025;20314431;-5;14.99
103639;Welkom_5;05-06-2025;20313391;-5;147.2
105243;Welkom_5;05-06-2025;20314266;-5;30.89
82913;Welkom_5;05-06-2025;20314787;-5;341.93
85100;Welkom_5;05-06-2025;20314340;-5;293.95
87726;Welkom_5;05-06-2025;20314233;-5;25.76
104185;Welkom_5;05-06-2025;20315198;-5;34.99
89029;Welkom_5;05-06-2025;20315347;-5;94.93
93673;Welkom_5;05-06-2025;20313409;-5;9.95
109180;Welkom_5;05-06-2025;20315206;-5;52.73
80194;Welkom_5;05-06-2025;20314951;-5;372.87
105246;Welkom_5;05-06-2025;20314639;-5;224.99
108831;Welkom_5;05-06-2025;20314282;-5;194.99
98505;Welkom_5;05-06-2025;20313474;-5;284.79
88212;Welkom_5;05-06-2025;20314803;-5;39.49
97420;Welkom_5;05-06-2025;20314464;-5;71.72
86515;Welkom_5;06-06-2025;20315461;-5;94.98
101522;Welkom_5;06-06-2025;20317889;-5;54.99
102871;Welkom_5;06-06-2025;20435095;-5;277.35
86830;Welkom_5;06-06-2025;20316022;-5;3.24
90230;Welkom_5;06-06-2025;20317152;-5;224.99
92019;Welkom_5;06-06-2025;20316436;-5;39.45
86373;Welkom_5;06-06-2025;20318002;-5;154.46
87815;Welkom_5;06-06-2025;20318028;-5;33.49
107030;Welkom_5;06-06-2025;20315628;-5;82.48
86700;Welkom_5;06-06-2025;20317129;-5;57.49
87454;Welkom_5;06-06-2025;20315750;-5;106.04
97644;Welkom_5;06-06-2025;20317293;-5;3.1
105192;Welkom_5;06-06-2025;20315529;-5;31.88
90409;Welkom_5;06-06-2025;20315610;-5;44.98
99445;Welkom_5;06-06-2025;20317277;-5;122.17
94756;Welkom_5;06-06-2025;20317186;-5;32.44
109912;Welkom_5;06-06-2025;20317806;-5;214.55
85808;Welkom_5;06-06-2025;20315875;-5;34.53
93705;Welkom_5;06-06-2025;20316287;-5;1457.53
91177;Welkom_5;06-06-2025;20317772;-5;191.54
90797;Welkom_5;06-06-2025;20316014;-5;161.59
101062;Welkom_5;06-06-2025;20315651;-5;3.99
94136;Welkom_5;06-06-2025;20317558;-5;8.95
94355;Welkom_5;06-06-2025;20317624;-5;351.93
108841;Welkom_5;06-06-2025;20316527;-5;79.43
92797;Welkom_5;06-06-2025;20317327;-5;52.74
95345;Welkom_5;06-06-2025;20317319;-5;424.98
108474;Welkom_5;06-06-2025;20315891;-5;54.95
88181;Welkom_5;07-06-2025;20435392;-5;89.49
92091;Welkom_5;07-06-2025;20318655;-5;284.99
91060;Welkom_5;07-06-2025;20319398;-5;726.39
91159;Welkom_5;07-06-2025;20318663;-5;301.94
101113;Welkom_5;07-06-2025;20320859;-5;466.96
99417;Welkom_5;07-06-2025;20319414;-5;43.58
85455;Welkom_5;07-06-2025;20318713;-5;69.98
83663;Welkom_5;07-06-2025;20320644;-5;138.48
82103;Welkom_5;07-06-2025;20436234;-5;21.45
108964;Welkom_5;07-06-2025;14616;-5;195.99
102283;Welkom_5;07-06-2025;20320552;-5;310.81
102249;Welkom_5;07-06-2025;20435400;-5;65.84
106488;Welkom_5;07-06-2025;20321022;-5;296.47
109688;Welkom_5;07-06-2025;20321709;-5;144.74
91704;Welkom_5;07-06-2025;20435707;-5;262.77
90722;Welkom_5;07-06-2025;20320164;-5;85.47
94951;Welkom_5;07-06-2025;20318721;-5;84.91
98663;Welkom_5;07-06-2025;20319711;-5;157.94
100906;Welkom_5;07-06-2025;20436325;-5;168.57
103771;Welkom_5;07-06-2025;20435442;-5;263.9
90047;Welkom_5;07-06-2025;20321733;-5;290.82
98032;Welkom_5;07-06-2025;20436424;-5;27.95
88868;Welkom_5;07-06-2025;20436085;-5;14.98
95035;Welkom_5;07-06-2025;20435855;-5;24.92
92514;Welkom_5;07-06-2025;20321410;-5;188.28
104987;Welkom_5;07-06-2025;20320982;-5;28.99
97871;Welkom_5;07-06-2025;20436077;-5;89.45
108618;Welkom_5;07-06-2025;20508834;-5;29.99
107489;Welkom_5;07-06-2025;20320974;-5;25.14
88761;Welkom_5;07-06-2025;20321691;-5;182.77
102658;Welkom_5;07-06-2025;20436309;-5;90.97
107908;Welkom_5;07-06-2025;20320560;-5;94.91
104124;Welkom_5;07-06-2025;20319729;-5;53.7
85159;Welkom_5;07-06-2025;20435996;-5;90.57
93876;Welkom_5;07-06-2025;20435491;-5;144.98
98555;Welkom_5;07-06-2025;20436291;-5;19.48
102415;Welkom_5;07-06-2025;20319695;-5;112.96
80562;Welkom_5;07-06-2025;20435475;-5;41.92
104398;Welkom_5;07-06-2025;20321212;-5;80.99
94810;Welkom_5;07-06-2025;20321162;-5;48.99
86738;Welkom_5;07-06-2025;20436564;-5;128.89
93628;Welkom_5;07-06-2025;20435897;-5;143.44
108745;Welkom_5;07-06-2025;20436630;-5;104.97
101254;Welkom_5;07-06-2025;20318895;-5;23.5
106830;Welkom_5;07-06-2025;20318846;-5;57.99
88109;Welkom_5;09-06-2025;20509139;-5;847.78
102862;Welkom_5;09-06-2025;20438198;-5;113.65
94697;Welkom_5;09-06-2025;20323382;-5;30.28
102033;Welkom_5;09-06-2025;20324596;-5;58.91
92229;Welkom_5;09-06-2025;20438156;-5;26.39
101714;Welkom_5;09-06-2025;20322442;-5;55.78
109410;Welkom_5;09-06-2025;20437422;-5;16.95
89126;Welkom_5;09-06-2025;20322483;-5;144.9
106621;Welkom_5;09-06-2025;20509089;-5;226.45
104511;Welkom_5;09-06-2025;20323879;-5;9.99
107473;Welkom_5;09-06-2025;20438065;-5;22.49
92041;Welkom_5;09-06-2025;20436911;-5;11.45
105162;Welkom_5;09-06-2025;20438651;-5;62.97
105869;Welkom_5;09-06-2025;20437406;-5;71.98
101708;Welkom_5;09-06-2025;20437091;-5;42.52
99849;Welkom_5;09-06-2025;20324042;-5;9.99
109378;Welkom_5;09-06-2025;20436895;-5;152.98
105966;Welkom_5;09-06-2025;20323994;-5;353.43
107689;Welkom_5;09-06-2025;14623;-5;288
95167;Welkom_5;09-06-2025;20437885;-5;13.99
90322;Welkom_5;09-06-2025;20323911;-5;239.56
106490;Welkom_5;09-06-2025;20322459;-5;18.85
86258;Welkom_5;09-06-2025;20509212;-5;105.33
108091;Welkom_5;09-06-2025;20437232;-5;114.98
104908;Welkom_5;09-06-2025;20438560;-5;219.21
82775;Welkom_5;09-06-2025;20437398;-5;58.9
99985;Welkom_5;09-06-2025;20322400;-5;52.43
84515;Welkom_5;09-06-2025;20322418;-5;112.48
93412;Welkom_5;09-06-2025;20437281;-5;5.79
88635;Welkom_5;09-06-2025;20437505;-5;167.88
109259;Welkom_5;09-06-2025;20508941;-5;118.55
90010;Welkom_5;09-06-2025;20322558;-5;401.15
91276;Welkom_5;09-06-2025;20323259;-5;154.55
94675;Welkom_5;09-06-2025;20324299;-5;79.2
88953;Welkom_5;09-06-2025;20322830;-5;19.82
109226;Welkom_5;09-06-2025;20438057;-5;62.67
86168;Welkom_5;09-06-2025;20509121;-5;199.94
103661;Welkom_5;09-06-2025;20437612;-5;21.98
100397;Welkom_5;09-06-2025;20437638;-5;59.98
103670;Welkom_5;09-06-2025;20323853;-5;28.08
89346;Welkom_5;09-06-2025;20437109;-5;226.97
105719;Welkom_5;09-06-2025;20438081;-5;156.13
102599;Welkom_5;09-06-2025;20322822;-5;48.47
107148;Welkom_5;09-06-2025;20322772;-5;486.83
101810;Welkom_5;09-06-2025;20322590;-5;270.45
96216;Welkom_5;09-06-2025;20323499;-5;179.87
77523;Welkom_5;09-06-2025;20324026;-5;234.88
87185;Welkom_5;09-06-2025;20322723;-5;304.73
96308;Welkom_5;09-06-2025;20438636;-5;39.99
86513;Welkom_5;09-06-2025;20509022;-5;22.99
85469;Welkom_5;09-06-2025;20322426;-5;114.9
87202;Welkom_5;09-06-2025;20508966;-5;255.38
88335;Welkom_5;09-06-2025;20438271;-5;629.7
85353;Welkom_5;09-06-2025;20324182;-5;94.98
96945;Welkom_5;09-06-2025;20438321;-5;155.49
95780;Welkom_5;09-06-2025;20323523;-5;61.18
108972;Welkom_5;09-06-2025;20322756;-5;174.95
101451;Welkom_5;09-06-2025;20508982;-5;462.49
89330;Welkom_5;10-06-2025;20326005;-5;23.32
102201;Welkom_5;10-06-2025;20326260;-5;1794
108120;Welkom_5;10-06-2025;20325577;-5;1507.85
102523;Welkom_5;10-06-2025;20326534;-5;51.98
101630;Welkom_5;10-06-2025;20325460;-5;7.55
96781;Welkom_5;10-06-2025;20326013;-5;77.05
97581;Welkom_5;11-06-2025;20327904;-5;510.04
89502;Welkom_5;11-06-2025;20327649;-5;29.28
98099;Welkom_5;11-06-2025;20328225;-5;169.96
82682;Welkom_5;11-06-2025;20327706;-5;26.73
82578;Welkom_5;11-06-2025;20327714;-5;161.32
99292;Welkom_5;11-06-2025;20327979;-5;161.44
105229;Welkom_5;11-06-2025;20438834;-5;53.97
94216;Welkom_5;11-06-2025;20327839;-5;149.98
87053;Welkom_5;11-06-2025;20328100;-5;34.99
104507;Welkom_5;11-06-2025;20327169;-5;314.9
102239;Welkom_5;12-06-2025;20328761;-5;244
107261;Welkom_5;12-06-2025;20328704;-5;16.56
108719;Welkom_5;12-06-2025;20328944;-5;39.92
87024;Welkom_5;12-06-2025;20328902;-5;26.7
107195;Welkom_5;12-06-2025;20329736;-5;74.94
85067;Welkom_5;12-06-2025;20330098;-5;720
83326;Welkom_5;12-06-2025;20329363;-5;314.99
91645;Welkom_5;12-06-2025;20328803;-5;75.91
108378;Welkom_5;12-06-2025;20328696;-5;5.99
89785;Welkom_5;12-06-2025;20329538;-5;55.94
101967;Welkom_5;12-06-2025;20330189;-5;27.38
95224;Welkom_5;12-06-2025;20329181;-5;129.96
106161;Welkom_5;12-06-2025;20329603;-5;3380.96
93306;Welkom_5;12-06-2025;14637;-5;92.49
103141;Welkom_5;12-06-2025;20328795;-5;202.97
96158;Welkom_5;12-06-2025;20329983;-5;296.94
80065;Welkom_5;12-06-2025;20329108;-5;47.45
89635;Welkom_5;12-06-2025;20329561;-5;100.99
92598;Welkom_5;12-06-2025;20328894;-5;24.95
105151;Welkom_5;12-06-2025;20330148;-5;67.97
94976;Welkom_5;13-06-2025;20332003;-5;89.99
101170;Welkom_5;13-06-2025;20439204;-5;129.87
89110;Welkom_5;13-06-2025;20331344;-5;56.93
92514;Welkom_5;13-06-2025;20331963;-5;8.9
91066;Welkom_5;13-06-2025;20332383;-5;344.96
89103;Welkom_5;13-06-2025;20331146;-5;29.99
103517;Welkom_5;13-06-2025;20330965;-5;219.43
80995;Welkom_5;13-06-2025;20332474;-5;34.18
89977;Welkom_5;13-06-2025;20331948;-5;76.46
96801;Welkom_5;13-06-2025;20439139;-5;58.76
101402;Welkom_5;14-06-2025;20334504;-5;21.6
101398;Welkom_5;14-06-2025;20335089;-5;144.95
91429;Welkom_5;14-06-2025;20439998;-5;60.94
87473;Welkom_5;14-06-2025;20334488;-5;8.99
89675;Welkom_5;14-06-2025;20439857;-5;4.89
109769;Welkom_5;14-06-2025;20334744;-5;128.26
91197;Welkom_5;14-06-2025;20334199;-5;113.97
108879;Welkom_5;14-06-2025;20333738;-5;57.98
87669;Welkom_5;14-06-2025;20335311;-5;668.34
108619;Welkom_5;14-06-2025;20333753;-5;6
100773;Welkom_5;14-06-2025;20334447;-5;114.99
92571;Welkom_5;14-06-2025;20334207;-5;55.77
81210;Welkom_5;14-06-2025;20335238;-5;16.98
105872;Welkom_5;14-06-2025;20334405;-5;305.44
81648;Welkom_5;14-06-2025;20334967;-5;193.11
88703;Welkom_5;14-06-2025;20333324;-5;152.51
95606;Welkom_5;14-06-2025;20439915;-5;58.17
103233;Welkom_5;14-06-2025;20439808;-5;20.98
85302;Welkom_5;14-06-2025;20335030;-5;67.88
96640;Welkom_5;14-06-2025;20335121;-5;66.95
94930;Welkom_5;14-06-2025;20334884;-5;161.04
93511;Welkom_5;14-06-2025;20334181;-5;44.48
105552;Welkom_5;14-06-2025;20335063;-5;97.89
99401;Welkom_5;14-06-2025;20335170;-5;230.17
100305;Welkom_5;14-06-2025;20334454;-5;103.97
105245;Welkom_5;14-06-2025;20333373;-5;33.08
103147;Welkom_5;15-06-2025;20336228;-5;259.68
92651;Welkom_5;15-06-2025;20336517;-5;388.02
95541;Welkom_5;15-06-2025;20336210;-5;577.45
88853;Welkom_5;15-06-2025;20336194;-5;329.27
98107;Welkom_5;15-06-2025;20336038;-5;45.88
93844;Welkom_5;15-06-2025;20336251;-5;110.67
98820;Welkom_5;15-06-2025;20337028;-5;702.62
93076;Welkom_5;15-06-2025;20336806;-5;680.91
89822;Welkom_5;15-06-2025;14646;-5;25.97
90176;Welkom_5;15-06-2025;20335733;-5;159.67
89259;Welkom_5;15-06-2025;20336152;-5;304.98
86098;Welkom_5;15-06-2025;20336707;-5;431.76
89011;Welkom_5;15-06-2025;20335832;-5;16.56
95055;Welkom_5;15-06-2025;20336616;-5;624.39
79520;Welkom_5;15-06-2025;20440293;-5;101.76
86762;Welkom_5;15-06-2025;20336962;-5;302.93
91989;Welkom_5;16-06-2025;20337895;-5;24.99
90644;Welkom_5;16-06-2025;20337341;-5;93.13
96223;Welkom_5;16-06-2025;20338240;-5;61.97
90462;Welkom_5;16-06-2025;20337853;-5;13.99
108428;Welkom_5;16-06-2025;20338273;-5;121.96
99605;Welkom_5;16-06-2025;20338034;-5;28.47
104797;Welkom_5;16-06-2025;20338372;-5;68.97
90550;Welkom_5;17-06-2025;20339693;-5;518.97
91867;Welkom_5;17-06-2025;20339990;-5;469.84
109319;Welkom_5;17-06-2025;20338943;-5;20.77
103437;Welkom_5;17-06-2025;20340444;-5;41.94
107317;Welkom_5;17-06-2025;20340402;-5;481.96
103044;Welkom_5;17-06-2025;20340295;-5;481.86
97820;Welkom_5;17-06-2025;20340006;-5;23.37
108290;Welkom_5;17-06-2025;20340279;-5;38.15
86073;Welkom_5;18-06-2025;20342341;-5;82.89
97639;Welkom_5;18-06-2025;20342366;-5;16.5
93624;Welkom_5;18-06-2025;20340683;-5;35.45
88777;Welkom_5;18-06-2025;20342259;-5;11.16
99584;Welkom_5;18-06-2025;20341426;-5;229.94
102603;Welkom_5;18-06-2025;20341574;-5;18.98
87542;Welkom_5;18-06-2025;20340832;-5;72.95
99124;Welkom_5;18-06-2025;20341988;-5;139.44
81975;Welkom_5;18-06-2025;20340634;-5;57.56
84461;Welkom_5;19-06-2025;20342630;-5;136.35
103837;Welkom_5;19-06-2025;20344206;-5;162.37
87254;Welkom_5;19-06-2025;20344412;-5;559.96
101570;Welkom_5;19-06-2025;20344032;-5;14.98
91678;Welkom_5;19-06-2025;20343638;-5;15.15
89938;Welkom_5;19-06-2025;20343372;-5;298.38
95018;Welkom_5;19-06-2025;20342747;-5;87.94
100139;Welkom_5;19-06-2025;20342887;-5;220.95
93715;Welkom_5;19-06-2025;20343794;-5;325.43
107922;Welkom_5;19-06-2025;20343836;-5;283.95
81634;Welkom_5;19-06-2025;20342820;-5;35.37
99677;Welkom_5;19-06-2025;20344115;-5;509.27
95428;Welkom_5;19-06-2025;20343117;-5;118.99
98709;Welkom_5;19-06-2025;20344289;-5;100.31
92792;Welkom_5;19-06-2025;20343091;-5;403.49
87090;Welkom_5;19-06-2025;20343562;-5;148.85
91265;Welkom_5;19-06-2025;20343109;-5;84.99
88033;Welkom_5;19-06-2025;20343570;-5;111.82
94214;Welkom_5;19-06-2025;20342648;-5;57.18
106733;Welkom_5;19-06-2025;20343125;-5;44.99
87132;Welkom_5;19-06-2025;20342952;-5;334
98005;Welkom_5;19-06-2025;20343075;-5;166.49
90595;Welkom_5;19-06-2025;20344313;-5;162.98
82839;Welkom_5;19-06-2025;20343661;-5;48.97
89644;Welkom_5;19-06-2025;20344081;-5;365.87
96321;Welkom_5;19-06-2025;20343141;-5;181.98
83617;Welkom_5;20-06-2025;20345260;-5;19.99
92484;Welkom_5;20-06-2025;20344594;-5;104.99
99986;Welkom_5;20-06-2025;20345385;-5;11.89
105134;Welkom_5;20-06-2025;20346458;-5;384.89
105226;Welkom_5;20-06-2025;20345237;-5;9.99
106464;Welkom_5;20-06-2025;20345641;-5;124.92
106240;Welkom_5;20-06-2025;20344883;-5;45.32
99160;Welkom_5;20-06-2025;20345021;-5;27.49
103453;Welkom_5;20-06-2025;20345419;-5;389.97
106441;Welkom_5;20-06-2025;20346136;-5;64.29
109993;Welkom_5;20-06-2025;20345757;-5;179.93
100796;Welkom_5;20-06-2025;20344818;-5;68.56
98145;Welkom_5;20-06-2025;20344875;-5;275.49
107096;Welkom_5;20-06-2025;20346797;-5;186.98
93877;Welkom_5;20-06-2025;20346433;-5;4.89
91711;Welkom_5;20-06-2025;20345468;-5;72.98
99711;Welkom_5;20-06-2025;20345245;-5;23.49
108220;Welkom_5;20-06-2025;20440673;-5;68.52
109360;Welkom_5;20-06-2025;20440707;-5;100.63
103582;Welkom_5;20-06-2025;20346953;-5;994.99
98462;Welkom_5;20-06-2025;20346581;-5;33.75
100481;Welkom_5;21-06-2025;20350211;-5;88.72
96486;Welkom_5;21-06-2025;20347175;-5;7.99
91006;Welkom_5;21-06-2025;20349452;-5;290.98
102406;Welkom_5;21-06-2025;20441531;-5;255.47
84903;Welkom_5;21-06-2025;20348405;-5;148
99871;Welkom_5;21-06-2025;20348116;-5;139.99
109597;Welkom_5;21-06-2025;20350310;-5;134.98
90649;Welkom_5;21-06-2025;20349700;-5;84.88
107967;Welkom_5;21-06-2025;20349650;-5;44.99
104353;Welkom_5;21-06-2025;20441028;-5;4.89
100296;Welkom_5;21-06-2025;20348736;-5;61.22
107101;Welkom_5;21-06-2025;20349742;-5;11.16
101427;Welkom_5;21-06-2025;20347134;-5;34.99
93271;Welkom_5;21-06-2025;20441440;-5;294.94
80701;Welkom_5;21-06-2025;20440954;-5;1311.76
102593;Welkom_5;21-06-2025;20348652;-5;183.23
106404;Welkom_5;21-06-2025;20349759;-5;24.99
92914;Welkom_5;21-06-2025;20441069;-5;284.88
85714;Welkom_5;21-06-2025;20348124;-5;191.97
96685;Welkom_5;21-06-2025;20350229;-5;82.44
79397;Welkom_5;21-06-2025;20441119;-5;124.98
94019;Welkom_5;22-06-2025;20351763;-5;143.42
103434;Welkom_5;22-06-2025;20352290;-5;591.89
102047;Welkom_5;22-06-2025;20350591;-5;1113.98
80661;Welkom_5;22-06-2025;20351896;-5;278.93
103845;Welkom_5;22-06-2025;20352043;-5;101.71
101376;Welkom_5;22-06-2025;20351243;-5;310.61
87330;Welkom_5;22-06-2025;14667;-5;1064
103071;Welkom_5;22-06-2025;20350849;-5;210.73
88208;Welkom_5;22-06-2025;20351003;-5;277.57
97368;Welkom_5;22-06-2025;20352480;-5;154.96
91254;Welkom_5;22-06-2025;20352472;-5;135.97
105219;Welkom_5;22-06-2025;20351615;-5;204.91
95334;Welkom_5;22-06-2025;20352423;-5;534.89
90705;Welkom_5;23-06-2025;20352985;-5;84
106955;Welkom_5;23-06-2025;20353504;-5;134.98
105348;Welkom_5;23-06-2025;20353017;-5;2.49
104392;Welkom_5;23-06-2025;20354122;-5;13.74
89353;Welkom_5;23-06-2025;20353702;-5;179.86
101888;Welkom_5;23-06-2025;20352670;-5;15
89157;Welkom_5;23-06-2025;20353801;-5;130.79
109217;Welkom_5;23-06-2025;20353090;-5;8.5
81610;Welkom_5;23-06-2025;20352704;-5;124.93
108090;Welkom_5;23-06-2025;20353843;-5;51.98
103594;Welkom_5;23-06-2025;20353280;-5;93.72
91838;Welkom_5;23-06-2025;20352753;-5;528.91
100608;Welkom_5;23-06-2025;20353488;-5;78.98
107526;Welkom_5;23-06-2025;20354072;-5;48.97
87102;Welkom_5;23-06-2025;20353231;-5;24.99
86040;Welkom_5;23-06-2025;20354239;-5;15.44
92840;Welkom_5;23-06-2025;20353371;-5;107.96
109458;Welkom_5;23-06-2025;20353496;-5;95.13
98646;Welkom_5;23-06-2025;20353314;-5;6.97
100836;Welkom_5;23-06-2025;20353330;-5;39.99
90528;Welkom_5;24-06-2025;20355970;-5;119.19
86860;Welkom_5;24-06-2025;20355046;-5;124.99
87353;Welkom_5;24-06-2025;20356192;-5;332.81
108607;Welkom_5;24-06-2025;20355145;-5;199.97
91355;Welkom_5;24-06-2025;20355863;-5;169.77
100208;Welkom_5;24-06-2025;20354700;-5;59.98
102068;Welkom_5;24-06-2025;20355186;-5;442.39
90528;Welkom_5;24-06-2025;20355954;-5;255.43
89469;Welkom_5;25-06-2025;20356382;-5;409.73
100193;Welkom_5;25-06-2025;20356887;-5;45.48
91845;Welkom_5;25-06-2025;20356846;-5;607.09
105324;Welkom_5;25-06-2025;20357539;-5;96.98
99776;Welkom_5;25-06-2025;20356838;-5;228.96
89367;Welkom_5;26-06-2025;20359899;-5;424.93
97053;Welkom_5;26-06-2025;20358537;-5;205.17
93755;Welkom_5;26-06-2025;20358370;-5;214.98
86869;Welkom_5;26-06-2025;20442109;-5;239.98
96033;Welkom_5;26-06-2025;20358727;-5;140.95
102875;Welkom_5;26-06-2025;20359188;-5;194.98
91776;Welkom_5;27-06-2025;20360269;-5;227.9
106719;Welkom_5;27-06-2025;20360608;-5;100.24
80773;Welkom_5;27-06-2025;20360699;-5;76.97
104726;Welkom_5;27-06-2025;20360897;-5;44.99
102542;Welkom_5;27-06-2025;20360673;-5;47.91
85156;Welkom_5;27-06-2025;20360475;-5;56.29
99919;Welkom_5;27-06-2025;20361028;-5;75.76
97573;Welkom_5;27-06-2025;20360749;-5;20.28
105870;Welkom_5;27-06-2025;20360962;-5;24.24
86049;Welkom_5;27-06-2025;20360707;-5;10.98
108067;Welkom_5;27-06-2025;20361093;-5;147.36
102332;Welkom_5;27-06-2025;20442331;-5;66.97
106632;Welkom_5;27-06-2025;20361846;-5;254.85
99643;Welkom_5;27-06-2025;20360640;-5;33.98
109486;Welkom_5;27-06-2025;20361291;-5;133.87
89867;Welkom_5;27-06-2025;20361598;-5;439.3
104559;Welkom_5;27-06-2025;20442232;-5;642.98
96842;Welkom_5;28-06-2025;20442505;-5;457.68
101966;Welkom_5;28-06-2025;20363701;-5;85.97
91292;Welkom_5;28-06-2025;20362737;-5;26.49
106610;Welkom_5;28-06-2025;20364212;-5;69.98
105354;Welkom_5;28-06-2025;20363313;-5;879.6
108665;Welkom_5;28-06-2025;20363719;-5;356.48
100445;Welkom_5;28-06-2025;20442547;-5;915.43
92815;Welkom_5;28-06-2025;20364840;-5;316.88
93023;Welkom_5;28-06-2025;20442992;-5;37.49
103153;Welkom_5;28-06-2025;20442786;-5;15.98
106010;Welkom_5;28-06-2025;20364774;-5;82.98
106844;Welkom_5;28-06-2025;20364170;-5;684.98
83010;Welkom_5;28-06-2025;20442612;-5;16.99
90447;Welkom_5;28-06-2025;20363503;-5;23.89
101035;Welkom_5;28-06-2025;20364006;-5;522.81
86556;Welkom_5;28-06-2025;20364899;-5;24.99
94958;Welkom_5;28-06-2025;20442604;-5;14.99
88040;Welkom_5;28-06-2025;20364345;-5;65.92
88147;Welkom_5;28-06-2025;20364311;-5;164.14
80663;Welkom_5;28-06-2025;20364360;-5;603.74
88615;Welkom_5;28-06-2025;20442521;-5;60.9
105826;Welkom_5;28-06-2025;20442737;-5;25.98
105879;Welkom_5;28-06-2025;20442471;-5;457.56
92745;Welkom_5;28-06-2025;20362232;-5;101.47
90663;Welkom_5;28-06-2025;20363305;-5;284.88
101585;Welkom_5;28-06-2025;20363883;-5;440.29
90484;Welkom_5;28-06-2025;20443073;-5;131.15
81484;Welkom_5;28-06-2025;20363412;-5;629.92
99878;Welkom_5;28-06-2025;20442778;-5;9.99
100125;Welkom_5;28-06-2025;20362489;-5;154.47
107175;Welkom_5;28-06-2025;20363537;-5;363.02
98979;Welkom_5;28-06-2025;20442596;-5;11.95
80354;Welkom_5;29-06-2025;20366191;-5;388.63
81195;Welkom_5;29-06-2025;20366993;-5;-5
101974;Welkom_5;29-06-2025;20366886;-5;129.96
91363;Welkom_5;29-06-2025;20443461;-5;123.18
88655;Welkom_5;30-06-2025;20369146;-5;21.99
86406;Welkom_5;30-06-2025;20368726;-5;47.36
108607;Welkom_5;30-06-2025;20367744;-5;28.39
109718;Welkom_5;30-06-2025;20367850;-5;50.98
81511;Welkom_5;30-06-2025;20368353;-5;86.54
104721;Welkom_5;30-06-2025;20369161;-5;137.94
100782;Welkom_5;30-06-2025;20368239;-5;114.75
107970;Welkom_5;30-06-2025;20367793;-5;79.98
80401;Welkom_5;30-06-2025;20367439;-5;9.76
109861;Welkom_5;30-06-2025;20367645;-5;6
106498;Welkom_5;30-06-2025;20368130;-5;44.97
93944;Welkom_5;30-06-2025;20367199;-5;4.99
105766;Welkom_5;30-06-2025;20368387;-5;52.49
103785;Welkom_5;30-06-2025;20368429;-5;324.93
83071;Welkom_5;01-07-2025;20369575;-5;515.05
90699;Welkom_5;01-07-2025;20370201;-5;384.71
80283;Welkom_5;01-07-2025;20370094;-5;59.99
107698;Welkom_5;01-07-2025;20370698;-5;114.9
80603;Welkom_5;01-07-2025;20369633;-5;131.53
108482;Welkom_5;02-07-2025;20372579;-5;155.97
85238;Welkom_5;02-07-2025;20371035;-5;170
102883;Welkom_5;02-07-2025;20372504;-5;86.26
102953;Welkom_5;02-07-2025;20371795;-5;313.34
85093;Welkom_5;02-07-2025;14716;-5;9.99
109607;Welkom_5;02-07-2025;20370888;-5;33.64
90245;Welkom_5;03-07-2025;20373320;-5;158.13
84464;Welkom_5;03-07-2025;20373106;-5;123.31
98569;Welkom_5;03-07-2025;20374161;-5;109.97
109814;Welkom_5;03-07-2025;20372892;-5;34
95432;Welkom_5;03-07-2025;20374344;-5;303.12
94428;Welkom_5;03-07-2025;20374187;-5;4.89
102024;Welkom_5;03-07-2025;20374278;-5;73.79
86406;Welkom_5;03-07-2025;20373700;-5;42.13
97941;Welkom_5;03-07-2025;20372785;-5;144.98
89618;Welkom_5;03-07-2025;20373114;-5;4.99
97220;Welkom_5;03-07-2025;20373247;-5;28.26
89790;Welkom_5;03-07-2025;20374260;-5;52.82
107321;Welkom_5;03-07-2025;20373593;-5;154.98
77809;Welkom_5;03-07-2025;20373353;-5;50.17
90252;Welkom_5;04-07-2025;20375820;-5;55.96
93964;Welkom_5;04-07-2025;20375952;-5;164.93
108498;Welkom_5;04-07-2025;20376851;-5;54.99
106562;Welkom_5;04-07-2025;20376513;-5;34.99
90811;Welkom_5;04-07-2025;20376638;-5;198.89
84400;Welkom_5;04-07-2025;20376828;-5;104.88
93264;Welkom_5;04-07-2025;20374898;-5;178.9
104190;Welkom_5;04-07-2025;20376703;-5;32.99
103677;Welkom_5;04-07-2025;20377206;-5;75.92
94608;Welkom_5;04-07-2025;20376067;-5;188.89
82649;Welkom_5;04-07-2025;20376745;-5;99.74
92627;Welkom_5;04-07-2025;20376422;-5;74.99
107688;Welkom_5;04-07-2025;20443735;-5;246.88
95182;Welkom_5;04-07-2025;20375283;-5;16.99
107081;Welkom_5;05-07-2025;14729;-5;36.99
96927;Welkom_5;05-07-2025;20444907;-5;29.98
101555;Welkom_5;05-07-2025;20378907;-5;47.31
94888;Welkom_5;05-07-2025;20378519;-5;664.27
87849;Welkom_5;05-07-2025;20378568;-5;20.44
102828;Welkom_5;05-07-2025;20445474;-5;222.92
108221;Welkom_5;05-07-2025;20378501;-5;19.99
85728;Welkom_5;05-07-2025;20377628;-5;200.77
108537;Welkom_5;05-07-2025;20444857;-5;57.89
92008;Welkom_5;05-07-2025;20378741;-5;67.27
85400;Welkom_5;05-07-2025;20378790;-5;316.94
92356;Welkom_5;05-07-2025;20445409;-5;302.72
91154;Welkom_5;05-07-2025;20377842;-5;274.49
106953;Welkom_5;05-07-2025;20379590;-5;92.16
87135;Welkom_5;05-07-2025;20378261;-5;51.48
103293;Welkom_5;05-07-2025;20379699;-5;573.95
101226;Welkom_5;05-07-2025;20379996;-5;24.24
80245;Welkom_5;05-07-2025;20444634;-5;39.24
85520;Welkom_5;05-07-2025;20378485;-5;220
91823;Welkom_5;05-07-2025;20444824;-5;101.21
89775;Welkom_5;05-07-2025;20377776;-5;4.99
96083;Welkom_5;05-07-2025;20444600;-5;156.98
104190;Welkom_5;05-07-2025;20378626;-5;32.99
109731;Welkom_5;05-07-2025;20444949;-5;24.98
106980;Welkom_5;05-07-2025;20378584;-5;24.97
89798;Welkom_5;05-07-2025;20379673;-5;59.99
99614;Welkom_5;05-07-2025;20444675;-5;59.96
99502;Welkom_5;05-07-2025;20380226;-5;493.46
101843;Welkom_5;05-07-2025;20377529;-5;63.63
86609;Welkom_5;05-07-2025;20378733;-5;289.96
109189;Welkom_5;05-07-2025;20380044;-5;229.98
93551;Welkom_5;05-07-2025;20377511;-5;235.54
93170;Welkom_5;05-07-2025;20378139;-5;289.28
92173;Welkom_5;05-07-2025;20380234;-5;44.99
99981;Welkom_5;05-07-2025;20378931;-5;440.72
79352;Welkom_5;05-07-2025;20378527;-5;169.98
104267;Welkom_5;05-07-2025;20445086;-5;160.43
99014;Welkom_5;05-07-2025;20445185;-5;348.43
86845;Welkom_5;05-07-2025;20444667;-5;226.89
88068;Welkom_5;05-07-2025;20378147;-5;194.99
97737;Welkom_5;05-07-2025;20444055;-5;42.46
101881;Welkom_5;05-07-2025;20377669;-5;394
95668;Welkom_5;05-07-2025;20380002;-5;124.92
86320;Welkom_5;05-07-2025;20378493;-5;27.38
96278;Welkom_5;05-07-2025;20377859;-5;44.99
98881;Welkom_5;05-07-2025;20379855;-5;34.99
87100;Welkom_5;05-07-2025;20379384;-5;79.94
88447;Welkom_5;05-07-2025;20377800;-5;94.98
103828;Welkom_5;05-07-2025;20379368;-5;62.89
95934;Welkom_5;05-07-2025;20379202;-5;645.77
96621;Welkom_5;05-07-2025;20444915;-5;89.99
98940;Welkom_5;05-07-2025;20445490;-5;49.07
104701;Welkom_5;05-07-2025;20445110;-5;43.44
97002;Welkom_5;05-07-2025;20445078;-5;114.94
80755;Welkom_5;05-07-2025;20379723;-5;303.95
109534;Welkom_5;05-07-2025;20444709;-5;256.57
86219;Welkom_5;05-07-2025;20445151;-5;192.16
81246;Welkom_5;05-07-2025;20445326;-5;58.97
104740;Welkom_5;05-07-2025;20379152;-5;309.05
93109;Welkom_5;05-07-2025;20444881;-5;93.3
84554;Welkom_5;05-07-2025;20378022;-5;21.39
103123;Welkom_5;06-07-2025;20445789;-5;440.39
80446;Welkom_5;06-07-2025;20446159;-5;171.49
103587;Welkom_5;06-07-2025;20445755;-5;41.24
94314;Welkom_5;06-07-2025;20446027;-5;14.94
93661;Welkom_5;06-07-2025;20445938;-5;5.58
103808;Welkom_5;06-07-2025;20446035;-5;281.45
104388;Welkom_5;06-07-2025;20382388;-5;19.76
105482;Welkom_5;06-07-2025;20446100;-5;44.99
97237;Welkom_5;06-07-2025;20382495;-5;626.15
103173;Welkom_5;06-07-2025;20380614;-5;26.99
93209;Welkom_5;06-07-2025;20446340;-5;100.39
93025;Welkom_5;06-07-2025;14739;-5;134.9
106940;Welkom_5;06-07-2025;20446704;-5;322.41
106576;Welkom_5;06-07-2025;20509287;-5;611.42
106185;Welkom_5;06-07-2025;20446555;-5;125.75
104296;Welkom_5;06-07-2025;20381687;-5;521.28
105374;Welkom_5;06-07-2025;20381455;-5;436.93
94828;Welkom_5;06-07-2025;20382750;-5;11.77
84529;Welkom_5;06-07-2025;20446514;-5;164.95
90856;Welkom_5;06-07-2025;20446084;-5;16.59
107918;Welkom_5;06-07-2025;20446886;-5;173.99
104086;Welkom_5;06-07-2025;14741;-5;354.96
93105;Welkom_5;06-07-2025;20381059;-5;160.97
98649;Welkom_5;06-07-2025;20445961;-5;359.9
88552;Welkom_5;06-07-2025;20382537;-5;1689.71
92006;Welkom_5;06-07-2025;20382404;-5;81.31
92577;Welkom_5;06-07-2025;20509386;-5;120.93
107284;Welkom_5;06-07-2025;20382297;-5;307.33
84190;Welkom_5;06-07-2025;20382545;-5;36.12
97802;Welkom_5;06-07-2025;20446761;-5;561.91
90691;Welkom_5;07-07-2025;20383121;-5;565.87
104649;Welkom_5;07-07-2025;20383345;-5;38.97
85689;Welkom_5;07-07-2025;20383287;-5;251.54
99496;Welkom_5;07-07-2025;20383253;-5;10.95
103352;Welkom_5;07-07-2025;20383881;-5;192.96
108760;Welkom_5;07-07-2025;20384244;-5;21.56
93930;Welkom_5;07-07-2025;20384046;-5;7.5
93430;Welkom_5;07-07-2025;20384053;-5;31.37
102441;Welkom_5;07-07-2025;20383972;-5;275.4
103058;Welkom_5;07-07-2025;20384731;-5;14.99
94392;Welkom_5;07-07-2025;20383956;-5;32.88
90924;Welkom_5;07-07-2025;20384004;-5;253.73
82152;Welkom_5;07-07-2025;20383899;-5;19.2
106699;Welkom_5;07-07-2025;20383915;-5;8.98
97543;Welkom_5;07-07-2025;20384095;-5;42.99
81806;Welkom_5;07-07-2025;20384517;-5;100.98
97954;Welkom_5;07-07-2025;20384293;-5;153.1
80935;Welkom_5;08-07-2025;20386678;-5;16.59
87023;Welkom_5;08-07-2025;20385076;-5;244.99
107518;Welkom_5;08-07-2025;20386322;-5;135.1
99338;Welkom_5;08-07-2025;20386231;-5;302.9
88936;Welkom_5;08-07-2025;20386280;-5;12.95
97847;Welkom_5;08-07-2025;20384921;-5;525.46
109413;Welkom_5;08-07-2025;20385225;-5;48.91
107532;Welkom_5;08-07-2025;20384855;-5;179.82
80056;Welkom_5;08-07-2025;20385902;-5;245.88
106739;Welkom_5;08-07-2025;20384897;-5;19.29
86217;Welkom_5;09-07-2025;20388286;-5;20.16
109444;Welkom_5;09-07-2025;20389003;-5;76.95
101537;Welkom_5;09-07-2025;20388021;-5;251.89
103034;Welkom_5;09-07-2025;20387296;-5;182.45
97439;Welkom_5;09-07-2025;20387551;-5;201.93
90768;Welkom_5;09-07-2025;20388708;-5;320.97
101571;Welkom_5;09-07-2025;14759;-5;214
82649;Welkom_5;09-07-2025;20388930;-5;34.99
94493;Welkom_5;09-07-2025;20387262;-5;37.99
106945;Welkom_5;09-07-2025;20388757;-5;33.76
102219;Welkom_5;10-07-2025;20389128;-5;82.49
98967;Welkom_5;10-07-2025;20389151;-5;56.97
96343;Welkom_5;10-07-2025;20389177;-5;95.95
85261;Welkom_5;10-07-2025;20389391;-5;64.99
91882;Welkom_5;10-07-2025;20389250;-5;108.63
93913;Welkom_5;10-07-2025;20389185;-5;71.49
99036;Welkom_5;11-07-2025;20391165;-5;124.99
93259;Welkom_5;11-07-2025;20391785;-5;173.25
106443;Welkom_5;11-07-2025;20392890;-5;27.5
90448;Welkom_5;11-07-2025;20392882;-5;61.46
100472;Welkom_5;11-07-2025;20392536;-5;142.4
100439;Welkom_5;11-07-2025;20393575;-5;57.98
104437;Welkom_5;11-07-2025;20393161;-5;83.67
81561;Welkom_5;11-07-2025;20392064;-5;383.6
102063;Welkom_5;11-07-2025;20392742;-5;306.41
105540;Welkom_5;11-07-2025;20390977;-5;243.98
93623;Welkom_5;11-07-2025;20393070;-5;119.93
95558;Welkom_5;11-07-2025;20393476;-5;92.27
87488;Welkom_5;11-07-2025;14766;-5;10.98
96736;Welkom_5;11-07-2025;20393641;-5;352.33
105990;Welkom_5;11-07-2025;20392049;-5;26.98
94454;Welkom_5;11-07-2025;20392528;-5;256.5
102709;Welkom_5;11-07-2025;20393112;-5;121.39
103789;Welkom_5;11-07-2025;20391173;-5;74.63
84989;Welkom_5;11-07-2025;20393427;-5;41.34
99019;Welkom_5;11-07-2025;20391611;-5;24.5
102174;Welkom_5;11-07-2025;20447215;-5;363.34
106198;Welkom_5;11-07-2025;20391181;-5;170.55
88488;Welkom_5;11-07-2025;20392668;-5;53.39
86707;Welkom_5;12-07-2025;20447918;-5;94.84
107906;Welkom_5;12-07-2025;20395489;-5;407.85
96864;Welkom_5;12-07-2025;20395125;-5;307.94
85126;Welkom_5;12-07-2025;20396214;-5;114.9
109383;Welkom_5;12-07-2025;20395273;-5;222.78
97158;Welkom_5;12-07-2025;20447579;-5;283.89
106344;Welkom_5;12-07-2025;20395323;-5;19.48
97496;Welkom_5;12-07-2025;20394805;-5;41.64
104178;Welkom_5;12-07-2025;20395620;-5;204.97
91307;Welkom_5;12-07-2025;20448361;-5;72.98
82480;Welkom_5;12-07-2025;20396875;-5;63.77
98199;Welkom_5;12-07-2025;20448544;-5;73.94
98949;Welkom_5;12-07-2025;20394755;-5;84.91
107407;Welkom_5;12-07-2025;20395364;-5;160.56
92869;Welkom_5;12-07-2025;20396792;-5;178.8
86780;Welkom_5;12-07-2025;20395455;-5;304.96
103258;Welkom_5;12-07-2025;20448379;-5;131.99
107367;Welkom_5;12-07-2025;20394904;-5;264.99
101344;Welkom_5;12-07-2025;20395729;-5;32.96
99533;Welkom_5;12-07-2025;20393732;-5;50.99
91842;Welkom_5;12-07-2025;20393963;-5;132.98
100331;Welkom_5;12-07-2025;20448940;-5;407.25
103651;Welkom_5;12-07-2025;20448338;-5;777.2
109260;Welkom_5;12-07-2025;20448635;-5;373.48
101896;Welkom_5;12-07-2025;20396040;-5;204.98
107010;Welkom_5;12-07-2025;20396818;-5;205.87
94942;Welkom_5;12-07-2025;20394060;-5;29.99
88179;Welkom_5;12-07-2025;20448296;-5;57.4
89915;Welkom_5;12-07-2025;20393740;-5;74.99
84299;Welkom_5;12-07-2025;20395372;-5;114.96
101287;Welkom_5;12-07-2025;20448999;-5;44.99
96542;Welkom_5;12-07-2025;20396479;-5;292.16
101592;Welkom_5;12-07-2025;20396909;-5;115.88
90309;Welkom_5;12-07-2025;20393922;-5;4.89
105012;Welkom_5;12-07-2025;20393856;-5;497.54
99316;Welkom_5;12-07-2025;20448858;-5;148.2
94471;Welkom_5;12-07-2025;20448254;-5;165.96
91059;Welkom_5;12-07-2025;20447413;-5;542.79
101966;Welkom_5;12-07-2025;20394870;-5;58.5
100804;Welkom_5;12-07-2025;20448643;-5;46.34
91396;Welkom_5;12-07-2025;14770;-5;234
104434;Welkom_5;12-07-2025;20396313;-5;541.38
109219;Welkom_5;12-07-2025;20396529;-5;46.98
94883;Welkom_5;12-07-2025;20394854;-5;1649.94
102405;Welkom_5;12-07-2025;20393989;-5;53.69
96260;Welkom_5;12-07-2025;20396784;-5;95.96
97411;Welkom_5;13-07-2025;20399218;-5;41.49
86387;Welkom_5;13-07-2025;20449732;-5;19.99
85294;Welkom_5;13-07-2025;20399093;-5;392.14
100012;Welkom_5;13-07-2025;20449500;-5;48.52
109523;Welkom_5;13-07-2025;20397386;-5;69.99
97902;Welkom_5;13-07-2025;20449716;-5;34.99
89707;Welkom_5;13-07-2025;20397410;-5;30.49
82176;Welkom_5;13-07-2025;20449179;-5;234.98
86249;Welkom_5;13-07-2025;20397840;-5;12.98
85641;Welkom_5;13-07-2025;20397105;-5;325.18
90542;Welkom_5;13-07-2025;20399424;-5;10
96018;Welkom_5;13-07-2025;20449518;-5;67.35
85244;Welkom_5;13-07-2025;20398020;-5;124.95
88087;Welkom_5;13-07-2025;20397055;-5;245.28
107424;Welkom_5;13-07-2025;20399044;-5;113.81
107505;Welkom_5;13-07-2025;20399119;-5;70.56
102641;Welkom_5;13-07-2025;20399226;-5;24.49
107119;Welkom_5;13-07-2025;20397865;-5;479.39
91931;Welkom_5;13-07-2025;20399416;-5;160.09
91992;Welkom_5;13-07-2025;20397246;-5;24.64
96811;Welkom_5;13-07-2025;20449609;-5;241.94
109883;Welkom_5;13-07-2025;20399036;-5;196.86
89035;Welkom_5;13-07-2025;20449708;-5;583.58
101943;Welkom_5;13-07-2025;20449294;-5;76.45
97150;Welkom_5;14-07-2025;20300372;-5;86.97
82966;Welkom_5;14-07-2025;20300901;-5;39.84
106448;Welkom_5;14-07-2025;20399622;-5;110.07
102308;Welkom_5;14-07-2025;20301628;-5;18.39
95360;Welkom_5;14-07-2025;20399697;-5;100.37
87441;Welkom_5;14-07-2025;20300729;-5;23.08
105303;Welkom_5;14-07-2025;20399945;-5;379.88
109856;Welkom_5;14-07-2025;20300091;-5;286.84
91442;Welkom_5;14-07-2025;20301172;-5;6.7
89116;Welkom_5;14-07-2025;20300414;-5;82.49
101600;Welkom_5;14-07-2025;20301644;-5;134.95
108031;Welkom_5;14-07-2025;20399507;-5;29.99
89150;Welkom_5;14-07-2025;20301511;-5;47.75
93153;Welkom_5;15-07-2025;20303996;-5;147.09
89712;Welkom_5;15-07-2025;20303814;-5;181.17
101255;Welkom_5;15-07-2025;20302188;-5;54.99
108447;Welkom_5;15-07-2025;20303491;-5;73.99
103312;Welkom_5;15-07-2025;20304150;-5;41.75
84404;Welkom_5;15-07-2025;20302477;-5;209.99
91393;Welkom_5;15-07-2025;20302543;-5;220.06
102111;Welkom_5;15-07-2025;20304036;-5;154.98
101445;Welkom_5;15-07-2025;20301958;-5;29.81
108332;Welkom_5;15-07-2025;20303368;-5;36.09
93332;Welkom_5;15-07-2025;20302717;-5;648.91
85064;Welkom_5;15-07-2025;20303863;-5;72.78
95736;Welkom_5;15-07-2025;14792;-5;114.95
105791;Welkom_5;15-07-2025;20302568;-5;16.98
107301;Welkom_5;15-07-2025;20301842;-5;152.95
98537;Welkom_5;15-07-2025;20302782;-5;174.98
80677;Welkom_5;15-07-2025;20304002;-5;124.9
96015;Welkom_5;16-07-2025;20306197;-5;38.99
106537;Welkom_5;16-07-2025;20450391;-5;211.54
108686;Welkom_5;16-07-2025;20305504;-5;186.58
101373;Welkom_5;16-07-2025;20304580;-5;627.38
95935;Welkom_5;16-07-2025;20305355;-5;8.39
92178;Welkom_5;16-07-2025;20306213;-5;996.04
92190;Welkom_5;16-07-2025;20305389;-5;201.92
90041;Welkom_5;16-07-2025;20450367;-5;165.9
81032;Welkom_5;16-07-2025;20305348;-5;20.28
92003;Welkom_5;16-07-2025;20305231;-5;1.5
107876;Welkom_5;16-07-2025;20305744;-5;243.43
105565;Welkom_5;16-07-2025;20450300;-5;78.97
101767;Welkom_5;16-07-2025;20305306;-5;22.64
78110;Welkom_5;16-07-2025;20450342;-5;189
96536;Welkom_5;16-07-2025;20450326;-5;25.44
100109;Welkom_5;16-07-2025;20305249;-5;32.98
83963;Welkom_5;16-07-2025;20306601;-5;478.5
95614;Welkom_5;16-07-2025;20306296;-5;9.98
91408;Welkom_5;16-07-2025;20304499;-5;88.53
106442;Welkom_5;16-07-2025;20305272;-5;3.08
88586;Welkom_5;16-07-2025;20305918;-5;281.21
108948;Welkom_5;17-07-2025;20309191;-5;43.26
95818;Welkom_5;17-07-2025;20307450;-5;14.99
101284;Welkom_5;17-07-2025;20307047;-5;11.16
82049;Welkom_5;17-07-2025;20307740;-5;5.45
108516;Welkom_5;17-07-2025;20307682;-5;593.02
89740;Welkom_5;17-07-2025;20308763;-5;32.98
87860;Welkom_5;17-07-2025;20307625;-5;305.66
91367;Welkom_5;17-07-2025;20308136;-5;24.9
89060;Welkom_5;17-07-2025;20308219;-5;54.58
85535;Welkom_5;17-07-2025;20309167;-5;84.98
109903;Welkom_5;17-07-2025;20450524;-5;234.99
90147;Welkom_5;17-07-2025;20309449;-5;57.96
86487;Welkom_5;17-07-2025;20308896;-5;234
86380;Welkom_5;17-07-2025;20309159;-5;8.07
95599;Welkom_5;17-07-2025;20307559;-5;279.44
86581;Welkom_5;17-07-2025;20307229;-5;76.39
108999;Welkom_5;17-07-2025;20307807;-4.94;0
108287;Welkom_5;17-07-2025;20307716;-5;85.96
92868;Welkom_5;17-07-2025;20308276;-5;196.63
88308;Welkom_5;17-07-2025;20309480;-5;36.98
86717;Welkom_5;17-07-2025;20307997;-5;414.01
101430;Welkom_5;17-07-2025;20308532;-5;11.16
89983;Welkom_5;17-07-2025;20307286;-5;9.38
91758;Welkom_5;17-07-2025;20307369;-5;219.28
95462;Welkom_5;17-07-2025;20307443;-5;48.39
95271;Welkom_5;17-07-2025;20307070;-5;27.32
104871;Welkom_5;17-07-2025;20308672;-5;69.99
104078;Welkom_5;17-07-2025;20308029;-5;86.32
92949;Welkom_5;17-07-2025;20307690;-5;264.99
101363;Welkom_5;17-07-2025;20309472;-5;58.44
95537;Welkom_5;17-07-2025;20307161;-5;43.66
105401;Welkom_5;17-07-2025;20307096;-5;289.98
106903;Welkom_5;17-07-2025;20308912;-5;54.98
95559;Welkom_5;17-07-2025;20306973;-5;96.91
91956;Welkom_5;18-07-2025;20312575;-5;136.7
104352;Welkom_5;18-07-2025;20450920;-5;109.94
108836;Welkom_5;18-07-2025;20450839;-5;11.48
94133;Welkom_5;18-07-2025;20312708;-5;197.36
93055;Welkom_5;18-07-2025;20312765;-5;38.48
79093;Welkom_5;18-07-2025;20311254;-5;16.66
86009;Welkom_5;18-07-2025;20312260;-5;27.99
97811;Welkom_5;18-07-2025;20451118;-5;22.89
99853;Welkom_5;18-07-2025;20309894;-5;138.16
88014;Welkom_5;18-07-2025;20312286;-5;37.95
106925;Welkom_5;18-07-2025;20310900;-5;64.47
103565;Welkom_5;18-07-2025;20310322;-5;721.85
95123;Welkom_5;18-07-2025;20312153;-5;32.98
97393;Welkom_5;18-07-2025;20311270;-5;300.1
95147;Welkom_5;18-07-2025;20312609;-5;38.08
104682;Welkom_5;18-07-2025;20312849;-5;26.89
85395;Welkom_5;18-07-2025;20312914;-5;289.73
93788;Welkom_5;18-07-2025;20310256;-5;160.94
91214;Welkom_5;18-07-2025;20312401;-5;118.85
97889;Welkom_5;18-07-2025;20312278;-5;22.8
87538;Welkom_5;19-07-2025;20314225;-5;246.98
93192;Welkom_5;19-07-2025;20314142;-5;496.25
105523;Welkom_5;19-07-2025;20451852;-5;150.65
95419;Welkom_5;19-07-2025;20313300;-5;89.99
85077;Welkom_5;19-07-2025;20315990;-5;700.96
106819;Welkom_5;19-07-2025;20314811;-5;63.73
86116;Welkom_5;19-07-2025;20314506;-5;189.81
93707;Welkom_5;19-07-2025;20314910;-5;518.74
82645;Welkom_5;19-07-2025;20453544;-5;77.25
98354;Welkom_5;19-07-2025;20451605;-5;6.95
100079;Welkom_5;19-07-2025;20315057;-5;433.37
94371;Welkom_5;19-07-2025;20451647;-5;52.97
87246;Welkom_5;19-07-2025;20313250;-5;6.5
101806;Welkom_5;19-07-2025;20314803;-5;171.01
87123;Welkom_5;19-07-2025;20313136;-5;353.89
91575;Welkom_5;19-07-2025;20451977;-5;48.98
89686;Welkom_5;19-07-2025;20315602;-5;344.97
101027;Welkom_5;19-07-2025;20451555;-5;381.89
109889;Welkom_5;19-07-2025;20452785;-5;57.5
88759;Welkom_5;19-07-2025;20453551;-5;232.94
81042;Welkom_5;19-07-2025;20451589;-5;55.99
84497;Welkom_5;19-07-2025;20315636;-5;277.83
80816;Welkom_5;19-07-2025;20313326;-5;231.34
88050;Welkom_5;19-07-2025;20453635;-5;107.47
104696;Welkom_5;19-07-2025;20451654;-5;213.78
100605;Welkom_5;19-07-2025;20313342;-5;267.95
88632;Welkom_5;19-07-2025;20315180;-5;130.95
91536;Welkom_5;19-07-2025;20314365;-5;99.71
89731;Welkom_5;19-07-2025;20313441;-5;47.13
91772;Welkom_5;19-07-2025;20315503;-5;129.98
96269;Welkom_5;19-07-2025;20452645;-5;106.43
98027;Welkom_5;19-07-2025;20316196;-5;164.99
87899;Welkom_5;19-07-2025;20452934;-5;86.35
94341;Welkom_5;19-07-2025;20313979;-5;8.03
89131;Welkom_5;19-07-2025;20313912;-5;595.43
85265;Welkom_5;19-07-2025;20315651;-5;156.97
102554;Welkom_5;19-07-2025;20314936;-5;202.93
103424;Welkom_5;19-07-2025;20453437;-5;34.98
102108;Welkom_5;20-07-2025;20509816;-5;130.28
90518;Welkom_5;20-07-2025;20316923;-5;4.99
107931;Welkom_5;20-07-2025;20510061;-5;81.95
105771;Welkom_5;20-07-2025;20510855;-5;56.42
84858;Welkom_5;20-07-2025;20317756;-5;79.98
88779;Welkom_5;20-07-2025;20318218;-5;493.2
101628;Welkom_5;20-07-2025;20317830;-5;29.48
103946;Welkom_5;20-07-2025;20453999;-5;344.63
98469;Welkom_5;20-07-2025;20316535;-5;91.82
87637;Welkom_5;20-07-2025;20510251;-5;34.09
91070;Welkom_5;20-07-2025;20318358;-5;34.98
92655;Welkom_5;20-07-2025;20509907;-5;-5
87553;Welkom_5;20-07-2025;20510863;-5;291.91
90878;Welkom_5;20-07-2025;20511127;-5;158.8
97183;Welkom_5;20-07-2025;20511150;-5;366.6
97687;Welkom_5;20-07-2025;20318622;-5;101.39
91107;Welkom_5;20-07-2025;20510673;-5;98.91
82625;Welkom_5;20-07-2025;20510244;-5;101.42
94990;Welkom_5;20-07-2025;20510699;-5;471.76
97514;Welkom_5;20-07-2025;20509956;-5;194.43
82284;Welkom_5;20-07-2025;20317632;-5;312.33
107342;Welkom_5;20-07-2025;20510152;-5;72.52
107266;Welkom_5;20-07-2025;20510657;-5;27.98
104915;Welkom_5;20-07-2025;14815;-5;344
89655;Welkom_5;20-07-2025;20509964;-5;284.99
93809;Welkom_5;20-07-2025;20510012;-5;502.99
93000;Welkom_5;20-07-2025;20510400;-5;263.32
100408;Welkom_5;21-07-2025;20321501;-5;45.76
96255;Welkom_5;21-07-2025;20511226;-5;54.49
104306;Welkom_5;21-07-2025;20321105;-5;21.99
89381;Welkom_5;21-07-2025;20320859;-5;241.98
83618;Welkom_5;21-07-2025;20321295;-5;843.95
107710;Welkom_5;21-07-2025;20321287;-5;29.99
105848;Welkom_5;21-07-2025;20320032;-5;76.47
95756;Welkom_5;21-07-2025;20318838;-5;171.45
98048;Welkom_5;21-07-2025;20319174;-5;101.8
87404;Welkom_5;21-07-2025;20319687;-5;270.93
105386;Welkom_5;21-07-2025;20319158;-5;259.9
103275;Welkom_5;21-07-2025;20320644;-5;669.61
93382;Welkom_5;21-07-2025;20318820;-5;206.39
85562;Welkom_5;21-07-2025;20318846;-5;629.93
89051;Welkom_5;21-07-2025;20319000;-5;14.49
100169;Welkom_5;21-07-2025;20319885;-5;14.99
102795;Welkom_5;21-07-2025;20319646;-5;366.95
98743;Welkom_5;21-07-2025;20321352;-5;569.25
86535;Welkom_5;21-07-2025;20321220;-5;84.99
103581;Welkom_5;21-07-2025;20319240;-5;35.99
100487;Welkom_5;21-07-2025;20318796;-5;3.78
91380;Welkom_5;21-07-2025;20319679;-5;9.49
85268;Welkom_5;21-07-2025;20321121;-5;132.97
95977;Welkom_5;21-07-2025;20321485;-5;104.98
109804;Welkom_5;21-07-2025;20318903;-5;404.84
91454;Welkom_5;21-07-2025;20320222;-5;6.5
97301;Welkom_5;21-07-2025;20319224;-5;25.76
90359;Welkom_5;21-07-2025;20319786;-5;59.94
89925;Welkom_5;22-07-2025;20454922;-5;106.3
97011;Welkom_5;22-07-2025;20321998;-5;312.4
90435;Welkom_5;22-07-2025;20323325;-5;224.84
98242;Welkom_5;22-07-2025;20322178;-5;9.75
80607;Welkom_5;22-07-2025;20322103;-5;34.99
92296;Welkom_5;22-07-2025;20454450;-5;52.95
80696;Welkom_5;22-07-2025;20322525;-5;39
100293;Welkom_5;22-07-2025;20323044;-5;236.99
107495;Welkom_5;22-07-2025;20322186;-5;181.39
94362;Welkom_5;22-07-2025;20322095;-5;29.17
97577;Welkom_5;22-07-2025;20454906;-3.6;59.95
94787;Welkom_5;22-07-2025;20322921;-5;24.66
88855;Welkom_5;22-07-2025;20323739;-5;278.43
91530;Welkom_5;22-07-2025;20323283;-5;43.68
95051;Welkom_5;23-07-2025;20325536;-5;38.18
92566;Welkom_5;23-07-2025;20455218;-5;183.37
88203;Welkom_5;23-07-2025;20324463;-5;140.45
90806;Welkom_5;23-07-2025;20325155;-5;13.89
94678;Welkom_5;23-07-2025;20326104;-5;6.99
92826;Welkom_5;23-07-2025;20326203;-5;220.93
109705;Welkom_5;23-07-2025;20325007;-5;175.75
102553;Welkom_5;23-07-2025;20324851;-5;46.01
95842;Welkom_5;23-07-2025;20325395;-5;98.98
109824;Welkom_5;23-07-2025;20324919;-5;101.89
104784;Welkom_5;23-07-2025;20324109;-5;296.98
104711;Welkom_5;23-07-2025;20324869;-5;62.5
93384;Welkom_5;23-07-2025;20324315;-5;414.27
80799;Welkom_5;23-07-2025;20324455;-5;99.85
95923;Welkom_5;23-07-2025;20324547;-5;50.45
106495;Welkom_5;23-07-2025;20324117;-5;1618.99
102159;Welkom_5;23-07-2025;20324562;-5;70
89476;Welkom_5;23-07-2025;20455374;-5;195.86
83392;Welkom_5;23-07-2025;20324695;-5;38.07
93792;Welkom_5;23-07-2025;20324539;-5;34.99
102891;Welkom_5;23-07-2025;20326229;-5;34.99
107280;Welkom_5;23-07-2025;20323986;-5;499.79
98955;Welkom_5;23-07-2025;20325262;-5;76.98
93652;Welkom_5;24-07-2025;20327029;-5;2445.6
92806;Welkom_5;24-07-2025;20328621;-5;272.03
85316;Welkom_5;24-07-2025;20455531;-5;57.01
87677;Welkom_5;24-07-2025;20455432;-5;604.19
102744;Welkom_5;24-07-2025;20455606;-5;34.98
105387;Welkom_5;24-07-2025;20455838;-5;101.15
104911;Welkom_5;24-07-2025;20327094;-5;7.09
86713;Welkom_5;24-07-2025;20455754;-5;216.58
81282;Welkom_5;24-07-2025;20327235;-5;165.96
102531;Welkom_5;24-07-2025;20326369;-5;99.45
90500;Welkom_5;24-07-2025;20455879;-5;19.84
96933;Welkom_5;24-07-2025;20326336;-5;21.49
87543;Welkom_5;24-07-2025;20455762;-5;126.95
106815;Welkom_5;24-07-2025;20455812;-5;22.98
96905;Welkom_5;24-07-2025;20327250;-5;119.97
105738;Welkom_5;24-07-2025;20327292;-5;26.14
90109;Welkom_5;24-07-2025;20328175;-5;103.87
104599;Welkom_5;24-07-2025;20328340;-5;9.99
105636;Welkom_5;24-07-2025;20326922;-5;344.98
107482;Welkom_5;24-07-2025;20327441;-5;59.1
102075;Welkom_5;24-07-2025;20326872;-5;5.99
99964;Welkom_5;24-07-2025;20327318;-5;1119.69
102553;Welkom_5;24-07-2025;20326914;-5;39.5
102320;Welkom_5;24-07-2025;20327722;-5;161.42
106346;Welkom_5;24-07-2025;20327482;-5;83.38
88660;Welkom_5;24-07-2025;20327102;-5;54.47
83826;Welkom_5;24-07-2025;20328142;-5;87.97
106864;Welkom_5;24-07-2025;20327474;-5;11.84
91456;Welkom_5;24-07-2025;20326930;-5;17.47
93663;Welkom_5;24-07-2025;20327243;-5;17.9
103215;Welkom_5;24-07-2025;20455994;-5;229.37
85759;Welkom_5;25-07-2025;20330031;-5;143.89
103114;Welkom_5;25-07-2025;20330775;-5;32.01
99268;Welkom_5;25-07-2025;20330247;-5;157.74
106678;Welkom_5;25-07-2025;20330072;-5;6.69
77494;Welkom_5;25-07-2025;20331013;-5;238.92
100506;Welkom_5;25-07-2025;20328779;-5;63.03
103727;Welkom_5;25-07-2025;20330767;-5;214.98
91907;Welkom_5;25-07-2025;20331476;-5;94.99
101042;Welkom_5;25-07-2025;20330924;-5;74.36
85337;Welkom_5;25-07-2025;20331047;-5;93.97
106933;Welkom_5;25-07-2025;20330999;-5;93.82
86696;Welkom_5;25-07-2025;20328845;-5;165.45
92706;Welkom_5;25-07-2025;20331526;-5;10.31
108763;Welkom_5;25-07-2025;20329348;-5;61.95
82180;Welkom_5;25-07-2025;20331146;-5;260.98
90195;Welkom_5;26-07-2025;20332813;-5;6.49
95287;Welkom_5;26-07-2025;20456539;-5;23.99
107312;Welkom_5;26-07-2025;20457453;-5;47.64
96854;Welkom_5;26-07-2025;20333241;-5;79.99
94694;Welkom_5;26-07-2025;20331674;-5;19.99
101140;Welkom_5;26-07-2025;20456935;-5;119.12
81410;Welkom_5;26-07-2025;20332474;-5;23.77
87186;Welkom_5;26-07-2025;20332599;-5;357.22
95344;Welkom_5;26-07-2025;20456521;-5;141.9
91366;Welkom_5;26-07-2025;20333753;-5;7.98
104733;Welkom_5;26-07-2025;20334025;-5;1816.95
97464;Welkom_5;26-07-2025;20331880;-5;434.8
103489;Welkom_5;26-07-2025;20331815;-5;94.99
106780;Welkom_5;26-07-2025;20333761;-5;339.42
88104;Welkom_5;26-07-2025;20456836;-5;43.57
107451;Welkom_5;26-07-2025;20333688;-5;530.14
91005;Welkom_5;26-07-2025;20334330;-5;117.98
99306;Welkom_5;26-07-2025;20333803;-5;18.35
96652;Welkom_5;26-07-2025;20332763;-5;39.5
100968;Welkom_5;26-07-2025;20332466;-5;194.99
89131;Welkom_5;26-07-2025;20334116;-5;294.99
108132;Welkom_5;26-07-2025;20456828;-5;161.48
79428;Welkom_5;26-07-2025;20456463;-5;47.2
95665;Welkom_5;26-07-2025;20457032;-5;48.99
88969;Welkom_5;26-07-2025;20456570;-5;55.9
94238;Welkom_5;26-07-2025;20331732;-5;25.47
90942;Welkom_5;26-07-2025;20333704;-5;80.33
81472;Welkom_5;26-07-2025;20332326;-5;94.95
107828;Welkom_5;26-07-2025;20457644;-5;179.95
109395;Welkom_5;26-07-2025;20456752;-5;250.79
97336;Welkom_5;26-07-2025;20331997;-5;56.46
94176;Welkom_5;26-07-2025;20332896;-5;554.93
99592;Welkom_5;26-07-2025;20334421;-5;18.49
101834;Welkom_5;26-07-2025;20333365;-5;241.93
102054;Welkom_5;26-07-2025;20332094;-5;102.95
102549;Welkom_5;26-07-2025;20332284;-5;366.92
85604;Welkom_5;26-07-2025;20456844;-5;9.99
80042;Welkom_5;26-07-2025;20334389;-5;4.99
94022;Welkom_5;26-07-2025;20332904;-5;257.47
100800;Welkom_5;27-07-2025;20458287;-5;635.67
88668;Welkom_5;27-07-2025;20457925;-5;215.89
100621;Welkom_5;27-07-2025;20336749;-5;145.26
102957;Welkom_5;27-07-2025;20457883;-5;94.99
100246;Welkom_5;27-07-2025;20336822;-5;54.32
103326;Welkom_5;27-07-2025;20457867;-5;314.99
98224;Welkom_5;27-07-2025;20335642;-5;274.97
91963;Welkom_5;27-07-2025;20337218;-5;270.85
98774;Welkom_5;27-07-2025;20337051;-5;36.24
101634;Welkom_5;27-07-2025;20335816;-5;94.83
99686;Welkom_5;27-07-2025;20335311;-5;89.77
96965;Welkom_5;27-07-2025;20335758;-5;37.56
98481;Welkom_5;27-07-2025;20336103;-5;146.94
98533;Welkom_5;28-07-2025;20339016;-5;53.94
91399;Welkom_5;28-07-2025;20339198;-5;44.98
88926;Welkom_5;28-07-2025;20337663;-5;114.99
91878;Welkom_5;28-07-2025;20337614;-5;40.5
87109;Welkom_5;28-07-2025;20458675;-5;245.37
99247;Welkom_5;28-07-2025;20337788;-5;318.87
85521;Welkom_5;28-07-2025;20337408;-5;36.45
101886;Welkom_5;28-07-2025;20338869;-5;15.42
91482;Welkom_5;28-07-2025;20337861;-5;123.58
84767;Welkom_5;28-07-2025;20339206;-5;37.64
77452;Welkom_5;28-07-2025;20338364;-5;137.39
88239;Welkom_5;28-07-2025;20338091;-5;20
87541;Welkom_5;28-07-2025;20338463;-5;181.44
90495;Welkom_5;28-07-2025;20339438;-5;35.05
100333;Welkom_5;28-07-2025;20337556;-4.99;0
98845;Welkom_5;28-07-2025;20338422;-5;230.92
92422;Welkom_5;28-07-2025;20339412;-5;25.34
84657;Welkom_5;28-07-2025;20337341;-5;21.99
106051;Welkom_5;28-07-2025;20338430;-5;336.56
108183;Welkom_5;29-07-2025;20339925;-5;141.76
108211;Welkom_5;29-07-2025;20459061;-5;198.82
86003;Welkom_5;29-07-2025;20341384;-5;65.1
91470;Welkom_5;29-07-2025;20339792;-5;34.99
88428;Welkom_5;29-07-2025;20340857;-5;66.92
87813;Welkom_5;29-07-2025;20340451;-5;176.58
97476;Welkom_5;30-07-2025;20341939;-5;481.02
91001;Welkom_5;30-07-2025;20343661;-5;64.99
101055;Welkom_5;30-07-2025;20342259;-5;60.68
97318;Welkom_5;30-07-2025;20342531;-5;9.99
98654;Welkom_5;30-07-2025;20343737;-5;16.94
86713;Welkom_5;30-07-2025;20459186;-5;194.99
100549;Welkom_5;30-07-2025;20342689;-5;21.98
95275;Welkom_5;30-07-2025;20343612;-5;1050.19
103130;Welkom_5;30-07-2025;20343562;-5;191.87
102043;Welkom_5;30-07-2025;20343554;-5;13.48
93233;Welkom_5;30-07-2025;20343471;-5;114.98
95059;Welkom_5;30-07-2025;20343331;-5;198.17
93529;Welkom_5;30-07-2025;20343505;-5;29.95
102960;Welkom_5;31-07-2025;20344891;-5;30.97
108843;Welkom_5;31-07-2025;20344974;-5;19.24
98425;Welkom_5;31-07-2025;20345526;-5;52.95
89927;Welkom_5;31-07-2025;20344628;-5;38.48
84093;Welkom_5;31-07-2025;20344370;-5;67.15
85630;Welkom_5;31-07-2025;20344909;-5;148.89
92863;Welkom_5;31-07-2025;20344834;-2.15;6.99
95674;Welkom_5;31-07-2025;20345955;-5;142.85
80143;Welkom_5;31-07-2025;20344248;-5;247.46
103194;Welkom_5;31-07-2025;20346177;-5;26.5
101179;Welkom_5;31-07-2025;20344966;-5;33.98
102541;Welkom_5;31-07-2025;20345138;-5;35.45
92035;Welkom_5;31-07-2025;20345344;-5;69.47
98803;Welkom_5;31-07-2025;20459541;-5;141.4
102458;Welkom_5;31-07-2025;20344057;-5;157.5
87370;Welkom_5;31-07-2025;20346151;-5;19.29
102655;Welkom_5;31-07-2025;20345351;-5;254.99
100387;Welkom_5;31-07-2025;20345658;-5;174.97
100301;Welkom_5;31-07-2025;20345310;-5;90.74
100218;Welkom_5;31-07-2025;20346037;-5;127.44
95079;Welkom_5;31-07-2025;20345427;-5;361.57
98704;Welkom_5;31-07-2025;20345542;-5;21.43
98384;Welkom_5;31-07-2025;20345872;-5;699.71
84608;Welkom_5;31-07-2025;20344107;-5;126.94
80444;Welkom_5;31-07-2025;20345518;-5;60.96
106091;Welkom_5;31-07-2025;20346276;-5;34.99
97114;Welkom_5;31-07-2025;20345369;-5;88.81
90582;Welkom_5;31-07-2025;20345336;-5;139.36
89636;Welkom_5;31-07-2025;20345948;-5;164.88
96735;Welkom_5;31-07-2025;20346086;-5;133.94
97738;Welkom_5;01-08-2025;20347936;-5;14.47
88099;Welkom_5;01-08-2025;20348173;-5;224.99
102128;Welkom_5;01-08-2025;20348363;-5;21.16
100552;Welkom_5;01-08-2025;20348694;-5;193.97
88337;Welkom_5;01-08-2025;20347316;-5;57.07
97296;Welkom_5;01-08-2025;20348132;-5;65.36
86888;Welkom_5;01-08-2025;20347290;-5;35.65
100770;Welkom_5;01-08-2025;20348504;-5;44.98
92686;Welkom_5;01-08-2025;20347613;-5;159.97
98126;Welkom_5;01-08-2025;20348868;-5;104.93
91615;Welkom_5;01-08-2025;20347324;-5;192.98
102931;Welkom_5;01-08-2025;20347761;-5;74.99
89451;Welkom_5;01-08-2025;20347381;-5;26.93
95493;Welkom_5;01-08-2025;20348611;-5;783.47
89777;Welkom_5;01-08-2025;20348934;-5;82.49
97374;Welkom_5;01-08-2025;20348637;-5;321.55
88083;Welkom_5;01-08-2025;20348009;-5;141.88
100676;Welkom_5;01-08-2025;20348900;-5;294.99
81989;Welkom_5;01-08-2025;20348603;-5;121.14
103183;Welkom_5;01-08-2025;20346912;-5;124.18
106071;Welkom_5;01-08-2025;20347944;-5;64.97
105622;Welkom_5;01-08-2025;20347043;-5;157.95
106136;Welkom_5;01-08-2025;20348181;-5;492.3
96143;Welkom_5;01-08-2025;20347183;-5;54.98
98629;Welkom_5;01-08-2025;20346623;-5;8.96
94367;Welkom_5;01-08-2025;20346847;-5;15.32
85223;Welkom_5;01-08-2025;20348108;-5;134.95
91768;Welkom_5;01-08-2025;20348520;-5;140.99
105452;Welkom_5;01-08-2025;20348397;-5;152.25
97160;Welkom_5;02-08-2025;20350518;-5;2.19
109017;Welkom_5;02-08-2025;20460754;-5;171.5
94071;Welkom_5;02-08-2025;20350393;-5;273.93
86943;Welkom_5;02-08-2025;20350203;-5;38.36
86044;Welkom_5;02-08-2025;20351623;-5;159.96
89370;Welkom_5;02-08-2025;20349114;-5;44.98
87205;Welkom_5;02-08-2025;20460952;-5;58.73
102393;Welkom_5;02-08-2025;20460572;-5;134.47
98931;Welkom_5;02-08-2025;20460655;-5;71.97
106608;Welkom_5;02-08-2025;20460259;-5;55.02
88718;Welkom_5;02-08-2025;20351128;-5;598.91
90641;Welkom_5;02-08-2025;20351854;-5;105.55
81826;Welkom_5;02-08-2025;20349999;-5;24.18
100158;Welkom_5;02-08-2025;20460861;-5;44.98
107006;Welkom_5;02-08-2025;20350377;-5;1.95
93737;Welkom_5;02-08-2025;20350328;-5;417.77
100146;Welkom_5;02-08-2025;20351813;-5;347.97
107253;Welkom_5;02-08-2025;20460838;-5;265.45
102837;Welkom_5;02-08-2025;20460564;-5;45.84
87790;Welkom_5;02-08-2025;20351334;-5;273.57
86362;Welkom_5;02-08-2025;14860;-5;164.9
93040;Welkom_5;02-08-2025;20351151;-5;61.94
80172;Welkom_5;02-08-2025;20351540;-5;117.43
86524;Welkom_5;02-08-2025;20351029;-5;311.02
108923;Welkom_5;02-08-2025;20460432;-5;203.28
86053;Welkom_5;03-08-2025;20352316;-5;24.99
89198;Welkom_5;03-08-2025;20461182;-5;32.07
94535;Welkom_5;03-08-2025;20461224;-5;218.86
108257;Welkom_5;03-08-2025;20353140;-5;98.91
107673;Welkom_5;03-08-2025;20353595;-5;218.82
100038;Welkom_5;03-08-2025;20352209;-5;25.98
100059;Welkom_5;03-08-2025;20461562;-5;60.97
82484;Welkom_5;03-08-2025;20353330;-5;300.45
89859;Welkom_5;03-08-2025;20352894;-5;654.37
107286;Welkom_5;03-08-2025;20461240;-5;112.72
95409;Welkom_5;03-08-2025;20461570;-5;370.66
95970;Welkom_5;03-08-2025;20352662;-5;304.93
84320;Welkom_5;03-08-2025;20461638;-5;58.47
93269;Welkom_5;03-08-2025;20353421;-5;67.91
103615;Welkom_5;03-08-2025;20352522;-5;379.98
89303;Welkom_5;03-08-2025;20352332;-5;146.95
82495;Welkom_5;03-08-2025;20352308;-5;183.33
95094;Welkom_5;03-08-2025;20353512;-5;17.99
104974;Welkom_5;03-08-2025;20352381;-5;124.66
107675;Welkom_5;03-08-2025;20352050;-5;231.57
92638;Welkom_5;03-08-2025;20461554;-5;972.42
107938;Welkom_5;03-08-2025;20461794;-5;278.57
107476;Welkom_5;03-08-2025;20353272;-5;434.97
101838;Welkom_5;03-08-2025;20352324;-5;177.97
104940;Welkom_5;03-08-2025;20461786;-5;61.57
99452;Welkom_5;03-08-2025;20461406;-5;483.83
100251;Welkom_5;03-08-2025;20461380;-5;330.45
84831;Welkom_5;04-08-2025;20354544;-5;64.37
96490;Welkom_5;04-08-2025;20355756;-5;312.34
107562;Welkom_5;04-08-2025;20355194;-5;324.39
107852;Welkom_5;04-08-2025;20355541;-5;14.99
104304;Welkom_5;04-08-2025;20355384;-5;9.48
102097;Welkom_5;04-08-2025;20353934;-5;57.5
98080;Welkom_5;04-08-2025;20354080;-5;26.16
107895;Welkom_5;04-08-2025;20354098;-5;162.93
90304;Welkom_5;04-08-2025;20355319;-5;5.79
106054;Welkom_5;04-08-2025;20354411;-5;208.59
100631;Welkom_5;04-08-2025;20355491;-5;46.95
86663;Welkom_5;04-08-2025;20354262;-5;92.94
92681;Welkom_5;04-08-2025;20355145;-5;82.99
81223;Welkom_5;04-08-2025;20461950;-5;482.41
104582;Welkom_5;04-08-2025;20354965;-5;240.9
107019;Welkom_5;04-08-2025;20354676;-5;11.19
94308;Welkom_5;04-08-2025;20354767;-5;34.99
81607;Welkom_5;04-08-2025;20354221;-5;63.84
99419;Welkom_5;04-08-2025;20355061;-5;34.98
84986;Welkom_5;04-08-2025;20354841;-5;169.55
101000;Welkom_5;04-08-2025;20354452;-5;95
99438;Welkom_5;04-08-2025;20355509;-5;42.98
105082;Welkom_5;04-08-2025;20355202;-5;262.98
93575;Welkom_5;04-08-2025;20353793;-5;126.89
107728;Welkom_5;04-08-2025;20353769;-5;5.99
90813;Welkom_5;04-08-2025;20355137;-5;117.16
105279;Welkom_5;04-08-2025;20354338;-5;62.99
99969;Welkom_5;04-08-2025;20355053;-5;87.52
95984;Welkom_5;04-08-2025;20354940;-5;69.99
94808;Welkom_5;04-08-2025;20353819;-5;94.96
83477;Welkom_5;04-08-2025;20355376;-5;426.93
85021;Welkom_5;04-08-2025;20356044;-5;426.96
90008;Welkom_5;05-08-2025;20358156;-5;82.73
80775;Welkom_5;05-08-2025;20356739;-5;12.95
107760;Welkom_5;05-08-2025;20356721;-5;11.19
101978;Welkom_5;05-08-2025;20356580;-5;9.37
101377;Welkom_5;05-08-2025;20356770;-5;36.15
88416;Welkom_5;06-08-2025;20359121;-5;298.83
103501;Welkom_5;06-08-2025;20359196;-5;322.93
99655;Welkom_5;06-08-2025;20360624;-5;434.35
87918;Welkom_5;06-08-2025;20360293;-5;197.35
85439;Welkom_5;06-08-2025;20359006;-5;276.4
104069;Welkom_5;06-08-2025;20359139;-5;14.5
85537;Welkom_5;06-08-2025;20359170;-5;67.95
90033;Welkom_5;07-08-2025;20360855;-5;193.38
105685;Welkom_5;07-08-2025;20361259;-5;9.99
89461;Welkom_5;07-08-2025;20362430;-5;117.88
100121;Welkom_5;07-08-2025;20362547;-5;109.05
100311;Welkom_5;07-08-2025;20361978;-5;26.89
101969;Welkom_5;07-08-2025;20362281;-5;51.17
85774;Welkom_5;07-08-2025;20361580;-5;104.28
99684;Welkom_5;07-08-2025;20361291;-5;11.16
99380;Welkom_5;07-08-2025;20361531;-5;256.81
88852;Welkom_5;07-08-2025;20360822;-5;56.52
107540;Welkom_5;07-08-2025;20362760;-5;30.72
102840;Welkom_5;07-08-2025;20361598;-5;256.87
87001;Welkom_5;07-08-2025;20362273;-5;72.14
96204;Welkom_5;07-08-2025;20363016;-5;117.44
86593;Welkom_5;07-08-2025;20362265;-5;931.46
100615;Welkom_5;07-08-2025;20361499;-5;53.98
86544;Welkom_5;07-08-2025;20361655;-5;21.45
89187;Welkom_5;07-08-2025;20361606;-5;204.23
96161;Welkom_5;07-08-2025;20361853;-5;284.99
90629;Welkom_5;07-08-2025;20361564;-5;50.95
96043;Welkom_5;07-08-2025;20362752;-5;95.15
84149;Welkom_5;07-08-2025;20361648;-5;27.17
86703;Welkom_5;07-08-2025;20362828;-5;131.95
108825;Welkom_5;07-08-2025;20362133;-5;4.7
99535;Welkom_5;07-08-2025;20361267;-5;163.52
84023;Welkom_5;07-08-2025;20362000;-5;-5
98274;Welkom_5;07-08-2025;20361747;-5;42.67
106988;Welkom_5;07-08-2025;20361796;-5;40.89
80883;Welkom_5;08-08-2025;20364857;-5;212.05
106763;Welkom_5;08-08-2025;20364295;-5;466.7
96026;Welkom_5;08-08-2025;20462131;-5;39.1
96516;Welkom_5;08-08-2025;20364915;-5;110
107222;Welkom_5;08-08-2025;20363560;-5;161.55
97881;Welkom_5;08-08-2025;20364329;-5;330.52
94080;Welkom_5;08-08-2025;20363453;-5;1222.01
100285;Welkom_5;08-08-2025;20363412;-5;353.94
92259;Welkom_5;08-08-2025;20364238;-5;73.94
96226;Welkom_5;08-08-2025;20364287;-5;72.96
86519;Welkom_5;08-08-2025;20364303;-5;219.99
96224;Welkom_5;08-08-2025;20364162;-5;70.98
96026;Welkom_5;08-08-2025;20363263;-5;347.39
109007;Welkom_5;08-08-2025;20364501;-5;92.96
92268;Welkom_5;09-08-2025;20367041;-5;64.74
91388;Welkom_5;09-08-2025;20368445;-5;834.87
101143;Welkom_5;09-08-2025;20366415;-5;44.15
108342;Welkom_5;09-08-2025;20366316;-5;426.53
100029;Welkom_5;09-08-2025;20366209;-5;117.44
82293;Welkom_5;09-08-2025;20366050;-5;165.21
108122;Welkom_5;09-08-2025;20367249;-5;89.98
85252;Welkom_5;09-08-2025;20366878;-5;67.94
84538;Welkom_5;09-08-2025;20366464;-5;63.89
97963;Welkom_5;09-08-2025;20366621;-5;144.23
91981;Welkom_5;09-08-2025;20368171;-5;24.65
97358;Welkom_5;09-08-2025;20366852;-5;374.98
96755;Welkom_5;09-08-2025;20366522;-5;1348.98
109624;Welkom_5;09-08-2025;20366456;-5;69.99
106592;Welkom_5;09-08-2025;20367892;-5;53.49
80813;Welkom_5;10-08-2025;20370128;-5;128.93
99947;Welkom_5;10-08-2025;20462727;-5;270.15
90329;Welkom_5;10-08-2025;20368940;-5;4.5
93495;Welkom_5;10-08-2025;20369815;-5;133.76
105621;Welkom_5;10-08-2025;20369682;-5;263.02
103931;Welkom_5;10-08-2025;14878;-5;120
94538;Welkom_5;11-08-2025;20370748;-5;74.98
108999;Welkom_5;11-08-2025;20371449;-0.06;91.93
86038;Welkom_5;11-08-2025;20371704;-5;215.64
83702;Welkom_5;12-08-2025;20372397;-5;281.94
94234;Welkom_5;12-08-2025;20373098;-5;319.95
87509;Welkom_5;12-08-2025;20372835;-5;132.94
97054;Welkom_5;12-08-2025;20373080;-5;24.28
85425;Welkom_5;12-08-2025;20373734;-5;426.44
96173;Welkom_5;13-08-2025;20375507;-5;79.47
99577;Welkom_5;13-08-2025;20375838;-5;70.52
101210;Welkom_5;13-08-2025;20374922;-5;35.45
88386;Welkom_5;13-08-2025;20376216;-5;364.75
105980;Welkom_5;13-08-2025;20375622;-5;194.48
99527;Welkom_5;13-08-2025;20376463;-5;141.89
101142;Welkom_5;14-08-2025;20377826;-5;744.94
99052;Welkom_5;14-08-2025;20377602;-5;557.99
106629;Welkom_5;14-08-2025;20377578;-5;32.66
109664;Welkom_5;14-08-2025;20377503;-5;344.02
99320;Welkom_5;14-08-2025;20377180;-5;81.48
94686;Welkom_5;14-08-2025;20462917;-5;407.88
108025;Welkom_5;14-08-2025;20377925;-5;99.99
93594;Welkom_5;15-08-2025;20463014;-5;86.94
83045;Welkom_5;15-08-2025;20379368;-5;34.99
83251;Welkom_5;15-08-2025;20379087;-5;52.47
94914;Welkom_5;15-08-2025;20379384;-5;206.32
86958;Welkom_5;15-08-2025;20379525;-5;54.99
85210;Welkom_5;15-08-2025;20463006;-5;52.95
87481;Welkom_5;15-08-2025;20380085;-5;224.75
107251;Welkom_5;15-08-2025;20380770;-5;146.36
98809;Welkom_5;15-08-2025;20380580;-5;596.96
87419;Welkom_5;15-08-2025;20380390;-5;8.98
95536;Welkom_5;15-08-2025;20379673;-5;94.97
91986;Welkom_5;15-08-2025;20380754;-5;142.91
107186;Welkom_5;15-08-2025;20380929;-5;61.57
91289;Welkom_5;15-08-2025;20378931;-5;81.36
102907;Welkom_5;15-08-2025;20379293;-5;241.98
96397;Welkom_5;16-08-2025;20383675;-5;403.72
108142;Welkom_5;16-08-2025;20383279;-5;625.55
104591;Welkom_5;16-08-2025;20382099;-5;58.55
99570;Welkom_5;16-08-2025;20463246;-5;157.97
95893;Welkom_5;16-08-2025;20382354;-5;224.95
86488;Welkom_5;16-08-2025;20382859;-5;411.21
90785;Welkom_5;16-08-2025;20382024;-5;951.58
86654;Welkom_5;16-08-2025;20463345;-5;341.12
99903;Welkom_5;16-08-2025;20463485;-5;29.99
99459;Welkom_5;16-08-2025;20381471;-5;54.49
101124;Welkom_5;16-08-2025;20381570;-5;594.8
87346;Welkom_5;16-08-2025;20383501;-5;67.76
87397;Welkom_5;16-08-2025;20382453;-5;249.95
97034;Welkom_5;16-08-2025;20463394;-5;224.99
93012;Welkom_5;16-08-2025;20382537;-5;150.77
88235;Welkom_5;16-08-2025;20382933;-5;12.98
95431;Welkom_5;16-08-2025;20463493;-5;29.99
106463;Welkom_5;16-08-2025;20381539;-5;69.99
87761;Welkom_5;16-08-2025;20381620;-5;156.88
101773;Welkom_5;16-08-2025;20381828;-5;615.71
85296;Welkom_5;16-08-2025;20382511;-5;69.98
101124;Welkom_5;16-08-2025;20381935;-5;594.8
106083;Welkom_5;16-08-2025;20381596;-5;58.5
96366;Welkom_5;17-08-2025;20384467;-5;186.68
108728;Welkom_5;17-08-2025;20384343;-5;131.93
100865;Welkom_5;17-08-2025;20384251;-5;182.89
96614;Welkom_5;17-08-2025;20385282;-5;1032.99
86319;Welkom_5;18-08-2025;20386348;-5;1344
92574;Welkom_5;18-08-2025;20386868;-5;123.94
84568;Welkom_5;18-08-2025;20386389;-5;122.68
93679;Welkom_5;18-08-2025;20385936;-5;53.67
95279;Welkom_5;18-08-2025;20386504;-5;273.84
101380;Welkom_5;19-08-2025;20388815;-5;555.56
86478;Welkom_5;19-08-2025;14908;-5;32.49
95940;Welkom_5;19-08-2025;20387916;-5;358.99
102242;Welkom_5;19-08-2025;20388773;-5;223.1
103689;Welkom_5;19-08-2025;20387791;-5;96.17
98211;Welkom_5;19-08-2025;20388864;-5;108.96
85815;Welkom_5;19-08-2025;20463774;-5;323.27
103128;Welkom_5;19-08-2025;20388617;-5;334.93
100152;Welkom_5;19-08-2025;20388781;-5;168.17
98129;Welkom_5;20-08-2025;20390522;-5;152.97
98403;Welkom_5;20-08-2025;20390639;-5;225.63
99734;Welkom_5;20-08-2025;20390415;-5;7.99
88833;Welkom_5;20-08-2025;20389714;-5;342.44
80898;Welkom_5;20-08-2025;20389342;-5;390.9
92464;Welkom_5;21-08-2025;20391975;-5;35.49
91631;Welkom_5;21-08-2025;20391256;-5;74.99
89531;Welkom_5;21-08-2025;20391520;-5;74.98
95412;Welkom_5;21-08-2025;20391264;-5;62.08
104438;Welkom_5;21-08-2025;20391306;-5;20.55
104150;Welkom_5;22-08-2025;20394961;-5;179.94
87391;Welkom_5;22-08-2025;20393013;-5;129.97
96644;Welkom_5;22-08-2025;20394011;-5;108.89
102340;Welkom_5;22-08-2025;20393195;-5;75.23
101160;Welkom_5;22-08-2025;20394292;-5;34
93290;Welkom_5;22-08-2025;20393989;-5;77.5
84741;Welkom_5;22-08-2025;20394920;-5;44.99
93656;Welkom_5;22-08-2025;20394284;-5;594
104404;Welkom_5;22-08-2025;20394276;-5;72.44
96636;Welkom_5;22-08-2025;20395315;-5;414.19
77905;Welkom_5;22-08-2025;20393724;-5;176.08
93361;Welkom_5;22-08-2025;20394912;-5;71.98
105607;Welkom_5;22-08-2025;20393716;-5;104.99
93069;Welkom_5;22-08-2025;20394771;-5;70.35
88183;Welkom_5;23-08-2025;20396404;-5;46.26
93288;Welkom_5;23-08-2025;20397741;-5;103.43
108304;Welkom_5;23-08-2025;20398012;-5;584.81
101998;Welkom_5;23-08-2025;20395711;-5;240.24
93570;Welkom_5;23-08-2025;20396479;-5;49.79
81357;Welkom_5;23-08-2025;20397378;-5;-74.95
96850;Welkom_5;23-08-2025;20397956;-5;730.7
87129;Welkom_5;23-08-2025;20396784;-5;149.99
101044;Welkom_5;23-08-2025;20397980;-5;141.92
104100;Welkom_5;23-08-2025;20396321;-5;72.99
98598;Welkom_5;23-08-2025;20396750;-5;96.77
93938;Welkom_5;23-08-2025;20395703;-5;132.45
106043;Welkom_5;23-08-2025;20397618;-5;420.86
96606;Welkom_5;23-08-2025;20396511;-5;411.22
99520;Welkom_5;23-08-2025;20397352;-5;361.13
102326;Welkom_5;23-08-2025;20396263;-5;36.23
106460;Welkom_5;23-08-2025;20395919;-5;150.92
90158;Welkom_5;23-08-2025;20398137;-5;356.6
105426;Welkom_5;24-08-2025;20399689;-5;162.46
81609;Welkom_5;24-08-2025;20399747;-5;8.5
95992;Welkom_5;24-08-2025;20399986;-5;389.37
103540;Welkom_5;24-08-2025;20398947;-5;54.99
99672;Welkom_5;24-08-2025;20399663;-5;346.63
95260;Welkom_5;24-08-2025;20399671;-5;294.88
96788;Welkom_5;25-08-2025;20301610;-5;47.27
108530;Welkom_5;25-08-2025;20301636;-5;528.1
85164;Welkom_5;26-08-2025;20302550;-5;282.98
97418;Welkom_5;26-08-2025;20303541;-5;262.24
92859;Welkom_5;26-08-2025;20302477;-5;115
100185;Welkom_5;26-08-2025;20303160;-5;92.09
86302;Welkom_5;26-08-2025;20303152;-5;45.06
82782;Welkom_5;27-08-2025;20304986;-5;33.23
105174;Welkom_5;27-08-2025;20304234;-5;22.44
97198;Welkom_5;27-08-2025;20304556;-5;122.93
103159;Welkom_5;27-08-2025;20304408;-5;134.66
86882;Welkom_5;27-08-2025;20304309;-5;10.27
98898;Welkom_5;27-08-2025;20304564;-5;107.57
89288;Welkom_5;28-08-2025;20306650;-5;141.43
95331;Welkom_5;28-08-2025;20306817;-5;46.28
109767;Welkom_5;28-08-2025;20306395;-5;125.17
107277;Welkom_5;28-08-2025;20306528;-5;155.24
99450;Welkom_5;28-08-2025;20306239;-5;359.97
109023;Welkom_5;29-08-2025;20308029;-5;11.28
100337;Welkom_5;30-08-2025;20312179;-5;516.61
89985;Welkom_5;30-08-2025;20311734;-5;133.19
87632;Welkom_5;30-08-2025;20311601;-5;6.69
108681;Welkom_5;30-08-2025;20310751;-5;304.96
87804;Welkom_5;30-08-2025;20312021;-5;325.97
92466;Welkom_5;30-08-2025;20311882;-5;129.46
99452;Welkom_5;30-08-2025;20311866;-5;5.79
102597;Welkom_5;30-08-2025;20311106;-5;19.29
98827;Welkom_5;30-08-2025;20311981;-5;28.58
95720;Welkom_5;30-08-2025;20311064;-5;54.3
97534;Welkom_5;30-08-2025;20311924;-5;38.17
91338;Welkom_5;30-08-2025;20310595;-5;53.97
101150;Welkom_5;30-08-2025;20311486;-5;54.31
96776;Welkom_5;30-08-2025;20310876;-5;133.26
103033;Welkom_5;30-08-2025;20310900;-5;90.95
99327;Welkom_5;30-08-2025;20310041;-5;112.76
108112;Welkom_5;31-08-2025;20312526;-5;307.97
106384;Welkom_5;31-08-2025;20312971;-5;398.85
109858;Welkom_5;31-08-2025;20312468;-5;239.43
101470;Welkom_5;31-08-2025;20312724;-5;127.49
107837;Welkom_5;31-08-2025;20312484;-5;41.38
94293;Welkom_5;31-08-2025;20313367;-5;132.56
95137;Welkom_5;31-08-2025;20312542;-5;125.48
101861;Welkom_5;31-08-2025;20312997;-5;277.98
107837;Welkom_5;31-08-2025;20312518;-5;17.79
104328;Welkom_5;31-08-2025;20312450;-5;173.93
95485;Welkom_5;31-08-2025;20312781;-5;131.94
96650;Welkom_5;01-09-2025;20313987;-5;23.99
86815;Welkom_5;01-09-2025;20314928;-5;224.99
102812;Welkom_5;01-09-2025;20314597;-5;103.48
85620;Welkom_5;01-09-2025;20314894;-5;160.95
108798;Welkom_5;01-09-2025;20314589;-5;39.03
106250;Welkom_5;01-09-2025;20314563;-5;114.96
105991;Welkom_5;01-09-2025;20313607;-5;49.99
90183;Welkom_5;01-09-2025;14935;-5;49.99
105572;Welkom_5;01-09-2025;20314324;-5;432.41
108781;Welkom_5;01-09-2025;20314233;-5;77.98
101601;Welkom_5;02-09-2025;20315602;-5;42.67
87305;Welkom_5;02-09-2025;20315917;-5;291.08
102818;Welkom_5;02-09-2025;20315719;-5;387.02
101248;Welkom_5;02-09-2025;20316196;-5;138.09
84408;Welkom_5;02-09-2025;20316386;-5;3.09
108882;Welkom_5;02-09-2025;20315461;-5;120.99
97525;Welkom_5;02-09-2025;20315818;-5;59.24
96075;Welkom_5;02-09-2025;20316410;-5;56.98
86758;Welkom_5;03-09-2025;20316600;-5;24.99
78236;Welkom_5;03-09-2025;20317905;-5;11.18
89496;Welkom_5;03-09-2025;20316741;-5;103.57
86868;Welkom_5;03-09-2025;20316758;-5;87.48
94790;Welkom_5;03-09-2025;20316709;-5;11.99
88266;Welkom_5;03-09-2025;20317541;-5;505.43
100577;Welkom_5;03-09-2025;20317384;-5;93.5
109432;Welkom_5;03-09-2025;20316725;-5;1058.96
91656;Welkom_5;04-09-2025;20319059;-5;374.98
103287;Welkom_5;04-09-2025;20319141;-5;343.27
81855;Welkom_5;04-09-2025;20318804;-5;39.89
94938;Welkom_5;05-09-2025;20320461;-5;139.28
87409;Welkom_5;05-09-2025;20320438;-5;86.98
92204;Welkom_5;05-09-2025;20319778;-5;55.21
88717;Welkom_5;05-09-2025;20319901;-5;249.28
90358;Welkom_5;05-09-2025;20320396;-5;903.27
77438;Welkom_5;05-09-2025;20319810;-5;3.94
86821;Welkom_5;06-09-2025;20321576;-5;142.6
88628;Welkom_5;06-09-2025;20322830;-5;34.99
108409;Welkom_5;06-09-2025;20321477;-5;180.97
106993;Welkom_5;06-09-2025;20322459;-5;158.37
94317;Welkom_5;06-09-2025;20322350;-5;39.56
101469;Welkom_5;06-09-2025;20321808;-5;34.99
103328;Welkom_5;06-09-2025;20322491;-5;73.67
91925;Welkom_5;06-09-2025;20321824;-5;307.39
95798;Welkom_5;06-09-2025;20322400;-5;54.83
108976;Welkom_5;07-09-2025;20323317;-5;72.95
103753;Welkom_5;07-09-2025;20323168;-5;92.48
107856;Welkom_5;07-09-2025;20323663;-5;194.44
85418;Welkom_5;08-09-2025;20324190;-5;605.21
107335;Welkom_5;08-09-2025;20324828;-5;48.03
89514;Welkom_5;08-09-2025;20324745;-5;240.27
103911;Welkom_5;09-09-2025;20325932;-5;48.99
100317;Welkom_5;09-09-2025;20325866;-5;326.96
99563;Welkom_5;09-09-2025;20325270;-5;26.94
91506;Welkom_5;09-09-2025;20326054;-5;219.93
88620;Welkom_5;09-09-2025;20325494;-5;68.98
104578;Welkom_5;09-09-2025;20325783;-5;53.88
90470;Welkom_5;10-09-2025;20326450;-5;69.98
86688;Welkom_5;10-09-2025;20326377;-5;201.24
94656;Welkom_5;11-09-2025;20328167;-5;22.14
94090;Welkom_5;12-09-2025;20329280;-5;347.92
91790;Welkom_5;12-09-2025;20328456;-5;14.44
92535;Welkom_5;12-09-2025;20328449;-5;101.46
100424;Welkom_5;12-09-2025;20329082;-5;141.3
95155;Welkom_5;12-09-2025;20329215;-5;134.95
102279;Welkom_5;12-09-2025;20329181;-5;6.97
80197;Welkom_5;12-09-2025;20329108;-5;18.73
108906;Welkom_5;12-09-2025;20329207;-5;26.49
98075;Welkom_5;12-09-2025;20328837;-5;24.24
92425;Welkom_5;13-09-2025;20329876;-5;51.89
100382;Welkom_5;13-09-2025;20330403;-5;102.98
107965;Welkom_5;13-09-2025;20464871;-5;104.98
91481;Welkom_5;13-09-2025;20330353;-5;27.25
102566;Welkom_5;13-09-2025;20330643;-5;260.94
89087;Welkom_5;13-09-2025;20331138;-5;39.97
107118;Welkom_5;13-09-2025;20330700;-5;30
91561;Welkom_5;13-09-2025;20464673;-5;58.96
86405;Welkom_5;13-09-2025;20329850;-5;101.98
100448;Welkom_5;13-09-2025;20330569;-5;157.42
89382;Welkom_5;13-09-2025;20330023;-5;6.69
98382;Welkom_5;13-09-2025;20330080;-5;8.9
103150;Welkom_5;13-09-2025;20331104;-5;541.34
97182;Welkom_5;13-09-2025;20329892;-5;84.9
105696;Welkom_5;13-09-2025;20330825;-5;412.98
99555;Welkom_5;13-09-2025;20464764;-5;2.99
107053;Welkom_5;13-09-2025;20331146;-5;164.95
96948;Welkom_5;13-09-2025;20330106;-5;41.99
87464;Welkom_5;13-09-2025;20330510;-5;36.99
89287;Welkom_5;13-09-2025;20330288;-5;167.98
103834;Welkom_5;14-09-2025;20331880;-5;304.99
102962;Welkom_5;14-09-2025;20332078;-5;272.08
107894;Welkom_5;14-09-2025;20331872;-5;131.99
108335;Welkom_5;15-09-2025;20332599;-5;174.88
89252;Welkom_5;15-09-2025;20332680;-5;641.04
93257;Welkom_5;15-09-2025;20332748;-5;55
81121;Welkom_5;15-09-2025;20332979;-5;107.96
94283;Welkom_5;15-09-2025;20332342;-4.98;0
108509;Welkom_5;15-09-2025;20332334;-5;613.56
91620;Welkom_5;15-09-2025;20333027;-5;93.48
91299;Welkom_5;15-09-2025;20332821;-5;97.43
95761;Welkom_5;15-09-2025;20332532;-5;209.99
93336;Welkom_5;15-09-2025;20332268;-5;64.98
106419;Welkom_5;15-09-2025;20333043;-5;42.98
105090;Welkom_5;16-09-2025;20333399;-5;246.76
100851;Welkom_5;16-09-2025;20333209;-5;58.95
82794;Welkom_5;17-09-2025;20334793;-5;253.38
98275;Welkom_5;17-09-2025;20334579;-5;48.75
90119;Welkom_5;18-09-2025;20335030;-5;51.24
101703;Welkom_5;18-09-2025;20335436;-5;354.94
85044;Welkom_5;18-09-2025;20335246;-5;254.98
85044;Welkom_5;18-09-2025;20335261;-5;-5
108940;Welkom_5;18-09-2025;20335139;-5;13.99
109091;Welkom_5;18-09-2025;20335477;-5;21.99
105285;Welkom_5;18-09-2025;20335089;-5;75.96
101168;Welkom_5;18-09-2025;20335550;-5;112.48
93152;Welkom_5;18-09-2025;20335311;-5;39.99
88197;Welkom_5;18-09-2025;20335493;-5;84.35
107449;Welkom_5;19-09-2025;20336376;-5;11.4
95091;Welkom_5;19-09-2025;20337036;-5;115.49
83452;Welkom_5;19-09-2025;20336632;-5;33.98
89444;Welkom_5;19-09-2025;20336715;-5;27.83
105218;Welkom_5;19-09-2025;20336459;-5;20.99
108496;Welkom_5;19-09-2025;20336517;-5;39.99
89702;Welkom_5;19-09-2025;20336384;-5;34.99
107159;Welkom_5;19-09-2025;20336541;-5;51.89
95979;Welkom_5;19-09-2025;20336285;-5;34.99
102092;Welkom_5;19-09-2025;20336616;-5;41.38
87923;Welkom_5;19-09-2025;20336004;-5;52.47
108689;Welkom_5;19-09-2025;20336921;-5;84.99
103208;Welkom_5;20-09-2025;20338281;-5;48.99
90129;Welkom_5;20-09-2025;20338109;-5;20.49
85189;Welkom_5;20-09-2025;20337739;-5;181.59
88698;Welkom_5;20-09-2025;20338034;-5;97.47
100272;Welkom_5;20-09-2025;20338190;-5;8.24
109063;Welkom_5;20-09-2025;20337390;-5;172.52
108307;Welkom_5;20-09-2025;20337465;-5;11.19
107940;Welkom_5;20-09-2025;20337697;-5;73.01
109010;Welkom_5;21-09-2025;20338794;-5;546.44
101687;Welkom_5;21-09-2025;20338836;-5;372.73
86384;Welkom_5;21-09-2025;20338737;-5;94.92
103477;Welkom_5;21-09-2025;20338844;-5;396.4
97606;Welkom_5;21-09-2025;20339016;-5;217.39
85512;Welkom_5;22-09-2025;20339164;-5;134.98
99478;Welkom_5;22-09-2025;20339248;-5;8
91885;Welkom_5;22-09-2025;20339560;-5;44.98
103814;Welkom_5;22-09-2025;20339750;-5;94.98
101820;Welkom_5;23-09-2025;20340584;-5;16.5
94557;Welkom_5;23-09-2025;20340741;-5;259.99
89578;Welkom_5;23-09-2025;20340345;-5;26.5
94969;Welkom_5;23-09-2025;20340543;-5;20.15
92703;Welkom_5;23-09-2025;20340675;-5;11.18
104126;Welkom_5;23-09-2025;20340758;-5;8.99
83899;Welkom_5;23-09-2025;20340410;-5;125.47
98491;Welkom_5;23-09-2025;20340113;-5;19.99
80480;Welkom_5;23-09-2025;20340220;-5;238.49
86601;Welkom_5;23-09-2025;20340303;-5;190.42
86429;Welkom_5;24-09-2025;20341285;-5;47.51
83407;Welkom_5;24-09-2025;20341202;-5;128.98
100148;Welkom_5;24-09-2025;20341921;-5;12.99
90192;Welkom_5;24-09-2025;20341574;-5;83.97
97302;Welkom_5;24-09-2025;20340907;-5;27.7
99800;Welkom_5;24-09-2025;20341475;-5;4.5
95837;Welkom_5;24-09-2025;20341244;-5;151.97
92836;Welkom_5;24-09-2025;20341020;-5;12.98
98772;Welkom_5;24-09-2025;20341483;-5;8.49
100116;Welkom_5;25-09-2025;20342226;-5;555.36
94032;Welkom_5;25-09-2025;20342432;-5;75.99
109521;Welkom_5;25-09-2025;20342655;-5;6.69
83752;Welkom_5;25-09-2025;20342150;-5;12.98
99347;Welkom_5;25-09-2025;20342705;-5;4.89
89452;Welkom_5;25-09-2025;20342531;-5;62.2
87413;Welkom_5;25-09-2025;20342366;-5;58.48
100845;Welkom_5;25-09-2025;20342770;-5;163.96
90866;Welkom_5;25-09-2025;20342713;-5;273.52
104673;Welkom_5;25-09-2025;20342648;-5;141.78
98334;Welkom_5;26-09-2025;20343281;-5;3.09
107504;Welkom_5;26-09-2025;20343190;-5;48.62
108876;Welkom_5;26-09-2025;20343877;-5;70.9
97292;Welkom_5;26-09-2025;20343851;-5;22.44
106422;Welkom_5;26-09-2025;20343943;-5;204.99
104898;Welkom_5;26-09-2025;20343901;-5;2194
85596;Welkom_5;26-09-2025;20343513;-5;34.9
101855;Welkom_5;26-09-2025;20343232;-5;29.94
98109;Welkom_5;26-09-2025;20343695;-5;18.38
109726;Welkom_5;26-09-2025;20343059;-5;18.97
87789;Welkom_5;27-09-2025;20344610;-5;121.35
79390;Welkom_5;27-09-2025;20344388;-5;94.99
108904;Welkom_5;27-09-2025;20344636;-5;59.99
97338;Welkom_5;27-09-2025;20345005;-5;157.97
95636;Welkom_5;27-09-2025;20344784;-5;22.38
107037;Welkom_5;27-09-2025;20344776;-5;44.49
83063;Welkom_5;27-09-2025;14986;-5;11.99
100381;Welkom_5;27-09-2025;20465068;-5;46.92
81832;Welkom_5;28-09-2025;20345872;-5;0.99
104907;Welkom_5;28-09-2025;20346276;-5;129.98
87720;Welkom_5;28-09-2025;20346193;-5;556.44
81738;Welkom_5;28-09-2025;20346201;-5;254.99
106216;Welkom_5;28-09-2025;20345849;-5;84.99
88496;Welkom_5;28-09-2025;20345989;-5;21.05
98619;Welkom_5;28-09-2025;20346086;-5;170.62
109926;Welkom_5;28-09-2025;20345799;-5;105.58
101845;Welkom_5;28-09-2025;20345856;-5;28.16
87167;Welkom_5;28-09-2025;20346060;-5;194.99
105098;Welkom_5;29-09-2025;20346599;-5;94.49
90441;Welkom_5;29-09-2025;20346409;-5;184.47
84212;Welkom_5;29-09-2025;20346433;-5;16.55
95580;Welkom_5;29-09-2025;20346979;-5;8.49
94004;Welkom_5;29-09-2025;20347100;-5;637.94
97605;Welkom_5;29-09-2025;20346904;-5;174.46
96120;Welkom_5;30-09-2025;20347431;-5;50.13
90778;Welkom_5;30-09-2025;20347464;-5;64.98
92092;Welkom_5;30-09-2025;20347423;-5;9.36
91194;Welkom_5;30-09-2025;20347779;-5;19.99
97012;Welkom_5;30-09-2025;20347449;-5;336.94
105078;Welkom_5;30-09-2025;20347282;-5;23.97
86459;Welkom_5;30-09-2025;20347308;-5;222.32
92676;Welkom_5;30-09-2025;20347555;-5;51.49
102702;Welkom_5;30-09-2025;20347530;-5;220.48
94908;Welkom_5;02-10-2025;20349387;-5;57.99
86004;Welkom_5;02-10-2025;20349023;-3.9;7.5
96478;Welkom_5;02-10-2025;20349189;-5;26.49
105787;Welkom_5;02-10-2025;20349304;-5;104.99
88693;Welkom_5;02-10-2025;20349437;-5;38.96
90288;Welkom_5;03-10-2025;20349759;-5;133.88
109402;Welkom_5;03-10-2025;20350005;-5;67.5
105398;Welkom_5;03-10-2025;20350609;-5;336.2
102998;Welkom_5;03-10-2025;20350591;-5;88.48
102034;Welkom_5;03-10-2025;20350328;-5;23.78
84568;Welkom_5;03-10-2025;20350260;-5;29.26
107792;Welkom_5;03-10-2025;20349783;-5;186.96
102685;Welkom_5;03-10-2025;20349734;-5;169.97
108077;Welkom_5;03-10-2025;20349916;-5;75.47
91271;Welkom_5;04-10-2025;20351680;-5;231.58
81491;Welkom_5;04-10-2025;20352084;-5;64.49
81513;Welkom_5;04-10-2025;20351565;-5;169.98
105810;Welkom_5;04-10-2025;20351839;-5;21.56
80388;Welkom_5;04-10-2025;20351102;-5;28.99
98114;Welkom_5;04-10-2025;20351805;-5;109.82
96497;Welkom_5;04-10-2025;20352068;-5;222.48
88498;Welkom_5;04-10-2025;20351557;-5;59.98
98778;Welkom_5;04-10-2025;20351987;-5;21.99
107812;Welkom_5;04-10-2025;20351581;-5;32.95
96289;Welkom_5;04-10-2025;20351235;-5;54.49
104788;Welkom_5;04-10-2025;20351300;-5;116.96
88621;Welkom_5;04-10-2025;20352035;-5;432.44
101192;Welkom_5;04-10-2025;20351151;-5;334.98
81955;Welkom_5;04-10-2025;20351177;-5;33.69
101191;Welkom_5;04-10-2025;20351037;-5;85.48
86321;Welkom_5;04-10-2025;20351334;-5;111.75
95954;Welkom_5;04-10-2025;20351995;-5;93.96
82908;Welkom_5;04-10-2025;20351706;-5;254.97
94209;Welkom_5;04-10-2025;20351664;-5;65.48
108379;Welkom_5;05-10-2025;20352845;-5;350.83
98557;Welkom_5;05-10-2025;20352605;-5;242.07
108035;Welkom_5;05-10-2025;20352241;-5;105
106813;Welkom_5;05-10-2025;20352852;-5;658.66
97516;Welkom_5;06-10-2025;20353009;-5;16.5
90171;Welkom_5;06-10-2025;20353231;-5;15.99
104556;Welkom_5;06-10-2025;20353512;-5;42.49
106335;Welkom_5;06-10-2025;20353595;-5;78.98
93067;Welkom_5;06-10-2025;20353140;-5;234.99
86509;Welkom_5;06-10-2025;20352977;-5;44.99
89024;Welkom_5;06-10-2025;20353181;-5;88.58
91173;Welkom_5;07-10-2025;20354122;-5;99.75
103804;Welkom_5;07-10-2025;20353900;-5;68.88
88959;Welkom_5;07-10-2025;20354023;-5;89.48
88289;Welkom_5;08-10-2025;20354957;-5;11.18
94906;Welkom_5;09-10-2025;20355483;-5;74.99
100644;Welkom_5;09-10-2025;20355574;-5;17.49
92936;Welkom_5;09-10-2025;20355129;-5;56.94
102459;Welkom_5;09-10-2025;20355756;-5;48.98
95769;Welkom_5;09-10-2025;20355087;-5;74.95
96523;Welkom_5;09-10-2025;20355582;-5;419.98
108242;Welkom_5;09-10-2025;20355442;-5;194.99
89914;Welkom_5;09-10-2025;20355459;-5;171.97
81742;Welkom_5;09-10-2025;20355160;-5;314.96
103214;Welkom_5;09-10-2025;20355210;-5;159.18
108242;Welkom_5;09-10-2025;20355236;-5;284.98
104790;Welkom_5;09-10-2025;20355640;-5;44.5
88174;Welkom_5;10-10-2025;20355970;-5;36.69
103125;Welkom_5;10-10-2025;20356051;-5;110.87
104494;Welkom_5;10-10-2025;20356325;-5;38.94
105653;Welkom_5;10-10-2025;14997;-5;295.99
104264;Welkom_5;10-10-2025;20356085;-5;25.39
100082;Welkom_5;10-10-2025;20356044;-5;4.89
106749;Welkom_5;10-10-2025;20356077;-5;425.37
109564;Welkom_5;11-10-2025;20357257;-5;274.63
90935;Welkom_5;11-10-2025;20356820;-5;189.28
102671;Welkom_5;11-10-2025;20357034;-5;1532.99
103405;Welkom_5;11-10-2025;20357877;-5;224.99
99679;Welkom_5;11-10-2025;20356812;-5;89.62
92544;Welkom_5;11-10-2025;20357554;-5;13.9
102368;Welkom_5;11-10-2025;20356572;-5;174.98
109150;Welkom_5;11-10-2025;20357448;-5;732.06
85554;Welkom_5;11-10-2025;20357349;-5;535.27
107635;Welkom_5;11-10-2025;20357752;-5;197.93
103965;Welkom_5;11-10-2025;20357430;-5;225.44
89522;Welkom_5;12-10-2025;20358230;-5;197.25
94550;Welkom_5;12-10-2025;20358396;-5;548.92
80251;Welkom_5;13-10-2025;20359006;-5;568.8
98797;Welkom_5;13-10-2025;20358842;-5;4.99
89854;Welkom_5;13-10-2025;20358958;-5;117.34
108231;Welkom_5;14-10-2025;20359642;-5;244.98
106331;Welkom_5;14-10-2025;20359774;-5;254.99
95573;Welkom_5;15-10-2025;20360590;-5;259.98
107340;Welkom_5;15-10-2025;20360434;-5;163.46
93178;Welkom_5;15-10-2025;20360178;-5;254.99
104872;Welkom_5;15-10-2025;20360509;-5;104.99
87884;Welkom_5;16-10-2025;20361242;-5;112.76
97018;Welkom_5;16-10-2025;20361176;-5;12.58
90789;Welkom_5;16-10-2025;20361416;-5;115.71
105483;Welkom_5;16-10-2025;20361457;-5;274.98
86643;Welkom_5;16-10-2025;20361101;-5;75.99
89576;Welkom_5;16-10-2025;20360913;-5;17.49
108161;Welkom_5;17-10-2025;20361739;-5;27
95625;Welkom_5;17-10-2025;20361770;-5;93.99
101455;Welkom_5;17-10-2025;20361879;-5;230.38
102675;Welkom_5;17-10-2025;20362257;-5;21.99
108274;Welkom_5;17-10-2025;20362075;-5;321.47
97631;Welkom_5;17-10-2025;20361721;-5;29.99
94292;Welkom_5;17-10-2025;20361846;-5;40.43
107097;Welkom_5;18-10-2025;20362596;-5;230.96
99749;Welkom_5;18-10-2025;20363032;-5;214.99
84481;Welkom_5;18-10-2025;20363057;-5;93.99
103700;Welkom_5;18-10-2025;15006;-5;84.99
104864;Welkom_5;18-10-2025;20362869;-5;192.96
97921;Welkom_5;18-10-2025;20362745;-5;187.47
102305;Welkom_5;18-10-2025;20362653;-5;4.89
76991;Welkom_5;18-10-2025;20362729;-5;59.99
107969;Welkom_5;18-10-2025;20363180;-5;597.59
97288;Welkom_5;18-10-2025;20363289;-5;305.89
86847;Welkom_5;18-10-2025;20363461;-5;139.99
105430;Welkom_5;18-10-2025;20362802;-5;69.46
94560;Welkom_5;19-10-2025;20363891;-5;44.99
107999;Welkom_5;19-10-2025;20363990;-5;444.89
99965;Welkom_5;19-10-2025;20364089;-5;230.49
106657;Welkom_5;20-10-2025;20364774;-5;97.92
92399;Welkom_5;20-10-2025;20364956;-5;36.08
88811;Welkom_5;20-10-2025;20364394;-5;294.99
104571;Welkom_5;20-10-2025;20364451;-5;24.99
85280;Welkom_5;20-10-2025;20364816;-5;42.3
105263;Welkom_5;20-10-2025;20364527;-5;170.97
82033;Welkom_5;21-10-2025;20365037;-5;159.98
104459;Welkom_5;21-10-2025;20365136;-5;24.99
88994;Welkom_5;21-10-2025;20365706;-5;47.94
102642;Welkom_5;21-10-2025;20365029;-5;99.97
106421;Welkom_5;21-10-2025;20365383;-5;36.99
101997;Welkom_5;21-10-2025;20365185;-5;18.38
96666;Welkom_5;21-10-2025;20365433;-5;44.95
89294;Welkom_5;21-10-2025;20365425;-5;134.99
88025;Welkom_5;22-10-2025;20365847;-5;187.27
85416;Welkom_5;23-10-2025;20367140;-5;36.01
95377;Welkom_5;23-10-2025;20367132;-5;135.6
103526;Welkom_5;23-10-2025;20366845;-5;102.99
107957;Welkom_5;23-10-2025;20366860;-5;170.43
95926;Welkom_5;23-10-2025;20366662;-5;454.95
81054;Welkom_5;23-10-2025;20367074;-5;195.44
93457;Welkom_5;23-10-2025;20366886;-5;72.46
108472;Welkom_5;23-10-2025;20367082;-5;134.49
109866;Welkom_5;23-10-2025;20367173;-5;44.99
79266;Welkom_5;24-10-2025;20367934;-5;619.25
108561;Welkom_5;24-10-2025;20367371;-5;38.18
92873;Welkom_5;24-10-2025;20368056;-5;36.37
90936;Welkom_5;24-10-2025;20367850;-5;226.39
88931;Welkom_5;24-10-2025;20368080;-5;329.96
97118;Welkom_5;24-10-2025;20367413;-5;174.99
105994;Welkom_5;24-10-2025;20367454;-5;204.99
80735;Welkom_5;24-10-2025;20367967;-5;103.47
84586;Welkom_5;24-10-2025;20367504;-5;224.97
89974;Welkom_5;24-10-2025;20367926;-5;14.78
105143;Welkom_5;24-10-2025;20368239;-5;44.49
94320;Welkom_5;25-10-2025;20368536;-5;50.17
81160;Welkom_5;25-10-2025;20368528;-5;209.44
96731;Welkom_5;25-10-2025;20369054;-5;64.94
86189;Welkom_5;25-10-2025;20368452;-5;202.99
102923;Welkom_5;25-10-2025;20368700;-5;59.99
101832;Welkom_5;25-10-2025;20369302;-5;7.99
105150;Welkom_5;25-10-2025;20369047;-5;35.49
92794;Welkom_5;25-10-2025;20368791;-5;64.99
102876;Welkom_5;25-10-2025;20368866;-5;24.99
99515;Welkom_5;25-10-2025;20369518;-5;160.95
89326;Welkom_5;25-10-2025;20369021;-5;25.45
98995;Welkom_5;25-10-2025;20368759;-5;235.44
106851;Welkom_5;25-10-2025;20369211;-5;75.98
91674;Welkom_5;25-10-2025;20368387;-5;244.99
85588;Welkom_5;25-10-2025;20368825;-5;289.98
94625;Welkom_5;25-10-2025;20368932;-5;588.93
99556;Welkom_5;25-10-2025;20369617;-5;194.07
97357;Welkom_5;25-10-2025;20369484;-5;281.97
85987;Welkom_5;25-10-2025;20369179;-5;249.98
89963;Welkom_5;25-10-2025;20368924;-5;107.1
81112;Welkom_5;26-10-2025;20370441;-5;1445
105516;Welkom_5;26-10-2025;20370276;-5;194.99
97405;Welkom_5;27-10-2025;20370748;-5;33.99
102280;Welkom_5;27-10-2025;20370649;-5;9.5
92873;Welkom_5;27-10-2025;20370599;-5;224.99
92729;Welkom_5;27-10-2025;20371084;-5;104.99
97414;Welkom_5;28-10-2025;20371365;-5;39.47
81898;Welkom_5;28-10-2025;20371308;-5;7.58
87158;Welkom_5;28-10-2025;20371456;-5;219.88
97989;Welkom_5;28-10-2025;20371282;-5;8.48
81108;Welkom_5;28-10-2025;20371480;-5;212.55
90137;Welkom_5;28-10-2025;20371407;-5;249.99
94731;Welkom_5;29-10-2025;20372306;-5;89.99
86871;Welkom_5;30-10-2025;20372637;-5;87.94
87925;Welkom_5;30-10-2025;20372629;-5;110
107998;Welkom_5;30-10-2025;20372769;-5;78.63
94139;Welkom_5;30-10-2025;20372546;-5;27.99
90562;Welkom_5;30-10-2025;20372686;-5;162.95
109477;Welkom_5;31-10-2025;20373700;-5;9.36
109273;Welkom_5;31-10-2025;20373114;-5;425.94
100429;Welkom_5;31-10-2025;20373494;-5;17.99
81932;Welkom_5;31-10-2025;20373452;-5;305.94
107898;Welkom_5;01-11-2025;20375259;-5;44.49
91921;Welkom_5;01-11-2025;20375267;-5;44.49
103647;Welkom_5;01-11-2025;20374609;-5;245.44
103006;Welkom_5;01-11-2025;20374377;-5;109.98
106182;Welkom_5;01-11-2025;20374674;-5;34.99
96409;Welkom_5;01-11-2025;20374716;-5;139.96
89100;Welkom_5;01-11-2025;20375366;-5;89.97
107687;Welkom_5;01-11-2025;20375275;-5;540.88
94206;Welkom_5;01-11-2025;20374245;-5;389.39
84075;Welkom_5;01-11-2025;20374666;-5;244.99
103084;Welkom_5;01-11-2025;20375200;-5;254.98
104279;Welkom_5;01-11-2025;20375218;-5;19.98
89311;Welkom_5;01-11-2025;20374310;-5;264.96
95712;Welkom_5;01-11-2025;20374757;-5;54.99
104269;Welkom_5;02-11-2025;20375572;-5;0.39
97759;Welkom_5;02-11-2025;20376117;-5;1374.96
98315;Welkom_5;02-11-2025;20376158;-5;184.99
85589;Welkom_5;02-11-2025;20375499;-5;26.12
100386;Welkom_5;02-11-2025;20376018;-5;45.38
80442;Welkom_5;03-11-2025;20376448;-5;526.95
102011;Welkom_5;03-11-2025;20376471;-5;246.58
101781;Welkom_5;03-11-2025;20376505;-5;118.46
97671;Welkom_5;04-11-2025;20376786;-5;176.68
97546;Welkom_5;05-11-2025;20377818;-5;344.91
92938;Welkom_5;05-11-2025;20377396;-5;285.43
104920;Welkom_5;06-11-2025;20377933;-5;104.95
92611;Welkom_5;07-11-2025;20379103;-5;560.92
96213;Welkom_5;07-11-2025;20378659;-5;97.44
94250;Welkom_5;07-11-2025;20378824;-5;145.69
89996;Welkom_5;08-11-2025;20380630;-5;201.28
88265;Welkom_5;08-11-2025;20379467;-5;87.94
81367;Welkom_5;08-11-2025;20379319;-5;66.99
102373;Welkom_5;08-11-2025;20380572;-5;125.48
87590;Welkom_5;08-11-2025;20380234;-5;185.79
105030;Welkom_5;08-11-2025;20379871;-5;14.79
86125;Welkom_5;08-11-2025;20379368;-5;49.98
96975;Welkom_5;08-11-2025;20380028;-5;56.98
107078;Welkom_5;08-11-2025;20379772;-5;214.98
97304;Welkom_5;08-11-2025;20380085;-5;78.36
105953;Welkom_5;08-11-2025;20379624;-5;17.99
91886;Welkom_5;09-11-2025;20380861;-5;526.54
108401;Welkom_5;09-11-2025;20380762;-5;21.99
83991;Welkom_5;10-11-2025;20381687;-5;49.99
90936;Welkom_5;10-11-2025;20381794;-5;154
101340;Welkom_5;10-11-2025;20381570;-5;63.48
87868;Welkom_5;10-11-2025;20381984;-5;104.99
82924;Welkom_5;10-11-2025;20381554;-5;294.99
100455;Welkom_5;10-11-2025;20381638;-5;111.43
95111;Welkom_5;11-11-2025;20382545;-5;170
80684;Welkom_5;11-11-2025;20382271;-5;505.43
94771;Welkom_5;12-11-2025;20382990;-5;13.89
99794;Welkom_5;12-11-2025;20382941;-5;64.98
94552;Welkom_5;13-11-2025;20383535;-5;171.79
97666;Welkom_5;13-11-2025;20383808;-5;107.98
106447;Welkom_5;13-11-2025;20383303;-5;97.69
106729;Welkom_5;13-11-2025;20383774;-5;71.49
94802;Welkom_5;13-11-2025;20383238;-5;4.84
102529;Welkom_5;13-11-2025;20383279;-5;35.99
87319;Welkom_5;13-11-2025;20383287;-5;11.16
96795;Welkom_5;14-11-2025;20384533;-5;252.98
85542;Welkom_5;14-11-2025;20384129;-5;224.89
101908;Welkom_5;14-11-2025;20384830;-5;70
88100;Welkom_5;14-11-2025;20384723;-5;125
95204;Welkom_5;14-11-2025;20384798;-5;55.78
109337;Welkom_5;14-11-2025;20384087;-5;40.84
96013;Welkom_5;14-11-2025;20384954;-5;735.48
95774;Welkom_5;14-11-2025;20384285;-5;94.99
89113;Welkom_5;14-11-2025;20383998;-5;17.49
95998;Welkom_5;14-11-2025;20384582;-5;89.97
103973;Welkom_5;14-11-2025;20384715;-5;164.99
106167;Welkom_5;15-11-2025;20385696;-5;155.99
80630;Welkom_5;15-11-2025;20385977;-5;69.99
82657;Welkom_5;15-11-2025;20386009;-5;415.96
88080;Welkom_5;15-11-2025;20385258;-5;40.5
94748;Welkom_5;15-11-2025;20386199;-5;25
89265;Welkom_5;15-11-2025;20386116;-5;10
95892;Welkom_5;15-11-2025;20385076;-5;44.99
80345;Welkom_5;15-11-2025;20385779;-5;71.48
107652;Welkom_5;15-11-2025;20386389;-5;51.9
100232;Welkom_5;15-11-2025;20386272;-5;29.97
86269;Welkom_5;15-11-2025;20386124;-5;137.98
89254;Welkom_5;16-11-2025;20387031;-5;72.53
95311;Welkom_5;16-11-2025;20386819;-5;224.96
95364;Welkom_5;16-11-2025;20386827;-5;92.68
104358;Welkom_5;16-11-2025;20386892;-5;18.98
101391;Welkom_5;16-11-2025;20387098;-5;68.98
98422;Welkom_5;17-11-2025;20387346;-5;304.99
108254;Welkom_5;17-11-2025;20387858;-5;27.32
91131;Welkom_5;17-11-2025;20387544;-5;86.96
90460;Welkom_5;17-11-2025;20387775;-5;104.98
87744;Welkom_5;17-11-2025;20387478;-5;568.94
97952;Welkom_5;17-11-2025;20387569;-5;192.7
101267;Welkom_5;17-11-2025;20387734;-5;35.45
105208;Welkom_5;17-11-2025;20387668;-5;109.85
104468;Welkom_5;17-11-2025;20387791;-5;30.99
93816;Welkom_5;17-11-2025;20387502;-5;62.25
95239;Welkom_5;18-11-2025;20388104;-5;12.99
109673;Welkom_5;18-11-2025;20387965;-5;149.72
97835;Welkom_5;19-11-2025;20389292;-5;112.98
103260;Welkom_5;19-11-2025;20389037;-5;144.99
86861;Welkom_5;19-11-2025;20388815;-5;19.99
80828;Welkom_5;19-11-2025;15030;-5;95
98263;Welkom_5;19-11-2025;20389094;-5;384.97
108502;Welkom_5;20-11-2025;20465753;-5;85.26
90555;Welkom_5;20-11-2025;20389730;-5;24.76
85983;Welkom_5;20-11-2025;20465969;-5;155.98
98632;Welkom_5;20-11-2025;20390555;-5;1084.61
101529;Welkom_5;20-11-2025;20465787;-5;34.99
99066;Welkom_5;20-11-2025;20389722;-5;167.47
85733;Welkom_5;20-11-2025;20390621;-5;190.99
88463;Welkom_5;20-11-2025;20390720;-5;219.95
80448;Welkom_5;20-11-2025;20389615;-5;137.73
97591;Welkom_5;20-11-2025;20390431;-5;473
90938;Welkom_5;20-11-2025;20514444;-5;26.99
109946;Welkom_5;20-11-2025;20390605;-5;184.56
89458;Welkom_5;20-11-2025;15031;-5;18.99
98178;Welkom_5;20-11-2025;20390878;-5;101.96
94368;Welkom_5;20-11-2025;20514410;-5;493.13
98306;Welkom_5;20-11-2025;20465852;-5;465.72
105796;Welkom_5;20-11-2025;20389698;-5;70.77
85426;Welkom_5;20-11-2025;20465977;-5;310.35
93780;Welkom_5;21-11-2025;20391553;-5;123.27
106112;Welkom_5;21-11-2025;20391306;-5;129.36
85970;Welkom_5;21-11-2025;20391967;-5;202.72
98062;Welkom_5;21-11-2025;20391744;-5;84.99
91353;Welkom_5;21-11-2025;20391702;-5;335.44
101545;Welkom_5;21-11-2025;20391538;-5;29.99
104120;Welkom_5;21-11-2025;20391751;-5;436.92
99197;Welkom_5;21-11-2025;20391470;-5;224.99
96584;Welkom_5;21-11-2025;20392098;-5;75.98
95124;Welkom_5;22-11-2025;20466256;-5;190.49
100982;Welkom_5;22-11-2025;20392627;-5;519.42
97942;Welkom_5;22-11-2025;20392742;-5;46.28
107677;Welkom_5;22-11-2025;20392940;-5;67.97
104774;Welkom_5;22-11-2025;20392841;-5;141.98
93169;Welkom_5;22-11-2025;20393906;-5;266.97
104376;Welkom_5;22-11-2025;20393435;-5;62.98
82141;Welkom_5;22-11-2025;20394409;-5;563.64
97128;Welkom_5;22-11-2025;20393948;-5;44.23
97430;Welkom_5;22-11-2025;20392890;-5;1134.91
80211;Welkom_5;22-11-2025;20394268;-5;699.6
101931;Welkom_5;22-11-2025;20392924;-5;458.94
91973;Welkom_5;22-11-2025;20392502;-5;168.46
86413;Welkom_5;23-11-2025;20394920;-5;103.66
97776;Welkom_5;23-11-2025;20466678;-5;399.48
90596;Welkom_5;24-11-2025;20396156;-5;58.43
98155;Welkom_5;24-11-2025;20395950;-5;93.99
95046;Welkom_5;25-11-2025;20396537;-5;695
88095;Welkom_5;25-11-2025;20396933;-5;75.94
80540;Welkom_5;26-11-2025;20397030;-5;459.94
95057;Welkom_5;26-11-2025;20397006;-5;151.57
108264;Welkom_5;26-11-2025;20397543;-5;185.98
91139;Welkom_5;26-11-2025;20398046;-5;146.18
109691;Welkom_5;26-11-2025;20397964;-5;146.86
101700;Welkom_5;27-11-2025;20398335;-5;179.97
104017;Welkom_5;27-11-2025;20398616;-5;34.99
85708;Welkom_5;28-11-2025;20399663;-5;233.96
104902;Welkom_5;28-11-2025;20399622;-5;22.98
100628;Welkom_5;28-11-2025;20399036;-5;150.76
101693;Welkom_5;28-11-2025;20399598;-5;23.3
81339;Welkom_5;29-11-2025;20300729;-5;200.97
106229;Welkom_5;29-11-2025;20301271;-5;24.99
109287;Welkom_5;29-11-2025;20301156;-5;72.98
89061;Welkom_5;29-11-2025;20301453;-5;11.18
85948;Welkom_5;29-11-2025;20300661;-5;187.64
108205;Welkom_5;29-11-2025;20301479;-5;505.93
109849;Welkom_5;29-11-2025;20301230;-5;26.91
105996;Welkom_5;29-11-2025;20301081;-5;84.99
101614;Welkom_5;29-11-2025;20301008;-5;94.99
95634;Welkom_5;30-11-2025;20302188;-5;1619.84
106550;Welkom_5;30-11-2025;20301776;-5;202.47
107699;Welkom_5;30-11-2025;20301628;-5;264.99
95774;Welkom_5;01-12-2025;20302683;-5;94.99
100181;Welkom_5;01-12-2025;20302550;-5;484.95
97993;Welkom_5;01-12-2025;20303079;-5;102.99
81339;Welkom_5;01-12-2025;20302774;-5;84.99
85315;Welkom_5;01-12-2025;20302626;-5;160.7
105039;Welkom_5;01-12-2025;20303129;-5;26.93
83917;Welkom_5;02-12-2025;20303574;-5;33.98
101090;Welkom_5;02-12-2025;20303350;-5;43.98
94397;Welkom_5;03-12-2025;20305033;-5;120.96
92932;Welkom_5;03-12-2025;20304655;-5;211.18
83898;Welkom_5;03-12-2025;20304770;-5;34.99
82149;Welkom_5;03-12-2025;20304937;-5;12.99
106654;Welkom_5;04-12-2025;20305215;-5;69.98
91203;Welkom_5;04-12-2025;20305926;-5;42.99
92413;Welkom_5;04-12-2025;20305876;-5;225.99
85405;Welkom_5;04-12-2025;20305447;-5;489.94
84296;Welkom_5;05-12-2025;20306973;-5;69.19
95745;Welkom_5;05-12-2025;20307021;-5;319.93
87299;Welkom_5;05-12-2025;20307229;-5;13.89
105677;Welkom_5;05-12-2025;20306221;-5;222.46
87913;Welkom_5;05-12-2025;20306387;-5;184.98
97625;Welkom_5;06-12-2025;20308227;-5;94.99
85407;Welkom_5;06-12-2025;20309035;-5;494.99
84203;Welkom_5;06-12-2025;20308714;-5;94.99
93083;Welkom_5;06-12-2025;20308532;-5;112.98
85860;Welkom_5;06-12-2025;20308219;-5;138.48
97503;Welkom_5;06-12-2025;20309118;-5;146.98
87257;Welkom_5;06-12-2025;20308631;-5;270.51
101197;Welkom_5;07-12-2025;20309852;-5;739.93
88360;Welkom_5;07-12-2025;20309456;-5;60.46
105948;Welkom_5;07-12-2025;20309688;-5;42.68
107983;Welkom_5;07-12-2025;20309571;-5;374.99
98042;Welkom_5;08-12-2025;20310140;-5;8.49
91739;Welkom_5;08-12-2025;20310108;-5;95.97
105578;Welkom_5;08-12-2025;20310306;-5;12.99
103629;Welkom_5;08-12-2025;20310256;-5;39.95
94817;Welkom_5;08-12-2025;20309977;-5;194.95
84336;Welkom_5;08-12-2025;20310033;-5;54.97
85049;Welkom_5;08-12-2025;20310280;-5;80.49
106046;Welkom_5;08-12-2025;20310215;-5;194.99
93777;Welkom_5;08-12-2025;20310058;-5;50.49
106328;Welkom_5;08-12-2025;20310421;-5;54.99
80882;Welkom_5;09-12-2025;20310975;-5;219.28
98617;Welkom_5;10-12-2025;20311783;-5;696.42
98061;Welkom_5;11-12-2025;20311957;-5;87.95
94339;Welkom_5;11-12-2025;20312344;-5;131.06
85923;Welkom_5;11-12-2025;20312484;-5;51.87
88276;Welkom_5;11-12-2025;20312542;-5;211.91
98686;Welkom_5;11-12-2025;20312443;-5;110.66
100997;Welkom_5;12-12-2025;20313342;-5;34.98
90747;Welkom_5;12-12-2025;20313623;-5;39.84
95693;Welkom_5;13-12-2025;20315222;-5;419.94
91452;Welkom_5;13-12-2025;20314647;-5;190.13
90275;Welkom_5;13-12-2025;20315644;-5;169.97
99128;Welkom_5;13-12-2025;20314878;-5;60
102453;Welkom_5;13-12-2025;20314811;-5;76.45
85623;Welkom_5;13-12-2025;20315362;-5;343.43
107330;Welkom_5;13-12-2025;20315453;-5;98.98
109095;Welkom_5;13-12-2025;20315164;-5;305.44
82148;Welkom_5;13-12-2025;20315065;-5;125.24
107984;Welkom_5;13-12-2025;20314563;-5;189.99
92971;Welkom_5;13-12-2025;20314357;-5;509.95
106754;Welkom_5;14-12-2025;20315966;-5;841.93
89020;Welkom_5;14-12-2025;20315750;-5;30.09
87823;Welkom_5;14-12-2025;20315925;-5;64.99
107577;Welkom_5;15-12-2025;20316964;-5;64.49
107241;Welkom_5;15-12-2025;20317285;-5;854.88
94665;Welkom_5;15-12-2025;20316857;-5;119.98
96846;Welkom_5;15-12-2025;20316600;-5;98.86
81344;Welkom_5;16-12-2025;20317442;-5;194.28
109714;Welkom_5;16-12-2025;20317681;-5;1059.91
94944;Welkom_5;17-12-2025;20318614;-5;143.34
104700;Welkom_5;17-12-2025;20318200;-5;211.57
99649;Welkom_5;17-12-2025;20318085;-5;26.45
86837;Welkom_5;18-12-2025;20319133;-5;163.59
105028;Welkom_5;18-12-2025;20318994;-5;542.18
104268;Welkom_5;18-12-2025;20319547;-5;84.75
100803;Welkom_5;18-12-2025;15076;-5;224.99
87882;Welkom_5;18-12-2025;20319331;-5;875.31
100137;Welkom_5;18-12-2025;20319612;-5;309.48
105464;Welkom_5;18-12-2025;20319349;-5;130
97303;Welkom_5;18-12-2025;20319125;-5;26.45
108962;Welkom_5;18-12-2025;20319521;-5;106.97
103609;Welkom_5;19-12-2025;20320156;-5;28.8
77976;Welkom_5;19-12-2025;20319877;-5;272.63
85017;Welkom_5;19-12-2025;20320115;-5;94.99
108814;Welkom_5;19-12-2025;15078;-5;96.9
101213;Welkom_5;19-12-2025;20320107;-5;54.38
92658;Welkom_5;20-12-2025;20322004;-5;335.74
86137;Welkom_5;20-12-2025;20321709;-5;35.65
104610;Welkom_5;20-12-2025;20321006;-5;992.82
100853;Welkom_5;20-12-2025;20321584;-5;152.66
107676;Welkom_5;20-12-2025;20321550;-5;177.47
105583;Welkom_5;21-12-2025;20322871;-5;29.99
93490;Welkom_5;21-12-2025;20322657;-5;746.91
102356;Welkom_5;21-12-2025;20322681;-5;204.94
89666;Welkom_5;21-12-2025;20322640;-5;129.99
99310;Welkom_5;21-12-2025;20323135;-5;13.89
103144;Welkom_5;21-12-2025;20322863;-5;36.99
99641;Welkom_5;21-12-2025;20323234;-5;12.98
99310;Welkom_5;21-12-2025;20322996;-5;12.99
106937;Welkom_5;21-12-2025;20323036;-5;424.97
96672;Welkom_5;22-12-2025;20323382;-5;74.94
93090;Welkom_5;22-12-2025;20323812;-5;84.98
92551;Welkom_5;22-12-2025;20324265;-5;149
91746;Welkom_5;22-12-2025;20323614;-5;229.98
105376;Welkom_5;22-12-2025;20324083;-5;254.98
87614;Welkom_5;22-12-2025;20323770;-5;322.96
88479;Welkom_5;22-12-2025;20323663;-5;74.95
94664;Welkom_5;22-12-2025;20323929;-5;174.98
85003;Welkom_5;22-12-2025;20323903;-5;285.47
94664;Welkom_5;22-12-2025;20324125;-5;-5
87393;Welkom_5;23-12-2025;20325098;-5;454.98
87170;Welkom_5;23-12-2025;20325361;-5;70.96
94803;Welkom_5;23-12-2025;20324984;-5;43.58
87956;Welkom_5;23-12-2025;20325726;-5;356.01
99773;Welkom_5;24-12-2025;20326252;-5;405.53
103299;Welkom_5;24-12-2025;20326237;-5;34.58
99743;Welkom_5;27-12-2025;20327755;-5;93.99
90808;Welkom_5;27-12-2025;20328829;-5;90
85632;Welkom_5;28-12-2025;20330320;-5;179.98
106277;Welkom_5;28-12-2025;20330031;-5;160.98
85117;Welkom_5;29-12-2025;20331815;-5;509.94
95351;Welkom_5;29-12-2025;20330965;-5;157.94
90732;Welkom_5;29-12-2025;20331419;-5;43.58
82473;Welkom_5;29-12-2025;20331757;-5;329.98
96097;Welkom_5;29-12-2025;20330783;-5;439.94
86237;Welkom_5;29-12-2025;20331674;-5;70.16
82816;Welkom_5;29-12-2025;20332227;-5;374.98
100799;Welkom_5;29-12-2025;20332243;-5;74.99
109989;Welkom_5;29-12-2025;20330874;-5;329.95
87385;Welkom_5;29-12-2025;20330825;-5;235.44
90940;Welkom_5;29-12-2025;20331443;-5;273.57
84122;Welkom_5;29-12-2025;20332250;-5;575.93
83666;Welkom_5;30-12-2025;20333878;-5;439.94
97196;Welkom_5;30-12-2025;20333167;-5;344.98
94904;Welkom_5;30-12-2025;20334124;-5;1300.04
100639;Welkom_5;30-12-2025;20333381;-5;68.78
100195;Welkom_5;30-12-2025;20333332;-5;261.7
88542;Welkom_5;30-12-2025;20332938;-5;537.44
85876;Welkom_5;30-12-2025;20334017;-5;294.98
102156;Welkom_5;30-12-2025;20334066;-5;471.98
89209;Welkom_5;30-12-2025;20333852;-5;505.94
109723;Welkom_5;30-12-2025;20333050;-5;983.98
98886;Welkom_5;30-12-2025;20333241;-5;120.98
95020;Welkom_5;31-12-2025;20334561;-5;239.98
104079;Welkom_5;31-12-2025;20334637;-5;218.48
107654;Welkom_5;31-12-2025;20335261;-5;39.95
87009;Welkom_5;02-01-2026;20336426;-5;214.74
92711;Welkom_5;02-01-2026;20337242;-5;39.99
95274;Welkom_5;02-01-2026;15091;-5;344.98
80144;Welkom_5;02-01-2026;20469524;-5;244.99
101185;Welkom_5;02-01-2026;20336541;-5;374.96
106303;Welkom_5;02-01-2026;20336236;-5;250.97
105328;Welkom_5;02-01-2026;20335840;-5;270.46
109563;Welkom_5;02-01-2026;20336244;-5;60.07
99043;Welkom_5;02-01-2026;20336061;-5;305
99029;Welkom_5;02-01-2026;20336103;-5;1002.9
100015;Welkom_5;02-01-2026;20336780;-5;249.83
84839;Welkom_5;02-01-2026;20337010;-5;235.44
90476;Welkom_5;02-01-2026;20469466;-5;1190.95
99921;Welkom_5;03-01-2026;20337473;-5;243.57
93925;Welkom_5;03-01-2026;20339065;-5;316.9
88682;Welkom_5;03-01-2026;20339008;-5;84.98
105367;Welkom_5;03-01-2026;20338646;-5;131.18
85670;Welkom_5;03-01-2026;20338851;-5;35.05
88439;Welkom_5;03-01-2026;20337507;-5;124.96
90893;Welkom_5;03-01-2026;20337481;-5;559.97
101576;Welkom_5;03-01-2026;20338448;-5;406.96
99835;Welkom_5;03-01-2026;20337887;-5;179.99
96385;Welkom_5;04-01-2026;20339206;-5;167.97
98300;Welkom_5;04-01-2026;20339164;-5;259.97
101539;Welkom_5;04-01-2026;20339503;-5;48.99
89926;Welkom_5;04-01-2026;20339792;-5;264.99
91368;Welkom_5;05-01-2026;20340451;-5;44.99
86062;Welkom_5;05-01-2026;20340808;-5;205.93
87200;Welkom_5;05-01-2026;20340527;-5;119.98
90564;Welkom_5;05-01-2026;20340352;-5;64.99
91719;Welkom_5;06-01-2026;20341921;-5;170.95
105144;Welkom_5;06-01-2026;15103;-5;99.98
81403;Welkom_5;06-01-2026;20342002;-5;399.99
100083;Welkom_5;06-01-2026;20341319;-5;876.43
94168;Welkom_5;06-01-2026;20342051;-5;504.97
107982;Welkom_5;06-01-2026;20342135;-5;279.28
106764;Welkom_5;07-01-2026;20342242;-5;189.02
87989;Welkom_5;08-01-2026;20343349;-5;229.92
91611;Welkom_5;08-01-2026;20343232;-5;414.27
93356;Welkom_5;08-01-2026;20343364;-5;218.99
102647;Welkom_5;08-01-2026;20343554;-5;114.98
92632;Welkom_5;08-01-2026;20343422;-5;49.99
101753;Welkom_5;08-01-2026;20343638;-5;82.94
103778;Welkom_5;08-01-2026;20343166;-5;139.28
92154;Welkom_5;08-01-2026;20343604;-5;305.43
92755;Welkom_5;08-01-2026;20343562;-5;114.99
95194;Welkom_5;08-01-2026;20343695;-5;114.99
97062;Welkom_5;09-01-2026;20344438;-5;97.89
90116;Welkom_5;09-01-2026;20469730;-5;347.46
84125;Welkom_5;09-01-2026;20344131;-5;74.99
93586;Welkom_5;09-01-2026;20344453;-5;26.45
105624;Welkom_5;09-01-2026;20344503;-5;229.99
90453;Welkom_5;09-01-2026;20345112;-5;534.94
95938;Welkom_5;09-01-2026;20344685;-5;195.98
95501;Welkom_5;10-01-2026;20346177;-5;369.28
107296;Welkom_5;10-01-2026;20345294;-5;204.98
84942;Welkom_5;10-01-2026;20345666;-5;254.98
95075;Welkom_5;10-01-2026;20346250;-5;544.95
86356;Welkom_5;10-01-2026;20347258;-5;329.28
100540;Welkom_5;10-01-2026;20345450;-5;174.99
86571;Welkom_5;10-01-2026;20347209;-5;170
105406;Welkom_5;10-01-2026;20346862;-5;219.96
93814;Welkom_5;10-01-2026;20345658;-5;594.97
90315;Welkom_5;10-01-2026;20345674;-5;539.94
98066;Welkom_5;10-01-2026;20346375;-5;36.93
85384;Welkom_5;10-01-2026;20345849;-5;152.47
93403;Welkom_5;10-01-2026;20346540;-5;66.94
107719;Welkom_5;10-01-2026;20346656;-5;730.97
81201;Welkom_5;10-01-2026;20345773;-5;784.97
105086;Welkom_5;10-01-2026;20346516;-5;131.97
93293;Welkom_5;10-01-2026;20347035;-5;653.89
107071;Welkom_5;10-01-2026;20346532;-5;120.45
107681;Welkom_5;10-01-2026;20346110;-5;16.99
93613;Welkom_5;10-01-2026;20346136;-5;344.98
93453;Welkom_5;10-01-2026;20345898;-5;35.49
109947;Welkom_5;10-01-2026;20345328;-5;594.69
103991;Welkom_5;11-01-2026;20347431;-5;99.18
95570;Welkom_5;11-01-2026;20348256;-5;104.99
95178;Welkom_5;11-01-2026;20347688;-5;46.08
95806;Welkom_5;11-01-2026;20347886;-5;103.97
102180;Welkom_5;11-01-2026;20347480;-5;118.98
83709;Welkom_5;11-01-2026;20348223;-5;382.95
108263;Welkom_5;11-01-2026;20348363;-5;74.99
86376;Welkom_5;11-01-2026;20347761;-5;74.99
105249;Welkom_5;11-01-2026;20348207;-5;464.96
87042;Welkom_5;11-01-2026;20348355;-5;743.89
100924;Welkom_5;11-01-2026;20347498;-5;169.99
102270;Welkom_5;11-01-2026;20347548;-5;174.99
98526;Welkom_5;11-01-2026;20347464;-5;57.98
93179;Welkom_5;11-01-2026;20347829;-5;30
100441;Welkom_5;11-01-2026;20347837;-5;171.88
86511;Welkom_5;11-01-2026;20347522;-5;114.98
99913;Welkom_5;11-01-2026;20347514;-5;22.99
84250;Welkom_5;12-01-2026;20348652;-5;94.98
81468;Welkom_5;12-01-2026;20348595;-5;93.99
95753;Welkom_5;12-01-2026;20349064;-5;35.45
81568;Welkom_5;12-01-2026;20348736;-5;134.98
102005;Welkom_5;12-01-2026;20348603;-5;503.55
89279;Welkom_5;12-01-2026;20348488;-5;39.99
99747;Welkom_5;12-01-2026;20348637;-5;469.96
89534;Welkom_5;12-01-2026;20348751;-5;799.91
93914;Welkom_5;12-01-2026;20349098;-5;22.99
87837;Welkom_5;13-01-2026;20349643;-5;194.99
92147;Welkom_5;13-01-2026;20349668;-5;95
84195;Welkom_5;13-01-2026;20349825;-5;196.92
104474;Welkom_5;13-01-2026;20349908;-5;132.97
89200;Welkom_5;13-01-2026;20349965;-5;48.36
84720;Welkom_5;14-01-2026;20350823;-5;1186.87
99622;Welkom_5;14-01-2026;20350211;-5;241.86
103919;Welkom_5;14-01-2026;20350054;-5;116.89
96633;Welkom_5;14-01-2026;20350302;-5;15.08
91490;Welkom_5;14-01-2026;20350583;-5;130.76
100480;Welkom_5;15-01-2026;20351003;-5;102.56
91462;Welkom_5;15-01-2026;20351144;-5;161.95
104693;Welkom_5;15-01-2026;20351060;-5;94.93
94025;Welkom_5;15-01-2026;20351243;-5;56.18
95901;Welkom_5;15-01-2026;20351177;-5;254.99
87037;Welkom_5;16-01-2026;20352373;-5;86.99
85994;Welkom_5;16-01-2026;20352027;-5;593.47
92215;Welkom_5;16-01-2026;20352712;-5;229.94
86409;Welkom_5;16-01-2026;20352480;-5;109.94
94345;Welkom_5;16-01-2026;20352860;-5;31.88
106740;Welkom_5;17-01-2026;20354106;-5;46.18
93142;Welkom_5;17-01-2026;20353199;-5;409.94
98676;Welkom_5;17-01-2026;20354254;-5;579.93
108859;Welkom_5;17-01-2026;20353660;-5;274.98
91569;Welkom_5;17-01-2026;20353124;-5;144.9
92272;Welkom_5;17-01-2026;20354684;-5;61.49
95991;Welkom_5;17-01-2026;20354015;-5;44.99
97604;Welkom_5;17-01-2026;20354031;-5;74.99
105203;Welkom_5;17-01-2026;20354007;-5;134.98
107181;Welkom_5;17-01-2026;20353058;-5;135.44
86468;Welkom_5;17-01-2026;20353553;-5;233.45
96835;Welkom_5;17-01-2026;20354114;-5;252.97
90625;Welkom_5;17-01-2026;20353603;-5;187.67
89833;Welkom_5;17-01-2026;20354205;-5;66.99
109782;Welkom_5;17-01-2026;20354049;-5;4
99929;Welkom_5;17-01-2026;20353272;-5;86.55
107079;Welkom_5;17-01-2026;20354650;-5;77.14
90587;Welkom_5;18-01-2026;20355491;-5;170.97
104489;Welkom_5;18-01-2026;20354981;-5;164.99
108186;Welkom_5;19-01-2026;20356697;-5;116.97
100210;Welkom_5;19-01-2026;20356549;-5;29.99
109706;Welkom_5;19-01-2026;20356051;-5;224.98
98291;Welkom_5;19-01-2026;20356424;-5;11.99
104274;Welkom_5;19-01-2026;20356150;-5;200.98
85343;Welkom_5;19-01-2026;20356440;-5;94.98
109574;Welkom_5;20-01-2026;15132;-5;94.99
97745;Welkom_5;20-01-2026;20357356;-5;110.47
91847;Welkom_5;20-01-2026;20356986;-5;569.95
80648;Welkom_5;20-01-2026;20357455;-5;151.66
82098;Welkom_5;21-01-2026;20358362;-5;9.39
94429;Welkom_5;21-01-2026;20358016;-5;60.2
89325;Welkom_5;21-01-2026;20357927;-5;11.99
101742;Welkom_5;21-01-2026;20357711;-5;39.79
102937;Welkom_5;21-01-2026;20358628;-5;101.99
100740;Welkom_5;21-01-2026;20358495;-5;58.71
98988;Welkom_5;22-01-2026;20359402;-5;766.36
103356;Welkom_5;23-01-2026;20360707;-5;220.97
103066;Welkom_5;23-01-2026;20360293;-5;224.99
95986;Welkom_5;23-01-2026;20359881;-5;271.53
109020;Welkom_5;23-01-2026;20360335;-5;12.99
108453;Welkom_5;23-01-2026;20359931;-5;94.99
96382;Welkom_5;23-01-2026;20360392;-5;524.94
104338;Welkom_5;23-01-2026;20360889;-5;820.87
100719;Welkom_5;23-01-2026;20359964;-5;104.42
98836;Welkom_5;23-01-2026;20360467;-5;41.37
95823;Welkom_5;24-01-2026;20362505;-5;57.9
104633;Welkom_5;24-01-2026;20362497;-5;126.65
103323;Welkom_5;24-01-2026;20361747;-5;115.37
107631;Welkom_5;24-01-2026;20361150;-5;154.99
88630;Welkom_5;24-01-2026;20361259;-5;75.21
108612;Welkom_5;24-01-2026;20361267;-5;254.98
86971;Welkom_5;24-01-2026;20361549;-5;246.53
108468;Welkom_5;24-01-2026;20470282;-5;491.88
103441;Welkom_5;24-01-2026;20361341;-5;234.99
100456;Welkom_5;24-01-2026;20519005;-5;154.98
84321;Welkom_5;24-01-2026;20361184;-5;601.93
85801;Welkom_5;24-01-2026;20361762;-5;344.9
98037;Welkom_5;24-01-2026;20362141;-5;344.98
90081;Welkom_5;24-01-2026;20362653;-5;761.09
95121;Welkom_5;24-01-2026;20362729;-5;439.97
82446;Welkom_5;24-01-2026;20361879;-5;46.98
100677;Welkom_5;24-01-2026;20362026;-5;124.97
109799;Welkom_5;24-01-2026;20361499;-5;201.48
98782;Welkom_5;24-01-2026;20362588;-5;289.97
102992;Welkom_5;24-01-2026;20361580;-5;215.37
102548;Welkom_5;24-01-2026;20362596;-5;129.99
101582;Welkom_5;24-01-2026;20361408;-5;44.99
97308;Welkom_5;24-01-2026;20362661;-5;394.99
107674;Welkom_5;24-01-2026;20362943;-5;161.93
83940;Welkom_5;24-01-2026;20361556;-5;1184.91
109876;Welkom_5;24-01-2026;20362315;-5;57.9
95369;Welkom_5;25-01-2026;20363412;-5;484.99
93880;Welkom_5;25-01-2026;20363925;-5;995.91
108196;Welkom_5;25-01-2026;20363594;-5;834.91
90738;Welkom_5;25-01-2026;20363339;-5;99.98
84037;Welkom_5;25-01-2026;20363495;-5;1240.21
79761;Welkom_5;26-01-2026;20364238;-5;138.97
92653;Welkom_5;26-01-2026;20364667;-5;116.98
108269;Welkom_5;26-01-2026;20364279;-5;57.94
106564;Welkom_5;26-01-2026;20364410;-5;254.99
109327;Welkom_5;26-01-2026;20364956;-5;39.09
103167;Welkom_5;26-01-2026;20364519;-5;44.98
93657;Welkom_5;26-01-2026;20364790;-5;110.98
108353;Welkom_5;26-01-2026;20364196;-5;52.15
88748;Welkom_5;27-01-2026;20365433;-5;418.26
89148;Welkom_5;27-01-2026;20365193;-5;305.07
94813;Welkom_5;27-01-2026;20365425;-5;233.26
88375;Welkom_5;28-01-2026;20366134;-5;57.9
87027;Welkom_5;28-01-2026;20366340;-5;48.98
89286;Welkom_5;28-01-2026;20366449;-5;280.95
99565;Welkom_5;28-01-2026;20366423;-5;872.12
107726;Welkom_5;28-01-2026;20366357;-5;4.99
97938;Welkom_5;28-01-2026;20366373;-5;94.99
80797;Welkom_5;29-01-2026;20367355;-5;234.99
94850;Welkom_5;29-01-2026;20367447;-5;175.99
106395;Welkom_5;29-01-2026;20366985;-5;539.94
99405;Welkom_5;29-01-2026;20367215;-5;95
107315;Welkom_5;29-01-2026;20367108;-5;47.43
87672;Welkom_5;29-01-2026;20367280;-5;290.44
88954;Welkom_5;29-01-2026;20367397;-5;17.5
99805;Welkom_5;29-01-2026;20367272;-5;352.95
109835;Welkom_5;30-01-2026;20368684;-5;336.94
93418;Welkom_5;30-01-2026;20368643;-5;106.56
98897;Welkom_5;30-01-2026;20367736;-5;81.06
91291;Welkom_5;30-01-2026;20368528;-5;43.58
93980;Welkom_5;30-01-2026;20368312;-5;188.97
104283;Welkom_5;31-01-2026;20471009;-5;151.48
89266;Welkom_5;31-01-2026;20369740;-5;134.88
99077;Welkom_5;31-01-2026;20370276;-5;69.44
84621;Welkom_5;31-01-2026;20370326;-5;1004.93
91735;Welkom_5;31-01-2026;20370516;-5;208.97
91594;Welkom_5;31-01-2026;20369435;-5;81.48
101682;Welkom_5;31-01-2026;20369732;-5;259.98
87809;Welkom_5;31-01-2026;20369351;-5;197.98
95404;Welkom_5;31-01-2026;20370094;-5;77.47
107244;Welkom_5;31-01-2026;20369997;-5;377.16
88123;Welkom_5;31-01-2026;20370292;-5;179.48
103883;Welkom_5;31-01-2026;20370730;-5;548.97
88092;Welkom_5;31-01-2026;20369658;-5;1700.88
98071;Welkom_5;31-01-2026;20470704;-5;169.95
107036;Welkom_5;31-01-2026;20369815;-5;208.63
89987;Welkom_5;31-01-2026;20370391;-5;26.76
90963;Welkom_5;31-01-2026;20369773;-5;219.46
87428;Welkom_5;31-01-2026;20471033;-5;368.13
89459;Welkom_5;31-01-2026;20369898;-5;902.97
82159;Welkom_5;31-01-2026;20369039;-5;129.97
102019;Welkom_5;01-02-2026;20371894;-5;366.44
106897;Welkom_5;01-02-2026;20371555;-5;247.18
86448;Welkom_5;01-02-2026;20371704;-5;114
88325;Welkom_5;01-02-2026;20371001;-5;148.97
105322;Welkom_5;01-02-2026;20371662;-5;196.12
90927;Welkom_5;01-02-2026;20371589;-5;76.95
103767;Welkom_5;01-02-2026;20371308;-5;30.99
103072;Welkom_5;01-02-2026;20371605;-5;114.99
106909;Welkom_5;01-02-2026;20371050;-5;544.83
91081;Welkom_5;01-02-2026;20371415;-5;124.98
99366;Welkom_5;02-02-2026;20372827;-5;71.4
103584;Welkom_5;02-02-2026;20372587;-5;138.17
89826;Welkom_5;02-02-2026;20372322;-5;59.89
87372;Welkom_5;02-02-2026;20372652;-5;59.96
102236;Welkom_5;02-02-2026;20372561;-5;26.45
101544;Welkom_5;03-02-2026;20373361;-5;308.38
98839;Welkom_5;03-02-2026;20373064;-5;48.48
86948;Welkom_5;04-02-2026;20374187;-5;249.42
98592;Welkom_5;04-02-2026;20373890;-5;265.44
96353;Welkom_5;04-02-2026;20373700;-5;89.08
97210;Welkom_5;05-02-2026;20374666;-5;111.98
86546;Welkom_5;05-02-2026;20375143;-5;259.94
84264;Welkom_5;06-02-2026;20375481;-5;276.43
105277;Welkom_5;06-02-2026;20376281;-5;304.97
93017;Welkom_5;06-02-2026;20375986;-5;19.29
109936;Welkom_5;06-02-2026;20375457;-5;155.44
90276;Welkom_5;06-02-2026;20375721;-5;30.87
103567;Welkom_5;07-02-2026;20376737;-5;20.79
93165;Welkom_5;07-02-2026;20377016;-5;300.98
88275;Welkom_5;07-02-2026;20378022;-5;144.93
85760;Welkom_5;07-02-2026;20377685;-5;144.06
98937;Welkom_5;07-02-2026;20377974;-5;344
97854;Welkom_5;07-02-2026;20377826;-5;185.92
93307;Welkom_5;07-02-2026;20377909;-5;44.99
83292;Welkom_5;07-02-2026;20376497;-5;133.08
97260;Welkom_5;07-02-2026;20377263;-5;541.95
101162;Welkom_5;07-02-2026;20378147;-5;383.91
88820;Welkom_5;07-02-2026;20377354;-5;337.43
109459;Welkom_5;07-02-2026;20376752;-5;106.72
92174;Welkom_5;07-02-2026;20377768;-5;210.99
103570;Welkom_5;07-02-2026;20376778;-5;89.35
100326;Welkom_5;08-02-2026;20378378;-5;144.98
106564;Welkom_5;08-02-2026;20378626;-5;39.99
91073;Welkom_5;08-02-2026;20379012;-5;274.91
95881;Welkom_5;09-02-2026;20379806;-5;1485.2
99705;Welkom_5;09-02-2026;20379392;-5;88.28
93991;Welkom_5;09-02-2026;20379863;-5;66.18
90970;Welkom_5;09-02-2026;20379426;-5;310.39
90442;Welkom_5;09-02-2026;20379384;-5;70.26
104089;Welkom_5;09-02-2026;20379418;-5;147.97
99294;Welkom_5;10-02-2026;20380663;-5;45.49
101117;Welkom_5;10-02-2026;20380556;-5;78.96
88045;Welkom_5;10-02-2026;20380424;-5;932.46
101079;Welkom_5;10-02-2026;20380580;-5;13.89
96340;Welkom_5;11-02-2026;20382248;-5;37.48
80397;Welkom_5;11-02-2026;20381117;-5;294.93
103039;Welkom_5;11-02-2026;20381554;-5;53.14
109242;Welkom_5;11-02-2026;20381398;-5;158.38
90497;Welkom_5;11-02-2026;20381703;-5;184.27
93936;Welkom_5;11-02-2026;20382230;-5;489.94
92194;Welkom_5;12-02-2026;20383105;-5;29.99
99405;Welkom_5;12-02-2026;20383014;-5;45
100308;Welkom_5;12-02-2026;20383477;-5;94.99
103321;Welkom_5;12-02-2026;20383295;-5;99.98
89827;Welkom_5;12-02-2026;20382651;-5;42.97
109706;Welkom_5;12-02-2026;20383410;-5;63.92
80140;Welkom_5;13-02-2026;20384020;-5;35.98
107685;Welkom_5;13-02-2026;20384632;-5;91.96
104138;Welkom_5;13-02-2026;20383915;-5;81.9
88477;Welkom_5;13-02-2026;20384566;-5;179.89
90556;Welkom_5;14-02-2026;20386363;-5;94.99
89457;Welkom_5;14-02-2026;20386009;-5;750.28
101808;Welkom_5;14-02-2026;20386223;-5;172.28
88178;Welkom_5;14-02-2026;15160;-5;61.99
105109;Welkom_5;14-02-2026;20385506;-5;247.91
96802;Welkom_5;14-02-2026;20385522;-5;75.72
105616;Welkom_5;14-02-2026;20386397;-5;232.92
99300;Welkom_5;14-02-2026;20385399;-5;249.98
108172;Welkom_5;14-02-2026;20385084;-5;11.44
109997;Welkom_5;14-02-2026;20386405;-5;154.99
98106;Welkom_5;14-02-2026;20386264;-5;294.99
108061;Welkom_5;15-02-2026;20387239;-5;424.92
101203;Welkom_5;15-02-2026;20387106;-5;64.99
102996;Welkom_5;15-02-2026;20386801;-5;12.99
93659;Welkom_5;15-02-2026;20387098;-5;28.28
97819;Welkom_5;15-02-2026;20387056;-5;11.19
95488;Welkom_5;16-02-2026;20387759;-5;264.98
105972;Welkom_5;16-02-2026;20387593;-5;180.29
96157;Welkom_5;16-02-2026;20388153;-5;34.99
88495;Welkom_5;17-02-2026;20388542;-5;351.1
102961;Welkom_5;17-02-2026;20388435;-5;53.17
94425;Welkom_5;17-02-2026;20388781;-5;104.99
88127;Welkom_5;17-02-2026;20388856;-5;110.98
97151;Welkom_5;17-02-2026;20388674;-5;579.97
85581;Welkom_5;18-02-2026;20389508;-5;264.99
101604;Welkom_5;19-02-2026;20390597;-5;54.99
98842;Welkom_5;19-02-2026;20390209;-5;189.98
100908;Welkom_5;19-02-2026;20390266;-5;20
83459;Welkom_5;19-02-2026;20390456;-5;299.28
106655;Welkom_5;19-02-2026;20390274;-5;55
100409;Welkom_5;19-02-2026;20390324;-5;21.99
80541;Welkom_5;19-02-2026;20390134;-5;163.18
94985;Welkom_5;19-02-2026;20390241;-5;144.99
87649;Welkom_5;20-02-2026;20391389;-5;274.99
82803;Welkom_5;20-02-2026;20391256;-5;276.15
93408;Welkom_5;20-02-2026;20391603;-5;157.33
87369;Welkom_5;20-02-2026;20391413;-5;249.28
77525;Welkom_5;20-02-2026;20391330;-5;258.95
97837;Welkom_5;20-02-2026;20391736;-5;45.59
108172;Welkom_5;21-02-2026;20392296;-5;48.69
97718;Welkom_5;21-02-2026;20392650;-5;235.72
100229;Welkom_5;21-02-2026;20393294;-5;24.99
88081;Welkom_5;21-02-2026;20393146;-5;217.97
85613;Welkom_5;21-02-2026;20392700;-5;993.44
94414;Welkom_5;21-02-2026;20392684;-5;283.73
102736;Welkom_5;21-02-2026;20471793;-5;631.95
105531;Welkom_5;21-02-2026;20392585;-5;105.02
87876;Welkom_5;21-02-2026;20393229;-5;408.95
101561;Welkom_5;21-02-2026;20392908;-5;121.98
79565;Welkom_5;21-02-2026;20392577;-5;634.98
92799;Welkom_5;21-02-2026;20471702;-5;20.16
103291;Welkom_5;21-02-2026;20392148;-5;362.68
85121;Welkom_5;21-02-2026;20393336;-5;24.95
102573;Welkom_5;21-02-2026;20392668;-5;37.98
85981;Welkom_5;21-02-2026;20392569;-5;139.99
86059;Welkom_5;21-02-2026;20393120;-5;587.95
85779;Welkom_5;22-02-2026;20393906;-5;585.88
88911;Welkom_5;22-02-2026;20394334;-5;275.33
98302;Welkom_5;22-02-2026;20394177;-5;51.71
88271;Welkom_5;22-02-2026;20393948;-5;25.28
97451;Welkom_5;22-02-2026;20393716;-5;434.96
94588;Welkom_5;23-02-2026;20394730;-5;8.99
105170;Welkom_5;23-02-2026;20394748;-5;77.97
91371;Welkom_5;23-02-2026;20395042;-5;44.98
99087;Welkom_5;23-02-2026;20394896;-5;204.29
84500;Welkom_5;24-02-2026;20395455;-5;174.99
91959;Welkom_5;24-02-2026;20395430;-5;421.85
85916;Welkom_5;24-02-2026;20395661;-5;322.26
90586;Welkom_5;25-02-2026;20396743;-5;379.85
86401;Welkom_5;25-02-2026;20396818;-5;195.48
89575;Welkom_5;25-02-2026;20396842;-5;371.97
95307;Welkom_5;25-02-2026;20396123;-5;66.9
89757;Welkom_5;25-02-2026;20396677;-5;30.98
94173;Welkom_5;26-02-2026;20397444;-5;502.79
87778;Welkom_5;26-02-2026;20397105;-5;64.99
104234;Welkom_5;26-02-2026;20397303;-5;147.96
89953;Welkom_5;26-02-2026;20397469;-5;64.99
102521;Welkom_5;26-02-2026;20397683;-5;80.49
88685;Welkom_5;26-02-2026;20397485;-5;19.99
93606;Welkom_5;27-02-2026;20398574;-5;189.98
105954;Welkom_5;27-02-2026;20398566;-5;6.69
90077;Welkom_5;27-02-2026;20397907;-5;57.9
92916;Welkom_5;27-02-2026;20398327;-5;35.29
101588;Welkom_5;28-02-2026;20300042;-5;152.95
95272;Welkom_5;28-02-2026;20300869;-5;167.49
104562;Welkom_5;28-02-2026;20399929;-5;104.99
106169;Welkom_5;28-02-2026;20300851;-5;381.96
99736;Welkom_5;28-02-2026;20399853;-5;792.96
105633;Welkom_5;28-02-2026;20399572;-5;225.86
94989;Welkom_5;28-02-2026;20300950;-5;256.97
95635;Welkom_5;28-02-2026;20300059;-5;12.88
96558;Welkom_5;28-02-2026;20399655;-5;117.99
85659;Welkom_5;28-02-2026;20300554;-5;32.99
85050;Welkom_5;28-02-2026;20300380;-5;13.99
95285;Welkom_5;28-02-2026;20300299;-5;79.98
92428;Welkom_5;28-02-2026;20300398;-5;41.98
86505;Welkom_5;28-02-2026;20399739;-5;164.98
88591;Welkom_5;28-02-2026;20399861;-5;176.97
108314;Welkom_5;28-02-2026;20399663;-5;22.93
88751;Welkom_5;01-03-2026;20302188;-5;314.88
85725;Welkom_5;02-03-2026;20303012;-5;24.99
100641;Welkom_5;02-03-2026;20302790;-5;165.96
92529;Welkom_5;02-03-2026;20302519;-5;264.99
99541;Welkom_5;02-03-2026;20302865;-5;344.98
90407;Welkom_5;02-03-2026;20302642;-5;77.39
94205;Welkom_5;03-03-2026;20304291;-5;294.63
101940;Welkom_5;03-03-2026;20304838;-5;335.02
82416;Welkom_5;03-03-2026;20304150;-5;57.99
105849;Welkom_5;03-03-2026;20304887;-5;111.97
98543;Welkom_5;03-03-2026;20303319;-5;114.98
89191;Welkom_5;03-03-2026;20303483;-5;30.47
96028;Welkom_5;03-03-2026;20304200;-5;74.99
96797;Welkom_5;03-03-2026;20304283;-5;275.33
89388;Welkom_5;03-03-2026;20304861;-5;314.92
101657;Welkom_5;03-03-2026;20303814;-5;39.99
93014;Welkom_5;05-03-2026;20305363;-5;235.44
100180;Welkom_5;05-03-2026;20305025;-5;114.99
92831;Welkom_5;05-03-2026;20304986;-5;84.98
99354;Welkom_5;05-03-2026;20305579;-5;259.98
99228;Welkom_5;05-03-2026;20305595;-5;218.97
89464;Welkom_5;06-03-2026;20306957;-5;143.47
101485;Welkom_5;06-03-2026;20306999;-5;149.87
86904;Welkom_5;06-03-2026;20305884;-5;476.79
107986;Welkom_5;07-03-2026;20308680;-5;26.45
103100;Welkom_5;07-03-2026;20307237;-5;364.99
109646;Welkom_5;07-03-2026;20308839;-5;127.48
82531;Welkom_5;07-03-2026;20307872;-5;441.22
109507;Welkom_5;07-03-2026;20307849;-5;134.99
107839;Welkom_5;07-03-2026;20308524;-5;872.97
98620;Welkom_5;07-03-2026;20307427;-5;55
80577;Welkom_5;07-03-2026;20308318;-5;27.98
100061;Welkom_5;07-03-2026;20308342;-5;329.28
86984;Welkom_5;07-03-2026;20307435;-5;60
92811;Welkom_5;07-03-2026;20307179;-5;44.99
103216;Welkom_5;07-03-2026;20308706;-5;116.98
96546;Welkom_5;07-03-2026;20307856;-5;368.11
109003;Welkom_5;07-03-2026;20308326;-5;17.44
97649;Welkom_5;08-03-2026;15182;-5;51.98
104270;Welkom_5;09-03-2026;20310033;-5;376.39
98097;Welkom_5;10-03-2026;20310736;-5;215.68
87363;Welkom_5;10-03-2026;20311262;-5;44.99
93465;Welkom_5;10-03-2026;20310868;-5;23.88
99928;Welkom_5;12-03-2026;20313003;-5;16.69
91796;Welkom_5;13-03-2026;20314308;-5;210.44
89533;Welkom_5;13-03-2026;20314332;-5;307.96
83426;Welkom_5;13-03-2026;20314159;-5;202.94
94603;Welkom_5;13-03-2026;20313722;-5;63
107374;Welkom_5;14-03-2026;20316568;-5;41.64
87040;Welkom_5;14-03-2026;20316444;-5;97.96
108506;Welkom_5;14-03-2026;20316253;-5;130.47
103400;Welkom_5;14-03-2026;20315511;-5;523.86
97173;Welkom_5;14-03-2026;20315453;-5;179.59
101047;Welkom_5;14-03-2026;20315628;-5;626.58
109258;Welkom_5;14-03-2026;20315685;-5;2457.73
108492;Welkom_5;14-03-2026;20316386;-5;107.46
93007;Welkom_5;14-03-2026;20316071;-5;201.89
90903;Welkom_5;14-03-2026;20315412;-5;230.17
93567;Welkom_5;14-03-2026;20314910;-5;334.97
90491;Welkom_5;14-03-2026;20315495;-5;494.97
95659;Welkom_5;15-03-2026;20317202;-5;265.44
87898;Welkom_5;15-03-2026;20317996;-5;13.99
98551;Welkom_5;15-03-2026;20317251;-5;265.45
92443;Welkom_5;16-03-2026;20318473;-5;57.17
81926;Welkom_5;17-03-2026;20319877;-5;564.89
92666;Welkom_5;18-03-2026;20320412;-5;373.38
95807;Welkom_5;18-03-2026;20320701;-5;187.96
101454;Welkom_5;19-03-2026;20321592;-5;115.44
109522;Welkom_5;19-03-2026;20321600;-5;172.45
91017;Welkom_5;20-03-2026;20322244;-5;2.99
94865;Welkom_5;20-03-2026;20322020;-5;89.99
81964;Welkom_5;20-03-2026;20322525;-5;146.93
84643;Welkom_5;20-03-2026;20322582;-5;53.03
108347;Welkom_5;20-03-2026;20322574;-5;39.97
91828;Welkom_5;20-03-2026;20322368;-5;359.93
94422;Welkom_5;20-03-2026;20322889;-5;15.28
91009;Welkom_5;20-03-2026;20322566;-5;8.49
97026;Welkom_5;21-03-2026;20324182;-5;79.73
101348;Welkom_5;21-03-2026;20323770;-5;50.99
87645;Welkom_5;21-03-2026;20324547;-5;124.99
95630;Welkom_5;21-03-2026;20324380;-5;226.86
108864;Welkom_5;21-03-2026;20324794;-5;399.88
86183;Welkom_5;21-03-2026;20323937;-5;39.5
94203;Welkom_5;21-03-2026;15207;-5;20
95955;Welkom_5;21-03-2026;20323572;-5;83.38
101301;Welkom_5;21-03-2026;20323309;-5;355.96
99108;Welkom_5;21-03-2026;20472486;-5;905.9
91953;Welkom_5;21-03-2026;20324307;-5;114.98
99984;Welkom_5;21-03-2026;20323523;-5;347.96
104168;Welkom_5;21-03-2026;20323952;-5;124.99
101565;Welkom_5;21-03-2026;20323671;-5;12.99
88525;Welkom_5;21-03-2026;20324174;-5;85.96
106513;Welkom_5;21-03-2026;20323390;-5;164.35
105368;Welkom_5;22-03-2026;20326583;-5;9.39
108074;Welkom_5;22-03-2026;20326146;-5;848.93
94624;Welkom_5;22-03-2026;20326534;-5;477.97
101814;Welkom_5;22-03-2026;20325403;-5;96.64
106120;Welkom_5;22-03-2026;20325528;-5;816.83
103652;Welkom_5;23-03-2026;20327300;-5;164.99
104240;Welkom_5;23-03-2026;20327540;-5;305.41
100983;Welkom_5;23-03-2026;20326666;-5;159.98
98523;Welkom_5;24-03-2026;20327722;-5;87.96
92253;Welkom_5;24-03-2026;20327821;-5;13.89
95359;Welkom_5;24-03-2026;20327961;-5;294.9
106849;Welkom_5;25-03-2026;20328704;-5;256.96
90958;Welkom_5;25-03-2026;20328738;-5;215.44
100040;Welkom_5;25-03-2026;20329066;-5;244.96
93970;Welkom_5;25-03-2026;20329157;-5;47.22
101136;Welkom_5;25-03-2026;20329199;-5;256.16
87866;Welkom_5;26-03-2026;20330569;-5;24.26
105643;Welkom_5;26-03-2026;20330734;-5;80.49
94599;Welkom_5;26-03-2026;20330676;-5;88.47
109494;Welkom_5;26-03-2026;20330429;-5;99.98
106983;Welkom_5;26-03-2026;20330692;-5;61.37
104336;Welkom_5;26-03-2026;20330171;-5;749.93
94780;Welkom_5;26-03-2026;20329900;-5;46.45
87747;Welkom_5;26-03-2026;20329736;-5;90.96
88042;Welkom_5;26-03-2026;20330023;-5;179.79
89614;Welkom_5;26-03-2026;20329801;-5;492.97
105269;Welkom_5;27-03-2026;20330882;-5;163.85
96824;Welkom_5;27-03-2026;20331179;-5;154.99
86484;Welkom_5;27-03-2026;20332375;-5;214.94
88978;Welkom_5;27-03-2026;20331153;-5;116.98
102898;Welkom_5;27-03-2026;20331740;-5;44.99
97623;Welkom_5;27-03-2026;20332151;-5;147.47
85092;Welkom_5;27-03-2026;20332334;-5;55.86
96179;Welkom_5;27-03-2026;20331492;-5;75.48
86034;Welkom_5;27-03-2026;20331567;-5;56.18
97564;Welkom_5;27-03-2026;20331211;-5;76.91
97642;Welkom_5;27-03-2026;20331294;-5;35.97
84654;Welkom_5;27-03-2026;20332383;-5;6.98
98974;Welkom_5;27-03-2026;20330981;-5;69.99
86166;Welkom_5;27-03-2026;20331401;-5;98.97
108310;Welkom_5;27-03-2026;20331161;-5;87.49
105541;Welkom_5;27-03-2026;20332029;-5;49.48
104604;Welkom_5;28-03-2026;20333951;-5;221.44
93508;Welkom_5;28-03-2026;20333480;-5;8.98
97294;Welkom_5;28-03-2026;20473435;-5;362.91
109420;Welkom_5;28-03-2026;20334827;-5;174.99
89799;Welkom_5;28-03-2026;20334314;-5;397
94196;Welkom_5;28-03-2026;20473393;-5;98.98
80365;Welkom_5;28-03-2026;20333498;-5;196.62
104791;Welkom_5;28-03-2026;20334835;-5;14.98
107643;Welkom_5;28-03-2026;20334702;-5;224.94
100812;Welkom_5;28-03-2026;20473161;-5;254.98
109591;Welkom_5;28-03-2026;20473294;-5;73.27
91804;Welkom_5;28-03-2026;20334108;-5;51.71
99909;Welkom_5;28-03-2026;20334298;-5;294.1
95133;Welkom_5;28-03-2026;20334215;-5;81.73
100063;Welkom_5;28-03-2026;20332771;-5;53.47
102791;Welkom_5;28-03-2026;20334553;-5;47.28
96677;Welkom_5;28-03-2026;20334066;-5;302.98
97193;Welkom_5;28-03-2026;20334843;-5;60.74
89847;Welkom_5;28-03-2026;20333365;-5;314.87
100976;Welkom_5;28-03-2026;20333357;-5;126.94
100535;Welkom_5;28-03-2026;20332979;-5;24.69
103032;Welkom_5;28-03-2026;20333340;-5;29.49
108576;Welkom_5;28-03-2026;20332912;-5;26.24
87214;Welkom_5;28-03-2026;20333308;-5;967.09
91540;Welkom_5;28-03-2026;20332722;-5;142.39
91079;Welkom_5;28-03-2026;20334819;-5;634.58
77224;Welkom_5;28-03-2026;20333266;-5;169.99
90353;Welkom_5;28-03-2026;20334769;-5;40.06
106913;Welkom_5;28-03-2026;20332789;-5;369.17
99180;Welkom_5;28-03-2026;20334041;-5;87.49
90610;Welkom_5;28-03-2026;20334116;-5;26.34
85449;Welkom_5;28-03-2026;20334967;-5;120.98
100870;Welkom_5;28-03-2026;20473369;-5;162.93
107130;Welkom_5;28-03-2026;20334181;-5;315.44
94289;Welkom_5;28-03-2026;20333662;-5;99.67
103535;Welkom_5;28-03-2026;20333472;-5;46.89
91430;Welkom_5;28-03-2026;20333019;-5;12.97
108181;Welkom_5;29-03-2026;20335212;-5;265.44
88770;Welkom_5;29-03-2026;20336749;-5;234.62
88992;Welkom_5;29-03-2026;20336558;-5;44.99
86590;Welkom_5;29-03-2026;20336384;-5;68.51
92723;Welkom_5;29-03-2026;20335808;-5;62.96
81743;Welkom_5;29-03-2026;20336566;-5;54.96
105351;Welkom_5;29-03-2026;20335964;-5;4.89
83609;Welkom_5;29-03-2026;20335170;-5;151.73
91089;Welkom_5;29-03-2026;20336541;-5;141.44
107092;Welkom_5;30-03-2026;20337739;-5;181.6
86792;Welkom_5;30-03-2026;20337333;-5;72.43
107610;Welkom_5;30-03-2026;20337382;-5;231.84
88471;Welkom_5;30-03-2026;20337606;-5;34.98
109365;Welkom_5;30-03-2026;20336988;-5;13.04
91349;Welkom_5;30-03-2026;20337440;-5;5.79
101771;Welkom_5;30-03-2026;20337580;-5;661.14
88557;Welkom_5;30-03-2026;20337721;-5;29.97
78777;Welkom_5;30-03-2026;20337457;-5;0.5
99816;Welkom_5;30-03-2026;20337713;-5;105.37
88072;Welkom_5;30-03-2026;20337069;-5;294.9
105629;Welkom_5;31-03-2026;20338869;-5;265.03
89615;Welkom_5;31-03-2026;20338455;-5;134.95
92625;Welkom_5;31-03-2026;20338570;-5;7.99
86846;Welkom_5;31-03-2026;20338281;-5;361.98
88346;Welkom_5;31-03-2026;20338174;-5;669.92
109648;Welkom_5;31-03-2026;20339156;-5;529.4
108015;Welkom_5;31-03-2026;20339065;-5;34.99
106634;Welkom_5;31-03-2026;20339149;-5;198.96
106065;Welkom_5;31-03-2026;20338778;-5;174.99
106155;Welkom_5;01-04-2026;20340451;-5;40.99
95381;Welkom_5;01-04-2026;20340444;-5;132.95
96880;Welkom_5;01-04-2026;20340675;-5;14.99
99629;Welkom_5;01-04-2026;20340089;-5;42.55
88847;Welkom_5;01-04-2026;20339362;-5;35.64
89316;Welkom_5;01-04-2026;20339750;-5;39.61
86573;Welkom_5;01-04-2026;20340519;-5;48.29
102590;Welkom_5;01-04-2026;20340345;-5;59.99
94494;Welkom_5;01-04-2026;20339768;-5;132.67
94913;Welkom_5;01-04-2026;20340386;-5;200.88
92671;Welkom_5;01-04-2026;20339651;-5;134.48
90807;Welkom_5;01-04-2026;20339552;-5;234
89563;Welkom_5;01-04-2026;20340220;-5;276.95
95993;Welkom_5;02-04-2026;20340808;-5;197.58
109114;Welkom_5;02-04-2026;20341392;-5;35.49
90162;Welkom_5;03-04-2026;20343786;-5;299.9
108085;Welkom_5;03-04-2026;20343083;-5;14.79
95442;Welkom_5;03-04-2026;20343893;-5;284.99
91908;Welkom_5;03-04-2026;20343489;-5;24.99
104936;Welkom_5;03-04-2026;20473880;-5;787
107795;Welkom_5;03-04-2026;20343315;-5;235.48
87983;Welkom_5;03-04-2026;20473922;-5;98.87
102165;Welkom_5;03-04-2026;20343018;-5;329.73
93234;Welkom_5;03-04-2026;20342838;-5;1.98
106536;Welkom_5;03-04-2026;20343117;-5;24.97
108377;Welkom_5;03-04-2026;20342739;-5;220.85
107050;Welkom_5;03-04-2026;20342580;-5;66.97
91071;Welkom_5;03-04-2026;20343158;-5;68.94
99381;Welkom_5;03-04-2026;20343869;-5;84.99
107141;Welkom_5;03-04-2026;20473872;-5;131.86
107899;Welkom_5;03-04-2026;20342572;-5;15.34
97139;Welkom_5;03-04-2026;20474011;-5;46.17
108021;Welkom_5;03-04-2026;20342812;-5;345.88
93820;Welkom_5;04-04-2026;20474292;-5;81.98
86453;Welkom_5;04-04-2026;20346193;-5;42.22
95258;Welkom_5;04-04-2026;20344321;-5;5.75
94539;Welkom_5;04-04-2026;20344305;-5;104.03
107790;Welkom_5;04-04-2026;20345930;-5;95.87
94366;Welkom_5;04-04-2026;20345625;-5;169.96
93591;Welkom_5;04-04-2026;20344412;-5;210.15
104008;Welkom_5;04-04-2026;20345047;-5;126.83
92549;Welkom_5;04-04-2026;20345161;-5;34.88
106799;Welkom_5;04-04-2026;20346383;-5;418.78
86467;Welkom_5;04-04-2026;20345799;-5;77.08
94998;Welkom_5;04-04-2026;20344941;-5;15.8
95196;Welkom_5;04-04-2026;20344891;-5;24.47
106691;Welkom_5;04-04-2026;20346342;-5;257.45
104231;Welkom_5;04-04-2026;20344958;-5;114.99
94724;Welkom_5;04-04-2026;20474136;-5;70.49
87911;Welkom_5;04-04-2026;20345831;-5;211.88
94528;Welkom_5;04-04-2026;20345245;-5;544.97
107528;Welkom_5;04-04-2026;20344289;-5;223.07
108966;Welkom_5;04-04-2026;20346177;-5;237.9
90210;Welkom_5;04-04-2026;20344693;-5;49.99
100179;Welkom_5;04-04-2026;20346524;-5;13.19
101509;Welkom_5;04-04-2026;20344479;-5;19.08
107191;Welkom_5;04-04-2026;20344537;-5;48.48
99818;Welkom_5;04-04-2026;20474334;-5;107.47
85037;Welkom_5;04-04-2026;20344677;-5;555.28
98006;Welkom_5;04-04-2026;20346482;-5;222.95
107866;Welkom_5;04-04-2026;20346466;-5;960.75
107278;Welkom_5;04-04-2026;20345914;-5;118.51
97126;Welkom_5;04-04-2026;20346003;-5;236.35
108661;Welkom_5;04-04-2026;20346581;-5;39.97
101995;Welkom_5;06-04-2026;20347373;-5;215.88
101906;Welkom_5;06-04-2026;20346847;-5;18.98
108265;Welkom_5;06-04-2026;20348355;-5;278.1
107499;Welkom_5;06-04-2026;20475133;-5;33.29
89470;Welkom_5;06-04-2026;20348751;-5;156.47
98540;Welkom_5;06-04-2026;20348223;-5;188.3
94746;Welkom_5;06-04-2026;20348603;-5;487.66
108652;Welkom_5;06-04-2026;20348512;-5;34.99
92585;Welkom_5;06-04-2026;20474961;-5;109.98
86296;Welkom_5;06-04-2026;20347340;-5;556.21
83471;Welkom_5;06-04-2026;20347936;-5;117.48
86998;Welkom_5;06-04-2026;20348389;-5;84.99
100612;Welkom_5;06-04-2026;20474557;-5;338.43
88910;Welkom_5;06-04-2026;20348538;-5;66.62
97658;Welkom_5;06-04-2026;20348488;-5;174.98
90248;Welkom_5;06-04-2026;20348272;-5;21.99
95425;Welkom_5;06-04-2026;20475034;-5;33.85
84432;Welkom_5;06-04-2026;20474987;-5;12.75
101154;Welkom_5;06-04-2026;20474912;-5;79.97
103459;Welkom_5;06-04-2026;20474870;-5;128.97
95644;Welkom_5;06-04-2026;20348116;-5;379.91
88894;Welkom_5;06-04-2026;20474748;-5;113.98
100821;Welkom_5;06-04-2026;20347217;-5;36.29
108811;Welkom_5;06-04-2026;20346961;-5;212.37
105037;Welkom_5;06-04-2026;20475182;-5;85.97
97682;Welkom_5;06-04-2026;20474623;-5;52.96
100016;Welkom_5;06-04-2026;20347225;-5;6.67
100335;Welkom_5;06-04-2026;20474839;-5;263.95
100847;Welkom_5;06-04-2026;20347779;-5;206.94
87919;Welkom_5;06-04-2026;20348645;-5;359.94
109633;Welkom_5;06-04-2026;20346912;-5;109.74
106379;Welkom_5;06-04-2026;20348884;-5;54.58
102277;Welkom_5;06-04-2026;20346862;-5;554.98
108028;Welkom_5;06-04-2026;20347159;-5;528.78
90788;Welkom_5;06-04-2026;20347241;-5;258.41
106832;Welkom_5;06-04-2026;20474607;-5;170
82995;Welkom_5;06-04-2026;20346979;-5;431.43
89093;Welkom_5;06-04-2026;20347357;-5;86.94
97599;Welkom_5;06-04-2026;20348736;-5;1294
89243;Welkom_5;06-04-2026;20348108;-5;90.96
89373;Welkom_5;06-04-2026;20474771;-5;24.72
90960;Welkom_5;06-04-2026;20347274;-5;21.9
94578;Welkom_5;06-04-2026;20348561;-5;99.55
103714;Welkom_5;07-04-2026;20349304;-5;774.13
98643;Welkom_5;07-04-2026;20349288;-5;30.99
89031;Welkom_5;07-04-2026;20350260;-5;19.33
85480;Welkom_5;07-04-2026;20349833;-5;174.98
109050;Welkom_5;07-04-2026;20349528;-5;189.97
87608;Welkom_5;08-04-2026;20350971;-5;231.4
108648;Welkom_5;08-04-2026;20350906;-5;19.29
109516;Welkom_5;09-04-2026;20351623;-5;289.28
92698;Welkom_5;09-04-2026;20351599;-5;214.95
88038;Welkom_5;09-04-2026;20352035;-5;215.47
89935;Welkom_5;09-04-2026;20351821;-5;4.99
96749;Welkom_5;09-04-2026;20351557;-5;39.99
96599;Welkom_5;09-04-2026;20351680;-5;1246.59
90108;Welkom_5;09-04-2026;20351862;-5;52.97
92825;Welkom_5;10-04-2026;20352944;-5;118.98
90849;Welkom_5;10-04-2026;20353132;-5;101.08
108785;Welkom_5;10-04-2026;20354171;-5;71.98
101491;Welkom_5;10-04-2026;20353306;-5;19.25
109493;Welkom_5;10-04-2026;20354189;-5;203.97
109384;Welkom_5;10-04-2026;20353553;-5;207.73
94446;Welkom_5;10-04-2026;20352993;-5;43.71
100488;Welkom_5;10-04-2026;20354650;-5;15.7
93789;Welkom_5;10-04-2026;20352860;-5;303.87
103748;Welkom_5;11-04-2026;20355640;-5;196.74
98168;Welkom_5;11-04-2026;20354866;-5;109.98
86623;Welkom_5;11-04-2026;20356531;-5;184.66
90065;Welkom_5;11-04-2026;20356374;-5;372.42
94149;Welkom_5;11-04-2026;20357257;-5;324.02
90426;Welkom_5;11-04-2026;20356341;-5;23.96
87388;Welkom_5;11-04-2026;20356275;-5;57.97
98847;Welkom_5;11-04-2026;20355772;-5;208.46
89698;Welkom_5;11-04-2026;20356515;-3.9;31.47
91201;Welkom_5;11-04-2026;20356259;-5;108.63
103938;Welkom_5;11-04-2026;20356333;-5;334.89
100520;Welkom_5;11-04-2026;20355210;-5;9.48
94065;Welkom_5;11-04-2026;20356671;-5;49.35
96526;Welkom_5;11-04-2026;20355400;-5;44.99
83382;Welkom_5;11-04-2026;20357075;-5;48.99
86005;Welkom_5;11-04-2026;20355830;-5;184.95
100747;Welkom_5;11-04-2026;20355145;-5;162.95
109186;Welkom_5;11-04-2026;20355673;-5;252.94
87479;Welkom_5;11-04-2026;20357059;-5;80.94
96123;Welkom_5;11-04-2026;20354890;-5;34.57
104942;Welkom_5;11-04-2026;20355467;-5;512.96
100600;Welkom_5;11-04-2026;20355319;-5;108.96
107283;Welkom_5;11-04-2026;20355244;-5;24.68
106920;Welkom_5;11-04-2026;20356440;-5;275.76
93236;Welkom_5;11-04-2026;20356804;-5;1733
109528;Welkom_5;11-04-2026;20357331;-5;245.44
102189;Welkom_5;11-04-2026;20356630;-5;234.98
106631;Welkom_5;11-04-2026;20475380;-5;16.9
105721;Welkom_5;11-04-2026;20356952;-5;35.99
107865;Welkom_5;12-04-2026;20357786;-5;453.68
101393;Welkom_5;12-04-2026;20358602;-5;126.93
90540;Welkom_5;12-04-2026;20358537;-5;349.82
94901;Welkom_5;12-04-2026;20357794;-5;332.94
83742;Welkom_5;13-04-2026;20359261;-5;70.49
106191;Welkom_5;13-04-2026;20359550;-5;63.25
107690;Welkom_5;13-04-2026;20359634;-5;234.32
101312;Welkom_5;13-04-2026;20359477;-5;832.05
102065;Welkom_5;13-04-2026;20359048;-5;74.48
90338;Welkom_5;13-04-2026;20359113;-5;192.84
98434;Welkom_5;13-04-2026;20359139;-5;53.84
105532;Welkom_5;13-04-2026;20359196;-5;150.59
105405;Welkom_5;13-04-2026;20359824;-5;101.96
98503;Welkom_5;13-04-2026;20360038;-5;79.98
90064;Welkom_5;14-04-2026;20360806;-5;403.66
95081;Welkom_5;14-04-2026;20360582;-5;76.19
95005;Welkom_5;14-04-2026;15273;-5;84.99
108138;Welkom_5;14-04-2026;20360186;-5;323.41
85656;Welkom_5;15-04-2026;20361952;-5;169.99
97874;Welkom_5;15-04-2026;20361366;-5;43.26
94765;Welkom_5;15-04-2026;20362489;-5;230.44
106074;Welkom_5;15-04-2026;20361457;-5;194
104424;Welkom_5;15-04-2026;20362133;-5;413.82
100241;Welkom_5;15-04-2026;20362083;-5;79.28
86485;Welkom_5;15-04-2026;20362125;-5;424.95
88224;Welkom_5;16-04-2026;20363495;-5;375.44
104162;Welkom_5;16-04-2026;20363735;-5;138.99
87905;Welkom_5;16-04-2026;20363255;-5;154.97
99364;Welkom_5;16-04-2026;20362976;-5;274.99
104816;Welkom_5;16-04-2026;20364089;-5;110.39
95484;Welkom_5;16-04-2026;20363479;-5;239.16
103261;Welkom_5;16-04-2026;20363461;-5;51.94
88930;Welkom_5;16-04-2026;20363404;-5;91.26
103758;Welkom_5;16-04-2026;20363891;-5;36.98
92293;Welkom_5;16-04-2026;20363099;-5;10.68
82145;Welkom_5;16-04-2026;20363669;-5;130.92
87189;Welkom_5;16-04-2026;20364204;-5;14.99
90724;Welkom_5;17-04-2026;20364881;-5;214.98
100691;Welkom_5;17-04-2026;20364717;-5;344.79
106001;Welkom_5;17-04-2026;20364519;-5;732.28
87495;Welkom_5;17-04-2026;20364865;-5;13.87
98174;Welkom_5;17-04-2026;20365730;-5;78.97
99196;Welkom_5;17-04-2026;20365623;-5;732.84
93979;Welkom_5;18-04-2026;20366704;-5;226.96
87298;Welkom_5;18-04-2026;20475679;-5;291.61
88202;Welkom_5;18-04-2026;20367876;-5;169.47
97931;Welkom_5;18-04-2026;20366324;-5;299.96
82626;Welkom_5;18-04-2026;20366860;-5;77.98
91641;Welkom_5;18-04-2026;20367603;-5;34.14
95982;Welkom_5;18-04-2026;20365912;-5;31.72
93901;Welkom_5;18-04-2026;20367793;-5;389.83
100733;Welkom_5;18-04-2026;20366514;-5;44.99
100634;Welkom_5;18-04-2026;20367223;-5;242.42
92034;Welkom_5;18-04-2026;20368106;-5;349.94
87470;Welkom_5;18-04-2026;20366878;-5;19.65
99760;Welkom_5;18-04-2026;20366233;-5;164.99
106908;Welkom_5;18-04-2026;20367900;-5;18.85
102460;Welkom_5;18-04-2026;20367710;-5;1263.4
97419;Welkom_5;18-04-2026;20366795;-5;289.97
96819;Welkom_5;18-04-2026;20367561;-5;328.46
99276;Welkom_5;18-04-2026;20475661;-5;296.83
94856;Welkom_5;18-04-2026;20475794;-5;157.05
104698;Welkom_5;18-04-2026;20366993;-5;239.66
86366;Welkom_5;18-04-2026;20366712;-5;108.97
104273;Welkom_5;18-04-2026;20367090;-5;51.92
104828;Welkom_5;18-04-2026;20368015;-5;215.87
100905;Welkom_5;19-04-2026;20476024;-5;338.43
93343;Welkom_5;19-04-2026;20369609;-5;250.4
96172;Welkom_5;19-04-2026;20369492;-5;8.99
97975;Welkom_5;19-04-2026;20369260;-5;471.62
81101;Welkom_5;19-04-2026;20370045;-5;450.71
89117;Welkom_5;20-04-2026;20370441;-5;68.93
100144;Welkom_5;20-04-2026;20371373;-5;26.27
80810;Welkom_5;20-04-2026;20370797;-5;3204.99
109578;Welkom_5;20-04-2026;20370938;-5;291.98
96725;Welkom_5;20-04-2026;20370417;-5;27.84
101475;Welkom_5;20-04-2026;20370631;-5;29.18
104618;Welkom_5;20-04-2026;20370789;-5;22.48
98113;Welkom_5;20-04-2026;20370367;-5;394.98
94783;Welkom_5;20-04-2026;20370649;-5;56.98
96001;Welkom_5;20-04-2026;20371571;-5;327.44
86783;Welkom_5;20-04-2026;20371258;-5;94.99
90714;Welkom_5;20-04-2026;20371084;-5;23.9
100789;Welkom_5;21-04-2026;20372645;-5;291.79
100625;Welkom_5;21-04-2026;20372454;-5;169.97
94801;Welkom_5;21-04-2026;20372397;-5;319.92
89412;Welkom_5;21-04-2026;20371720;-5;329.97
91518;Welkom_5;23-04-2026;20375226;-5;79.98
102781;Welkom_5;23-04-2026;20375432;-5;48.37
81245;Welkom_5;23-04-2026;20375523;-5;56.2
97124;Welkom_5;23-04-2026;20375564;-5;194.98
109393;Welkom_5;23-04-2026;20375218;-5;37.95
107697;Welkom_5;23-04-2026;20376133;-5;266.14
93303;Welkom_5;23-04-2026;20376257;-5;115.54
87563;Welkom_5;23-04-2026;20375572;-5;33.9
90229;Welkom_5;23-04-2026;20375101;-5;48.97
100521;Welkom_5;23-04-2026;20375499;-5;26.55
81231;Welkom_5;23-04-2026;20375044;-5;439.45
92716;Welkom_5;23-04-2026;20375085;-5;208.64
106263;Welkom_5;23-04-2026;20375739;-5;281.46
93719;Welkom_5;24-04-2026;20378071;-5;156.96
90240;Welkom_5;24-04-2026;20378337;-5;162.47
87959;Welkom_5;24-04-2026;20377131;-5;24.98
88387;Welkom_5;24-04-2026;20376802;-5;33.69
88153;Welkom_5;24-04-2026;20476362;-5;218.48
97808;Welkom_5;24-04-2026;20377420;-5;17.48
91465;Welkom_5;24-04-2026;20377933;-5;275.44
87902;Welkom_5;24-04-2026;20377388;-5;282.8
98289;Welkom_5;24-04-2026;20377859;-5;59.98
87374;Welkom_5;24-04-2026;20377123;-5;36.78
80323;Welkom_5;24-04-2026;20377628;-5;695.26
101116;Welkom_5;24-04-2026;20377255;-5;49.72
92830;Welkom_5;25-04-2026;20379467;-5;35.13
103916;Welkom_5;25-04-2026;20476685;-5;658.38
92775;Welkom_5;25-04-2026;20378592;-5;90.9
86223;Welkom_5;25-04-2026;20379293;-5;104.23
92939;Welkom_5;25-04-2026;20380010;-5;298.44
106767;Welkom_5;25-04-2026;20476586;-5;51.98
90885;Welkom_5;25-04-2026;20379855;-5;112.46
93865;Welkom_5;25-04-2026;20380499;-5;265.44
104233;Welkom_5;25-04-2026;20476677;-5;39.99
107387;Welkom_5;25-04-2026;20380622;-5;203.12
102884;Welkom_5;25-04-2026;20380234;-5;81.21
100682;Welkom_5;25-04-2026;20379558;-5;654.35
80297;Welkom_5;25-04-2026;20476651;-5;5.85
99252;Welkom_5;25-04-2026;20380556;-5;524.07
107561;Welkom_5;25-04-2026;20379533;-5;19.99
106262;Welkom_5;25-04-2026;20379590;-5;101.48
108202;Welkom_5;25-04-2026;20378881;-5;188.79
95219;Welkom_5;25-04-2026;20379939;-5;105.45
104895;Welkom_5;25-04-2026;20476875;-5;14.48
81284;Welkom_5;25-04-2026;20476834;-5;193.65
86388;Welkom_5;25-04-2026;20380275;-5;1594
90842;Welkom_5;25-04-2026;20380432;-5;53.49
89159;Welkom_5;25-04-2026;20379582;-3.99;0
84724;Welkom_5;25-04-2026;20379863;-5;205.44
101655;Welkom_5;25-04-2026;20379152;-5;423.92
108685;Welkom_5;25-04-2026;20379319;-5;28.87
95278;Welkom_5;25-04-2026;20476792;-5;14.68
93194;Welkom_5;26-04-2026;20381695;-5;24.88
80615;Welkom_5;26-04-2026;20382818;-5;224.99
98015;Welkom_5;26-04-2026;20382925;-5;73.43
88760;Welkom_5;26-04-2026;20382891;-5;127.51
93215;Welkom_5;26-04-2026;20381687;-5;56.99
92170;Welkom_5;26-04-2026;20381398;-5;294.99
99911;Welkom_5;26-04-2026;20383048;-5;399.56
105460;Welkom_5;26-04-2026;20381943;-5;265.4
90185;Welkom_5;26-04-2026;15298;-5;374
108796;Welkom_5;28-04-2026;20383857;-5;184.98
96386;Welkom_5;28-04-2026;20383881;-5;445.86
97722;Welkom_5;28-04-2026;20383832;-5;265.44
96891;Welkom_5;29-04-2026;20386306;-5;325.58
103868;Welkom_5;29-04-2026;20385761;-5;238.68
107083;Welkom_5;30-04-2026;20387619;-5;311.49
103865;Welkom_5;30-04-2026;20387205;-5;30.98
100561;Welkom_5;30-04-2026;20387254;-5;359.96
86119;Welkom_5;30-04-2026;20387346;-5;70.83
99977;Welkom_5;30-04-2026;20387999;-5;67.48
104319;Welkom_5;30-04-2026;20388823;-5;48.99
85606;Welkom_5;30-04-2026;20387932;-5;260.99
93770;Welkom_5;30-04-2026;20388328;-5;138.63
95504;Welkom_5;30-04-2026;20387940;-5;48.94
88000;Welkom_5;30-04-2026;20388062;-5;113.16
86906;Welkom_5;30-04-2026;20386975;-5;153.94
109405;Welkom_5;30-04-2026;20387072;-5;95.47
86328;Welkom_5;30-04-2026;20388807;-5;194.98
91091;Welkom_5;30-04-2026;20387338;-5;48.99
91999;Welkom_5;30-04-2026;20387130;-5;203.38
85243;Welkom_5;30-04-2026;20387171;-5;73.34
98476;Welkom_5;30-04-2026;20386926;-5;30.96
104560;Welkom_5;30-04-2026;20388583;-5;360.64
101746;Welkom_5;30-04-2026;20387924;-5;21.18
92800;Welkom_5;01-05-2026;20389078;-5;52.37
87929;Welkom_5;02-05-2026;20391652;-5;296.99
108675;Welkom_5;02-05-2026;20393393;-5;268.95
102016;Welkom_5;02-05-2026;20477477;-5;121.84
81026;Welkom_5;02-05-2026;20477360;-5;294
102857;Welkom_5;02-05-2026;20391769;-5;18
85988;Welkom_5;02-05-2026;20391298;-5;35.49
86257;Welkom_5;02-05-2026;20477329;-5;188.47
85897;Welkom_5;02-05-2026;20391702;-5;114.99
100717;Welkom_5;02-05-2026;20477691;-5;262.95
97955;Welkom_5;02-05-2026;20393435;-5;980.99
94291;Welkom_5;02-05-2026;20392189;-5;21.95
86782;Welkom_5;02-05-2026;20393443;-5;346.17
89837;Welkom_5;02-05-2026;20477717;-5;502.89
88232;Welkom_5;02-05-2026;20391496;-5;114.99
96190;Welkom_5;02-05-2026;20392171;-5;111.88
100882;Welkom_5;02-05-2026;20392510;-5;128.38
97091;Welkom_5;02-05-2026;20393658;-5;412.97
109419;Welkom_5;02-05-2026;20477600;-5;80.81
93162;Welkom_5;03-05-2026;20394979;-5;696.86
104527;Welkom_5;03-05-2026;20395349;-5;156.92
86708;Welkom_5;03-05-2026;20395711;-5;51.48
108552;Welkom_5;03-05-2026;20395406;-5;214.98
101678;Welkom_5;03-05-2026;20394458;-5;416.09
80929;Welkom_5;03-05-2026;20394888;-5;34.98
100055;Welkom_5;03-05-2026;20395042;-5;359.13
108586;Welkom_5;03-05-2026;20394342;-5;129.98
89341;Welkom_5;03-05-2026;20395059;-5;196.94
103381;Welkom_5;03-05-2026;15308;-5;144.95
108390;Welkom_5;03-05-2026;20395018;-5;555.82
87536;Welkom_5;03-05-2026;20395026;-5;283.31
97389;Welkom_5;04-05-2026;20396792;-5;88.46
86124;Welkom_5;04-05-2026;20396289;-5;16.58
106178;Welkom_5;04-05-2026;20396131;-5;453.53
107155;Welkom_5;04-05-2026;20396123;-5;294.99
109870;Welkom_5;04-05-2026;20397006;-5;384.97
96221;Welkom_5;04-05-2026;20396537;-5;104.98
102319;Welkom_5;04-05-2026;20397022;-5;198.66
87950;Welkom_5;04-05-2026;20397063;-5;367.95
96160;Welkom_5;04-05-2026;20396941;-5;19.26
91148;Welkom_5;04-05-2026;20396628;-5;164.99
97469;Welkom_5;04-05-2026;20396172;-5;53.38
108988;Welkom_5;04-05-2026;20396917;-5;107.98
106905;Welkom_5;04-05-2026;20396099;-5;214.98
86743;Welkom_5;04-05-2026;20397501;-5;289.21
100647;Welkom_5;04-05-2026;20396420;-5;37.98
107759;Welkom_5;05-05-2026;20399622;-5;133.98
103620;Welkom_5;05-05-2026;20399135;-5;104.71
106104;Welkom_5;05-05-2026;20399150;-5;45.69
103253;Welkom_5;05-05-2026;20397949;-5;194.03
102004;Welkom_5;06-05-2026;15313;-5;29.39
91636;Welkom_5;07-05-2026;20302287;-5;94.99
87626;Welkom_5;07-05-2026;20301594;-5;79.48
94617;Welkom_5;07-05-2026;20302766;-5;461.36
86997;Welkom_5;07-05-2026;20302873;-5;79.28
91143;Welkom_5;07-05-2026;20302469;-5;156.67
104427;Welkom_5;07-05-2026;20301735;-5;393.91
91760;Welkom_5;08-05-2026;20304192;-5;44.99
96326;Welkom_5;08-05-2026;20304267;-5;9.36
88882;Welkom_5;08-05-2026;20304010;-5;657.95
103947;Welkom_5;08-05-2026;20303558;-5;300.98
97721;Welkom_5;08-05-2026;20303889;-5;894
92898;Welkom_5;08-05-2026;20303491;-5;73.98
95789;Welkom_5;08-05-2026;20304044;-5;42.99
86705;Welkom_5;08-05-2026;20304077;-5;73.28
91192;Welkom_5;08-05-2026;20304051;-5;110.98
94642;Welkom_5;08-05-2026;20304143;-5;139.3
88206;Welkom_5;08-05-2026;20303327;-5;84.73
104286;Welkom_5;09-05-2026;20305645;-5;254.99
105989;Welkom_5;09-05-2026;20478764;-5;237.27
94484;Welkom_5;09-05-2026;20306189;-5;64.8
88574;Welkom_5;09-05-2026;20306312;-5;151.86
99729;Welkom_5;09-05-2026;20304952;-5;189.98
87515;Welkom_5;09-05-2026;20306338;-5;66.54
91304;Welkom_5;10-05-2026;20308805;-5;94.46
87893;Welkom_5;10-05-2026;20308078;-5;177.32
89214;Welkom_5;10-05-2026;20308391;-5;17.99
105681;Welkom_5;11-05-2026;20309068;-5;64.8
108911;Welkom_5;11-05-2026;20309035;-5;9.99
94841;Welkom_5;11-05-2026;20310199;-5;152.8
87966;Welkom_5;11-05-2026;20309605;-5;72.46
88787;Welkom_5;11-05-2026;20309589;-5;31.15
86523;Welkom_5;11-05-2026;20309050;-5;19.99
109498;Welkom_5;11-05-2026;20309019;-5;25.57
103588;Welkom_5;12-05-2026;20310819;-5;435.46
94669;Welkom_5;12-05-2026;20311130;-5;170.36
106919;Welkom_5;12-05-2026;20311270;-5;201.17
97267;Welkom_5;12-05-2026;20311429;-5;19.28
90527;Welkom_5;12-05-2026;20311189;-5;435.59
100036;Welkom_5;13-05-2026;20313581;-5;69.99
103447;Welkom_5;13-05-2026;20312757;-5;9.39
96515;Welkom_5;13-05-2026;20314290;-5;232.09
92719;Welkom_5;13-05-2026;20312518;-5;110.76
89315;Welkom_5;13-05-2026;20312385;-5;320.45
98680;Welkom_5;13-05-2026;20314076;-5;18.85
105977;Welkom_5;14-05-2026;20480117;-5;50.99
83785;Welkom_5;14-05-2026;20315560;-5;181.95
94310;Welkom_5;14-05-2026;20316956;-5;118.96
103349;Welkom_5;14-05-2026;20479432;-5;16.38
96155;Welkom_5;14-05-2026;20315461;-5;57.98
106064;Welkom_5;14-05-2026;20315487;-5;42.98
102399;Welkom_5;14-05-2026;20316584;-5;130.07
89483;Welkom_5;14-05-2026;20315511;-5;590.87
100068;Welkom_5;14-05-2026;20480216;-5;86.57
103423;Welkom_5;14-05-2026;20316345;-5;52.98
94991;Welkom_5;14-05-2026;20316337;-5;66.99
105699;Welkom_5;14-05-2026;20481446;-5;132.84
80155;Welkom_5;14-05-2026;20316964;-5;1245
94109;Welkom_5;14-05-2026;20315479;-5;34.99
106330;Welkom_5;14-05-2026;20316618;-5;184.94
81939;Welkom_5;14-05-2026;20479168;-5;57.98
96726;Welkom_5;14-05-2026;20479275;-5;274.2
94182;Welkom_5;14-05-2026;20480562;-5;98.99
93775;Welkom_5;14-05-2026;20317111;-5;16.85
104771;Welkom_5;14-05-2026;20480133;-5;250.7
107514;Welkom_5;14-05-2026;20479556;-5;98.99
91474;Welkom_5;14-05-2026;20479523;-5;329.9
109272;Welkom_5;14-05-2026;20316576;-5;23.19
102322;Welkom_5;14-05-2026;20480497;-5;43.48
90190;Welkom_5;14-05-2026;20315891;-5;263.34
81573;Welkom_5;14-05-2026;20314696;-5;134.99
85341;Welkom_5;14-05-2026;20314795;-5;30.32
106762;Welkom_5;14-05-2026;20316568;-5;28.74
96464;Welkom_5;14-05-2026;20519328;-5;112.97
83935;Welkom_5;14-05-2026;20479184;-5;152.64
85825;Welkom_5;14-05-2026;20315495;-5;42.98
93951;Welkom_5;14-05-2026;20317301;-5;116.72
100280;Welkom_5;14-05-2026;20316931;-5;-5
108199;Welkom_5;14-05-2026;20315552;-5;16.96
85453;Welkom_5;14-05-2026;20315255;-5;156.18
107745;Welkom_5;14-05-2026;20316386;-5;80.16
106731;Welkom_5;14-05-2026;20479291;-5;449.84
81386;Welkom_5;14-05-2026;20480513;-5;57.9
91302;Welkom_5;14-05-2026;20316857;-5;130.99
90731;Welkom_5;14-05-2026;20315909;-5;137.44
97134;Welkom_5;14-05-2026;20315297;-5;51
93107;Welkom_5;14-05-2026;20479341;-5;55.98
88864;Welkom_5;14-05-2026;20314944;-5;194.98
92162;Welkom_5;14-05-2026;20316691;-5;42.99
107254;Welkom_5;14-05-2026;20316840;-5;15.99
92908;Welkom_5;14-05-2026;20316311;-5;22.99
105847;Welkom_5;14-05-2026;20480463;-5;178.99
87762;Welkom_5;15-05-2026;20319026;-5;74.99
97712;Welkom_5;15-05-2026;20318150;-5;410.97
94798;Welkom_5;15-05-2026;20482113;-5;54.99
94079;Welkom_5;15-05-2026;20318036;-5;35.54
86981;Welkom_5;15-05-2026;20318697;-5;134.94
85297;Welkom_5;15-05-2026;20318135;-5;16.58
87455;Welkom_5;15-05-2026;20482188;-5;85.44
90723;Welkom_5;15-05-2026;20319414;-5;137.91
92579;Welkom_5;15-05-2026;20318382;-5;31.16
102060;Welkom_5;15-05-2026;20319257;-5;39.99
100949;Welkom_5;15-05-2026;20318960;-5;31.47
109920;Welkom_5;15-05-2026;20318226;-5;282.85
105045;Welkom_5;15-05-2026;20482246;-5;23.68
96506;Welkom_5;15-05-2026;20319398;-5;196.07
105006;Welkom_5;15-05-2026;20319422;-5;94.99
86876;Welkom_5;15-05-2026;20318945;-5;152.44
88377;Welkom_5;15-05-2026;20318762;-5;46.18
91930;Welkom_5;16-05-2026;20482709;-5;349.28
84530;Welkom_5;16-05-2026;20482733;-5;174.95
92630;Welkom_5;16-05-2026;20482857;-5;961.89
95102;Welkom_5;16-05-2026;20321667;-5;257.34
93087;Welkom_5;16-05-2026;20321899;-5;261.93
95172;Welkom_5;16-05-2026;20321345;-5;431.95
109736;Welkom_5;16-05-2026;20321923;-5;244.99
95832;Welkom_5;16-05-2026;20321691;-5;202.88
106524;Welkom_5;16-05-2026;20320982;-5;596.18
96285;Welkom_5;16-05-2026;20320305;-5;70.32
108157;Welkom_5;16-05-2026;20320685;-5;102.97
109484;Welkom_5;16-05-2026;20320784;-5;166.9
108278;Welkom_5;16-05-2026;20321584;-5;391.93
85685;Welkom_5;16-05-2026;20320156;-5;57.32
88288;Welkom_5;17-05-2026;20323499;-5;204.99
96569;Welkom_5;17-05-2026;20322988;-5;19.94
91119;Welkom_5;17-05-2026;20323507;-5;225.97
95530;Welkom_5;17-05-2026;20323523;-5;298.91
98786;Welkom_5;17-05-2026;20323390;-5;120.95
89928;Welkom_5;18-05-2026;20325106;-5;342.97
86832;Welkom_5;18-05-2026;20324810;-5;195.68
103257;Welkom_5;18-05-2026;20324950;-5;295.61
102572;Welkom_5;18-05-2026;20325346;-5;81.15
86035;Welkom_5;18-05-2026;20324752;-5;45.98
82749;Welkom_5;19-05-2026;20327094;-5;395.86
96399;Welkom_5;19-05-2026;20327029;-5;74.99
100343;Welkom_5;19-05-2026;20326419;-5;40.19
83238;Welkom_5;19-05-2026;20326948;-5;11.92
93596;Welkom_5;19-05-2026;20326401;-5;265.44
104783;Welkom_5;19-05-2026;20327391;-5;149.97
94026;Welkom_5;19-05-2026;20326724;-5;564.93
87653;Welkom_5;19-05-2026;20326971;-5;390.97
92843;Welkom_5;20-05-2026;20329108;-5;94.74
80186;Welkom_5;20-05-2026;20329256;-5;96.97
80336;Welkom_5;20-05-2026;15334;-5;28.98
106617;Welkom_5;20-05-2026;20327961;-5;308.93
104236;Welkom_5;20-05-2026;20328779;-5;407.82
91198;Welkom_5;20-05-2026;20327870;-5;314.99
105361;Welkom_5;20-05-2026;20327730;-5;110.95
94088;Welkom_5;20-05-2026;20328225;-5;67.48
99462;Welkom_5;20-05-2026;20329082;-5;17.48
97917;Welkom_5;21-05-2026;20330775;-5;137.97
89026;Welkom_5;21-05-2026;20331278;-5;619.6
92996;Welkom_5;21-05-2026;20329595;-5;93.97
108778;Welkom_5;21-05-2026;20329579;-5;26.94
87010;Welkom_5;21-05-2026;20330049;-5;35.98
94153;Welkom_5;21-05-2026;20331294;-5;524.94
86905;Welkom_5;21-05-2026;20330064;-5;15.99
89747;Welkom_5;21-05-2026;20329629;-5;94
87425;Welkom_5;21-05-2026;20329900;-5;49.99
98538;Welkom_5;21-05-2026;20330627;-5;2.5
102691;Welkom_5;21-05-2026;20329751;-5;272.97
98587;Welkom_5;22-05-2026;20332532;-5;444.65
103747;Welkom_5;22-05-2026;20333779;-5;502.82
109330;Welkom_5;22-05-2026;20333928;-5;77.98
94691;Welkom_5;22-05-2026;20333019;-5;725.44
95596;Welkom_5;22-05-2026;20333118;-5;141.93
86578;Welkom_5;22-05-2026;20333936;-5;138.81
92857;Welkom_5;22-05-2026;20334132;-5;281.35
107818;Welkom_5;22-05-2026;20332102;-5;148.97
99785;Welkom_5;23-05-2026;20484119;-5;278.69
86931;Welkom_5;23-05-2026;20337242;-5;265.91
97812;Welkom_5;23-05-2026;20483806;-5;134.98
106752;Welkom_5;23-05-2026;20336251;-5;67.48
84732;Welkom_5;23-05-2026;20337390;-5;41.15
95763;Welkom_5;23-05-2026;20483699;-5;97.97
106708;Welkom_5;23-05-2026;20334819;-5;219.95
106947;Welkom_5;23-05-2026;20336897;-5;40.8
93802;Welkom_5;23-05-2026;20336087;-5;275.13
92261;Welkom_5;23-05-2026;20337218;-5;214.98
99604;Welkom_5;23-05-2026;20337481;-5;156.92
101342;Welkom_5;25-05-2026;20485405;-5;65.1
102422;Welkom_5;25-05-2026;20339073;-5;31.36
92475;Welkom_5;25-05-2026;20337846;-5;563.98
89957;Welkom_5;25-05-2026;20339594;-5;545.31
103271;Welkom_5;25-05-2026;20338240;-5;202.42
101479;Welkom_5;25-05-2026;20484671;-5;93.96
89298;Welkom_5;25-05-2026;20484382;-5;139.98
91382;Welkom_5;25-05-2026;20484630;-5;244
80991;Welkom_5;25-05-2026;20338679;-5;299.82
92096;Welkom_5;25-05-2026;20339370;-5;643
104403;Welkom_5;25-05-2026;20485710;-5;67.55
105748;Welkom_5;25-05-2026;20339644;-5;44.99
85475;Welkom_5;25-05-2026;20485769;-5;198.66
97101;Welkom_5;25-05-2026;20339651;-5;74.99
85123;Welkom_5;25-05-2026;20338059;-5;433
99101;Welkom_5;25-05-2026;20340170;-5;354.95
104825;Welkom_5;25-05-2026;20338166;-5;615.17
81920;Welkom_5;25-05-2026;20485561;-5;152.97
89448;Welkom_5;25-05-2026;20485520;-5;17.99
97205;Welkom_5;25-05-2026;20484416;-5;187.47
109401;Welkom_5;25-05-2026;20339727;-5;22.99
85111;Welkom_5;25-05-2026;20485512;-5;45.34
96428;Welkom_5;25-05-2026;20485702;-5;280.89
88985;Welkom_5;25-05-2026;20337887;-5;131.97
86442;Welkom_5;25-05-2026;20485926;-5;144.96
98279;Welkom_5;25-05-2026;20338067;-5;311.09
84580;Welkom_5;25-05-2026;20340063;-5;202.59
104068;Welkom_5;25-05-2026;20339875;-5;143.22
86428;Welkom_5;25-05-2026;20339867;-5;151.69
109843;Welkom_5;26-05-2026;20341541;-5;4.97
87381;Welkom_5;26-05-2026;20340980;-5;146.97
85216;Welkom_5;26-05-2026;20340444;-5;247.38
101783;Welkom_5;26-05-2026;20341624;-5;39.99
92119;Welkom_5;26-05-2026;20340972;-5;164.99
89535;Welkom_5;26-05-2026;20340394;-5;94.98
99632;Welkom_5;26-05-2026;15352;-5;31.94
107011;Welkom_5;26-05-2026;20341533;-5;247.25
106668;Welkom_5;26-05-2026;20340808;-5;124.95
92727;Welkom_5;26-05-2026;20341194;-5;176.97
82562;Welkom_5;26-05-2026;20340659;-5;174.99
102132;Welkom_5;26-05-2026;20340790;-5;216.93
91670;Welkom_5;26-05-2026;20341202;-5;44.67
108955;Welkom_5;26-05-2026;20341814;-5;38.18
101532;Welkom_5;26-05-2026;20341020;-5;54.99
87987;Welkom_5;26-05-2026;20341632;-5;194.99
85844;Welkom_5;26-05-2026;20341079;-5;25.57
101015;Welkom_5;26-05-2026;20340931;-5;8.45
99532;Welkom_5;26-05-2026;20341095;-5;34.95
94261;Welkom_5;26-05-2026;20341392;-5;70.98
98444;Welkom_5;27-05-2026;20343729;-5;20.47
100614;Welkom_5;27-05-2026;20343786;-5;173.97
82836;Welkom_5;27-05-2026;20343208;-5;86.97
106431;Welkom_5;27-05-2026;20343547;-5;138.78
88638;Welkom_5;27-05-2026;20343596;-5;14.74
80611;Welkom_5;27-05-2026;20343372;-5;165.71
84208;Welkom_5;27-05-2026;20342002;-5;15.68
103929;Welkom_5;27-05-2026;20343091;-5;21.99
88960;Welkom_5;27-05-2026;20342879;-5;75.98
90839;Welkom_5;27-05-2026;20342630;-5;142.95
82604;Welkom_5;27-05-2026;20343406;-5;7.25
108309;Welkom_5;27-05-2026;20343588;-5;11.99
109157;Welkom_5;27-05-2026;20342978;-5;7.56
87551;Welkom_5;28-05-2026;20344099;-5;27.35
97660;Welkom_5;28-05-2026;20344354;-5;386.94
93447;Welkom_5;28-05-2026;20344362;-5;14.99
85660;Welkom_5;28-05-2026;20344495;-5;41.95
102014;Welkom_5;29-05-2026;20347217;-5;554.78
94258;Welkom_5;29-05-2026;20347266;-5;90.91
99026;Welkom_5;29-05-2026;20345575;-5;72.65
95839;Welkom_5;29-05-2026;20346920;-5;52.79
98055;Welkom_5;29-05-2026;20345690;-5;111.64
98916;Welkom_5;29-05-2026;20346797;-5;111.98
109037;Welkom_5;29-05-2026;20347027;-5;3.09
109874;Welkom_5;30-05-2026;20349437;-5;399.74
85935;Welkom_5;30-05-2026;20350195;-5;194.99
109864;Welkom_5;30-05-2026;20347977;-5;210.4
90130;Welkom_5;30-05-2026;20349379;-5;175.44
93391;Welkom_5;30-05-2026;20350294;-5;123.22
87173;Welkom_5;30-05-2026;20350021;-5;108.99
102474;Welkom_5;30-05-2026;20486841;-5;134.99
107867;Welkom_5;30-05-2026;20486866;-5;354.96
89746;Welkom_5;30-05-2026;20349395;-5;454
104885;Welkom_5;30-05-2026;20349817;-5;65.97
104102;Welkom_5;30-05-2026;20349510;-5;151.93
96206;Welkom_5;30-05-2026;20349593;-5;25.22
106315;Welkom_5;30-05-2026;20486833;-5;459.96
106789;Welkom_5;30-05-2026;20348884;-5;199.93
95746;Welkom_5;30-05-2026;20349742;-5;534.84
100848;Welkom_5;30-05-2026;20350237;-5;70
109263;Welkom_5;31-05-2026;20351052;-5;262.34
93627;Welkom_5;31-05-2026;20351003;-5;3.08
102800;Welkom_5;31-05-2026;20350906;-5;587.26
90600;Welkom_5;31-05-2026;20487500;-5;314
87283;Welkom_5;31-05-2026;20351672;-5;303.86
91377;Welkom_5;31-05-2026;20487443;-5;355.33
98388;Welkom_5;31-05-2026;20351029;-5;299.9
88648;Welkom_5;31-05-2026;20350658;-5;379.47
103854;Welkom_5;31-05-2026;20350971;-5;122.94
108107;Welkom_5;31-05-2026;20351227;-5;97.48
91013;Welkom_5;31-05-2026;20487104;-5;211.54
103403;Welkom_5;31-05-2026;20487161;-5;31.88
99704;Welkom_5;31-05-2026;20351243;-5;299.86
108559;Welkom_5;31-05-2026;20351615;-5;202.87
85553;Welkom_5;31-05-2026;20487484;-5;55.97
96770;Welkom_5;01-06-2026;20352977;-5;57.97
86228;Welkom_5;01-06-2026;20352464;-5;54.99
108543;Welkom_5;01-06-2026;20352969;-5;67.48
95246;Welkom_5;01-06-2026;20352415;-5;1143
106322;Welkom_5;01-06-2026;20352837;-5;120.05
93036;Welkom_5;01-06-2026;20352506;-5;146.94
93611;Welkom_5;01-06-2026;20353025;-5;157.46
86891;Welkom_5;01-06-2026;20353165;-5;132.55
90106;Welkom_5;01-06-2026;20352605;-5;21.9
86110;Welkom_5;01-06-2026;20351995;-5;358.26
97598;Welkom_5;02-06-2026;20353413;-5;214.98
96442;Welkom_5;02-06-2026;20353637;-5;525.47
103300;Welkom_5;02-06-2026;20353470;-5;353.14
102774;Welkom_5;02-06-2026;20353991;-5;728.89
93815;Welkom_5;02-06-2026;20353520;-5;970.44
94978;Welkom_5;03-06-2026;20355418;-5;216.11
85417;Welkom_5;03-06-2026;20356622;-5;178.66
109387;Welkom_5;04-06-2026;20357000;-5;254.85
103025;Welkom_5;04-06-2026;20357893;-5;74.96
95049;Welkom_5;04-06-2026;20358271;-5;246.22
86856;Welkom_5;04-06-2026;20358164;-5;14.99
98231;Welkom_5;04-06-2026;20357307;-5;227.35
107382;Welkom_5;04-06-2026;20357299;-5;175.34
86934;Welkom_5;04-06-2026;20358016;-5;314.99
103643;Welkom_5;04-06-2026;20357919;-5;1733
99777;Welkom_5;04-06-2026;20357687;-5;208.51
106261;Welkom_5;05-06-2026;20359816;-5;130.95
91229;Welkom_5;05-06-2026;20358503;-5;61.34
87772;Welkom_5;05-06-2026;20360020;-5;65.47
98046;Welkom_5;05-06-2026;20360038;-5;54.91
105038;Welkom_5;05-06-2026;20359840;-5;60.98
80804;Welkom_5;05-06-2026;20360012;-5;1144.89
96699;Welkom_5;05-06-2026;20358818;-5;74.94
92460;Welkom_5;05-06-2026;20359030;-5;426.38
108764;Welkom_5;05-06-2026;20359014;-5;52.74
102848;Welkom_5;05-06-2026;20359477;-5;254.99
108429;Welkom_5;06-06-2026;20362398;-5;62.74
91542;Welkom_5;06-06-2026;20360699;-5;75.49
97188;Welkom_5;06-06-2026;20488391;-5;219.97
97258;Welkom_5;06-06-2026;20361184;-5;444.9
87565;Welkom_5;06-06-2026;20361796;-5;452.99
92310;Welkom_5;06-06-2026;20488144;-5;71.96
100736;Welkom_5;06-06-2026;20362299;-5;52.97
92375;Welkom_5;06-06-2026;20488540;-5;69.98
91138;Welkom_5;06-06-2026;20361291;-5;3836.79
107150;Welkom_5;06-06-2026;20361754;-5;44.98
93997;Welkom_5;06-06-2026;20488433;-5;169.93
86051;Welkom_5;06-06-2026;20488532;-5;164.99
97949;Welkom_5;06-06-2026;20361663;-5;164.97
104132;Welkom_5;06-06-2026;20362521;-5;194.6
105161;Welkom_5;06-06-2026;20362364;-5;76.94
95649;Welkom_5;06-06-2026;20362992;-5;347.9
105456;Welkom_5;06-06-2026;20361119;-5;362.72
94816;Welkom_5;06-06-2026;20361812;-5;154.97
108156;Welkom_5;06-06-2026;20361952;-5;488.42
97851;Welkom_5;07-06-2026;20363586;-5;36.5
101990;Welkom_5;07-06-2026;20363990;-5;32.41
101676;Welkom_5;07-06-2026;20488888;-5;493.88
85069;Welkom_5;07-06-2026;20363180;-5;504.8
103030;Welkom_5;07-06-2026;20488771;-5;41.49
97536;Welkom_5;07-06-2026;20364477;-5;18.09
81633;Welkom_5;07-06-2026;20363693;-5;665.15
93480;Welkom_5;07-06-2026;20364618;-5;84.98
91030;Welkom_5;07-06-2026;20489001;-5;146.5
103802;Welkom_5;07-06-2026;20364386;-5;231.68
90896;Welkom_5;07-06-2026;20364519;-5;37.67
106683;Welkom_5;07-06-2026;20363503;-5;295.57
89354;Welkom_5;07-06-2026;20488730;-5;214.52
92838;Welkom_5;08-06-2026;15372;-5;794
108724;Welkom_5;08-06-2026;20365102;-5;180.85
95775;Welkom_5;08-06-2026;20365011;-5;235.44
87895;Welkom_5;08-06-2026;20364923;-5;860.94
92753;Welkom_5;09-06-2026;20366647;-5;196.96
88511;Welkom_5;09-06-2026;20366274;-5;177.46
106774;Welkom_5;09-06-2026;20366209;-5;124.37
105782;Welkom_5;09-06-2026;20365979;-5;184.98
90510;Welkom_5;09-06-2026;20366670;-5;40.16
97868;Welkom_5;10-06-2026;20367694;-5;34.98
109068;Welkom_5;10-06-2026;20367686;-5;78.98
101178;Welkom_5;10-06-2026;20368080;-5;39.99
95641;Welkom_5;10-06-2026;20368833;-5;279
102581;Welkom_5;10-06-2026;20367553;-5;274.98
98894;Welkom_5;10-06-2026;20368650;-5;380
97597;Welkom_5;11-06-2026;20369617;-5;102.18
93032;Welkom_5;12-06-2026;20370979;-5;245.44
84052;Welkom_5;12-06-2026;20370565;-5;55.41
107360;Welkom_5;12-06-2026;20370888;-5;279.88
107373;Welkom_5;12-06-2026;20371282;-5;267.03
100394;Welkom_5;12-06-2026;20371373;-5;343.53
86841;Welkom_5;12-06-2026;20370961;-5;920.05
86274;Welkom_5;12-06-2026;20371191;-5;265.44
102028;Welkom_5;12-06-2026;20371217;-5;235.44
106243;Welkom_5;13-06-2026;20374104;-5;80.49
95803;Welkom_5;13-06-2026;20373551;-5;74.98
106024;Welkom_5;13-06-2026;20373809;-5;296.53
88010;Welkom_5;13-06-2026;20489621;-5;490.87
99305;Welkom_5;13-06-2026;20489290;-5;272.25
94572;Welkom_5;13-06-2026;20489779;-5;1500.61
99152;Welkom_5;13-06-2026;20373866;-5;54.5
96883;Welkom_5;13-06-2026;20374856;-5;264.87
108942;Welkom_5;13-06-2026;20374229;-5;34.89
89628;Welkom_5;13-06-2026;20373718;-5;273.57
103201;Welkom_5;13-06-2026;20374492;-5;635.19
92870;Welkom_5;13-06-2026;20374682;-5;148.97
90471;Welkom_5;13-06-2026;20373783;-5;245.44
101606;Welkom_5;13-06-2026;20374237;-5;238.48
100901;Welkom_5;14-06-2026;20376430;-5;124.89
85014;Welkom_5;14-06-2026;20376109;-5;85.26
99567;Welkom_5;14-06-2026;20376018;-5;382.85
86262;Welkom_5;14-06-2026;20376778;-5;149.97
94967;Welkom_5;14-06-2026;20375457;-5;198.98
107656;Welkom_5;14-06-2026;20375267;-5;11.99
101622;Welkom_5;15-06-2026;20377727;-5;303.15
91129;Welkom_5;16-06-2026;20379202;-5;114.9
107854;Welkom_5;16-06-2026;20379376;-5;566.56
90350;Welkom_5;16-06-2026;20379335;-5;433.85
106802;Welkom_5;17-06-2026;20379582;-5;322.94
86481;Welkom_5;17-06-2026;20380242;-5;183.95
89839;Welkom_5;17-06-2026;20379657;-5;534.3
92927;Welkom_5;17-06-2026;20490272;-5;304.43
100300;Welkom_5;17-06-2026;20380408;-5;276.49
103056;Welkom_5;17-06-2026;20380044;-5;174.99
89772;Welkom_5;18-06-2026;20382222;-5;595
104276;Welkom_5;18-06-2026;20381695;-5;34.56
92299;Welkom_5;18-06-2026;20382354;-5;137.96
104820;Welkom_5;18-06-2026;20381588;-5;254.28
99169;Welkom_5;18-06-2026;20381315;-5;54.49
109485;Welkom_5;18-06-2026;20381786;-5;34.25
98379;Welkom_5;18-06-2026;20380721;-5;24.99
100224;Welkom_5;19-06-2026;20383998;-5;400.21
92589;Welkom_5;19-06-2026;20383139;-5;75.45
100154;Welkom_5;19-06-2026;20382719;-5;272.35
85016;Welkom_5;19-06-2026;15397;-5;34.99
101481;Welkom_5;19-06-2026;20383048;-5;250.26
89159;Welkom_5;19-06-2026;20384517;-1.01;65.46
88879;Welkom_5;19-06-2026;20383394;-5;708.96
90770;Welkom_5;19-06-2026;20382909;-5;2223.98
85577;Welkom_5;19-06-2026;15401;-5;84.99
93111;Welkom_5;19-06-2026;20383501;-5;659.96
82190;Welkom_5;19-06-2026;20382560;-5;39.63
109348;Welkom_5;20-06-2026;20490926;-5;244.43
98706;Welkom_5;20-06-2026;20387056;-5;1355.3
90164;Welkom_5;20-06-2026;20385472;-5;25.95
84399;Welkom_5;20-06-2026;20387528;-5;783.51
108734;Welkom_5;20-06-2026;20386058;-5;99.97
95363;Welkom_5;20-06-2026;20386645;-5;482
108894;Welkom_5;20-06-2026;20385936;-5;59.01
107298;Welkom_5;20-06-2026;20386124;-5;452.92
103111;Welkom_5;20-06-2026;20385886;-5;374.9
90228;Welkom_5;20-06-2026;20387718;-5;120.46
89582;Welkom_5;20-06-2026;20385779;-5;740.77
104933;Welkom_5;20-06-2026;20386553;-5;61.97
101879;Welkom_5;20-06-2026;20387692;-5;49.84
106457;Welkom_5;20-06-2026;20385662;-5;356.41
91591;Welkom_5;20-06-2026;20385951;-5;219.95
81867;Welkom_5;21-06-2026;20388633;-5;51.95
97877;Welkom_5;21-06-2026;20388518;-5;139.97
107550;Welkom_5;21-06-2026;20388666;-5;42.93
87138;Welkom_5;21-06-2026;20389102;-5;371.8
95550;Welkom_5;21-06-2026;20389250;-5;269.94
98792;Welkom_5;21-06-2026;20388955;-5;170.91
80382;Welkom_5;21-06-2026;20389219;-5;34.99
107156;Welkom_5;22-06-2026;20391082;-5;94.96
91853;Welkom_5;22-06-2026;20390084;-5;131.75
106267;Welkom_5;22-06-2026;15405;-5;32.09
102734;Welkom_5;22-06-2026;20390852;-5;74.98
94713;Welkom_5;23-06-2026;20392114;-5;793.32
80681;Welkom_5;23-06-2026;20392957;-5;588.95
94800;Welkom_5;23-06-2026;20392411;-5;254.98
94072;Welkom_5;23-06-2026;15407;-5;32.09
86761;Welkom_5;23-06-2026;20392254;-5;352.02
96823;Welkom_5;23-06-2026;20392007;-5;153.31
89023;Welkom_5;24-06-2026;20395182;-5;45.29
108563;Welkom_5;24-06-2026;20394789;-5;58.64
105420;Welkom_5;24-06-2026;20395026;-5;32.9
86185;Welkom_5;24-06-2026;20394524;-5;201.48
86056;Welkom_5;24-06-2026;20394003;-5;311.25
105827;Welkom_5;24-06-2026;20394391;-5;515.96
109426;Welkom_5;25-06-2026;20396453;-5;376.92
98585;Welkom_5;25-06-2026;20396461;-5;137.42
103525;Welkom_5;25-06-2026;20397634;-5;180.96
109565;Welkom_5;25-06-2026;20395893;-5;389.42
99064;Welkom_5;25-06-2026;20396131;-5;26.99
96044;Welkom_5;25-06-2026;20395802;-5;35.46
105458;Welkom_5;25-06-2026;20397428;-5;150.96
90640;Welkom_5;26-06-2026;20301172;-5;1448.65
107964;Welkom_5;26-06-2026;20398491;-5;134.97
106625;Welkom_5;26-06-2026;20399903;-5;60.02
100377;Welkom_5;26-06-2026;20398210;-5;155.46
105802;Welkom_5;26-06-2026;20302014;-5;294.27
95304;Welkom_5;26-06-2026;20399739;-5;539.87
109391;Welkom_5;26-06-2026;20302717;-5;66.36
80824;Welkom_5;26-06-2026;20492104;-5;67.99
103936;Welkom_5;26-06-2026;20493003;-5;242.33
108267;Welkom_5;26-06-2026;20493334;-5;136.21
98793;Welkom_5;26-06-2026;20399804;-5;1521.36
97659;Welkom_5;26-06-2026;20398996;-5;414.94
99897;Welkom_5;26-06-2026;20493029;-5;302.27
97410;Welkom_5;26-06-2026;20302345;-5;355.92
101856;Welkom_5;28-06-2026;20305116;-5;171.39
98184;Welkom_5;28-06-2026;20305223;-5;320
86088;Welkom_5;28-06-2026;20493946;-5;558.8
92370;Welkom_5;28-06-2026;20494118;-5;192.43
81314;Welkom_5;28-06-2026;20494068;-5;82.98
95286;Welkom_5;28-06-2026;20304291;-5;131.46
105036;Welkom_5;28-06-2026;20303665;-5;97.9
86305;Welkom_5;29-06-2026;20306064;-5;44.98
83922;Welkom_5;29-06-2026;20305488;-5;48.08
86810;Welkom_5;29-06-2026;20306775;-5;144.9
92316;Welkom_5;29-06-2026;20306767;-5;29.99
94903;Welkom_5;29-06-2026;20305454;-5;44.98
86893;Welkom_5;29-06-2026;20306056;-5;104.98
85566;Welkom_5;29-06-2026;20306007;-5;442.76
90175;Welkom_5;29-06-2026;20306452;-5;668.94
100969;Welkom_5;29-06-2026;20306536;-5;93.66
87282;Welkom_5;29-06-2026;20306270;-5;420.52
102268;Welkom_5;29-06-2026;20305736;-5;11.92
106967;Welkom_5;29-06-2026;20306502;-5;187.03
93101;Welkom_5;29-06-2026;20305371;-5;52.94
95234;Welkom_5;29-06-2026;20306718;-5;726.64
108520;Welkom_5;29-06-2026;20305637;-5;614.93
107836;Welkom_5;30-06-2026;20308607;-5;54.9
90186;Welkom_5;30-06-2026;20308003;-5;35.45
96690;Welkom_5;30-06-2026;20306973;-5;46.49
107433;Welkom_5;30-06-2026;20307633;-5;2103.66
90607;Welkom_5;30-06-2026;20307575;-5;38.98
92804;Welkom_5;30-06-2026;20308466;-5;146.97
85142;Welkom_5;30-06-2026;20306981;-5;39.99
89832;Welkom_5;30-06-2026;20307955;-5;85.92
91586;Welkom_5;01-07-2026;20309993;-5;159.69
92555;Welkom_5;01-07-2026;20308763;-5;386.76
90193;Welkom_5;01-07-2026;20309084;-5;92.94
97265;Welkom_5;01-07-2026;20309811;-5;353.06
86148;Welkom_5;01-07-2026;20310009;-5;24.99
97970;Welkom_5;01-07-2026;15442;-5;18.09
99656;Welkom_5;01-07-2026;20309761;-5;656.46
97144;Welkom_5;01-07-2026;20310082;-5;89.98
105577;Welkom_5;02-07-2026;20311189;-5;54.59
93255;Welkom_5;02-07-2026;20311353;-5;87.47
98154;Welkom_5;02-07-2026;20311239;-5;160.02
85519;Welkom_5;02-07-2026;20312237;-5;59.55
107611;Welkom_5;02-07-2026;20311288;-5;337.41
104847;Welkom_5;02-07-2026;20310967;-5;103.69
93898;Welkom_5;03-07-2026;20314035;-5;349.83
95355;Welkom_5;03-07-2026;20313961;-5;623.9
93620;Welkom_5;03-07-2026;15450;-5;18.09
107945;Welkom_5;03-07-2026;20313060;-5;168.3
88391;Welkom_5;03-07-2026;20312310;-5;79.92
90626;Welkom_5;03-07-2026;20314217;-5;1194
99597;Welkom_5;04-07-2026;20316014;-5;22.99
103589;Welkom_5;04-07-2026;20317293;-5;261.46
93795;Welkom_5;04-07-2026;20495867;-5;274.98
98846;Welkom_5;04-07-2026;20317558;-5;16.59
88534;Welkom_5;04-07-2026;20315958;-5;155.93
90112;Welkom_5;04-07-2026;20316485;-5;196.96
93130;Welkom_5;04-07-2026;20494811;-5;201.99
92776;Welkom_5;04-07-2026;20495552;-5;566.87
96306;Welkom_5;04-07-2026;20316659;-5;166.94
88484;Welkom_5;04-07-2026;20495156;-5;352.72
85029;Welkom_5;04-07-2026;20495628;-5;142.41
92032;Welkom_5;04-07-2026;20494878;-5;74.99
89988;Welkom_5;04-07-2026;20316063;-5;580.86
98206;Welkom_5;04-07-2026;20317350;-5;163.54
108129;Welkom_5;04-07-2026;20316865;-5;48.56
83881;Welkom_5;04-07-2026;20317335;-5;37.98
108151;Welkom_5;04-07-2026;20317301;-5;42.98
103297;Welkom_5;04-07-2026;20316030;-5;303.45
93891;Welkom_5;04-07-2026;20317491;-5;433
105504;Welkom_5;04-07-2026;20316162;-5;552.9
88330;Welkom_5;04-07-2026;20495289;-5;33.98
106256;Welkom_5;04-07-2026;20494720;-5;987.23
87914;Welkom_5;04-07-2026;20316436;-5;199.96
107853;Welkom_5;04-07-2026;20315909;-5;34.99
97221;Welkom_5;04-07-2026;20316642;-5;47.98
99330;Welkom_5;04-07-2026;20315917;-5;516.24
109489;Welkom_5;04-07-2026;20316790;-5;441.4
105193;Welkom_5;04-07-2026;20315222;-5;419.91
88559;Welkom_5;04-07-2026;20315966;-5;94.99
91834;Welkom_5;04-07-2026;20315982;-5;39.99
83966;Welkom_5;04-07-2026;20495669;-5;131.96
105146;Welkom_5;04-07-2026;20316568;-5;6.75
96207;Welkom_5;04-07-2026;20317053;-5;594
86107;Welkom_5;05-07-2026;20319000;-5;165.73
94766;Welkom_5;05-07-2026;20318788;-5;103.61
109285;Welkom_5;05-07-2026;20318291;-5;143.95
97882;Welkom_5;05-07-2026;20318093;-5;112.93
105888;Welkom_5;05-07-2026;20317830;-5;93.47
100074;Welkom_5;05-07-2026;20318465;-5;338.95
94733;Welkom_5;05-07-2026;20319604;-5;495.9
93173;Welkom_5;05-07-2026;20318051;-5;115.88
98286;Welkom_5;05-07-2026;20318713;-5;555.89
107628;Welkom_5;05-07-2026;20318556;-5;116.86
82012;Welkom_5;05-07-2026;20497236;-5;59.95
92049;Welkom_5;05-07-2026;20318861;-5;338.2
98189;Welkom_5;05-07-2026;20318127;-5;50.97
89842;Welkom_5;05-07-2026;20318705;-5;701.34
102745;Welkom_5;05-07-2026;20317699;-5;45.98
93148;Welkom_5;05-07-2026;20318135;-5;52.87
95944;Welkom_5;05-07-2026;20319380;-5;211.85
94267;Welkom_5;05-07-2026;20317715;-5;284.98
82795;Welkom_5;05-07-2026;20319018;-5;166.71
108043;Welkom_5;05-07-2026;20318739;-5;410.88
95098;Welkom_5;05-07-2026;20496782;-5;69.42
96590;Welkom_5;05-07-2026;20497210;-5;156.88
108271;Welkom_5;05-07-2026;20318184;-5;142.91
88172;Welkom_5;06-07-2026;20319950;-5;31.98
105375;Welkom_5;06-07-2026;20321147;-5;374
94641;Welkom_5;06-07-2026;20321709;-5;83.49
104923;Welkom_5;06-07-2026;20321725;-5;544
103417;Welkom_5;06-07-2026;20320503;-5;5.85
89125;Welkom_5;06-07-2026;20320883;-5;13.98
94770;Welkom_5;06-07-2026;20320792;-5;28.98
87663;Welkom_5;06-07-2026;20320743;-5;123.97
102228;Welkom_5;06-07-2026;20320875;-5;107.94
86443;Welkom_5;06-07-2026;20320263;-1.99;34.51
93608;Welkom_5;06-07-2026;20321584;-5;9.94
86243;Welkom_5;06-07-2026;20321121;-5;133.95
101369;Welkom_5;06-07-2026;20320420;-5;97.38
90094;Welkom_5;07-07-2026;20322871;-5;80.7
103057;Welkom_5;07-07-2026;20323291;-5;34.73
93197;Welkom_5;08-07-2026;20324034;-5;98.84
96313;Welkom_5;08-07-2026;20323895;-5;289.83
97353;Welkom_5;08-07-2026;15475;-5;234
96710;Welkom_5;08-07-2026;20324778;-5;307.87
98322;Welkom_5;08-07-2026;20324885;-5;292.02
90810;Welkom_5;08-07-2026;20324224;-5;289.73
91954;Welkom_5;09-07-2026;20327532;-5;3.99
97132;Welkom_5;09-07-2026;20325866;-5;50
91756;Welkom_5;09-07-2026;20326252;-5;41.23
106193;Welkom_5;09-07-2026;20325833;-5;233.97
87848;Welkom_5;09-07-2026;20326575;-5;299.35
95070;Welkom_5;09-07-2026;20326757;-5;125.43
108419;Welkom_5;09-07-2026;20325809;-5;104.41
94134;Welkom_5;09-07-2026;20326989;-5;19.99
93858;Welkom_5;09-07-2026;20326260;-5;49.93
94170;Welkom_5;09-07-2026;20326583;-5;124.93
98805;Welkom_5;09-07-2026;20327235;-5;197.32
88246;Welkom_5;10-07-2026;20328761;-5;29.25
102259;Welkom_5;10-07-2026;20329017;-5;219.09
90153;Welkom_5;10-07-2026;20328712;-5;224.99
85699;Welkom_5;10-07-2026;20329421;-5;69.48
100536;Welkom_5;10-07-2026;20330379;-5;11.99
103365;Welkom_5;10-07-2026;20330056;-5;3810.97
90860;Welkom_5;10-07-2026;20328977;-5;103.79
91218;Welkom_5;10-07-2026;20328951;-5;2104.75
83853;Welkom_5;10-07-2026;20329025;-5;476.65
95023;Welkom_5;10-07-2026;20328324;-5;224.99
90369;Welkom_5;10-07-2026;20328357;-5;440.39
91666;Welkom_5;10-07-2026;20329504;-5;383.91
104371;Welkom_5;10-07-2026;20328274;-5;394.99
95667;Welkom_5;10-07-2026;20328571;-5;172.92
104323;Welkom_5;10-07-2026;20329793;-5;69.99
88505;Welkom_5;11-07-2026;20331468;-5;404
84916;Welkom_5;11-07-2026;20333670;-5;481.79
89688;Welkom_5;11-07-2026;20331260;-5;234.95
92925;Welkom_5;11-07-2026;20498317;-5;617.27
109475;Welkom_5;11-07-2026;20332706;-5;148.97
97274;Welkom_5;11-07-2026;20497889;-5;119.97
94873;Welkom_5;11-07-2026;20497681;-5;449.98
106410;Welkom_5;11-07-2026;20333761;-5;85.33
92016;Welkom_5;11-07-2026;20333811;-5;62.48
103851;Welkom_5;11-07-2026;20497756;-5;330.96
90677;Welkom_5;11-07-2026;20333027;-5;211.96
94775;Welkom_5;11-07-2026;20333662;-5;193.06
90783;Welkom_5;11-07-2026;20497871;-5;94.98
88485;Welkom_5;11-07-2026;20331070;-5;278.96
82207;Welkom_5;11-07-2026;20330924;-5;272.94
97991;Welkom_5;11-07-2026;20330890;-5;31.49
108659;Welkom_5;11-07-2026;20332375;-5;210.44
101512;Welkom_5;11-07-2026;20332409;-5;192.89
86285;Welkom_5;11-07-2026;20498176;-5;261.53
94089;Welkom_5;12-07-2026;20335519;-5;1192.98
86826;Welkom_5;12-07-2026;20499703;-5;438.89
97063;Welkom_5;12-07-2026;20499125;-5;289.97
95981;Welkom_5;12-07-2026;20499620;-5;484
94807;Welkom_5;12-07-2026;20334611;-5;299.46
108834;Welkom_5;12-07-2026;20498861;-5;269.93
91588;Welkom_5;12-07-2026;20499661;-5;693.9
90493;Welkom_5;12-07-2026;20334041;-5;83.65
104627;Welkom_5;12-07-2026;20334850;-5;141.98
87286;Welkom_5;12-07-2026;20499521;-5;103.97
88437;Welkom_5;13-07-2026;20338273;-5;81.23
96903;Welkom_5;13-07-2026;20336533;-5;182.85
87704;Welkom_5;13-07-2026;20337887;-5;209.91
102969;Welkom_5;13-07-2026;20337697;-5;1493.43
85383;Welkom_5;13-07-2026;20336244;-5;10.98
79279;Welkom_5;13-07-2026;20336517;-5;43.58
94451;Welkom_5;13-07-2026;20338117;-5;90.93
90734;Welkom_5;13-07-2026;20337374;-5;61.52
89525;Welkom_5;13-07-2026;20336699;-5;138.48
105433;Welkom_5;13-07-2026;20337291;-5;325.94
91977;Welkom_5;13-07-2026;20336558;-5;115.54
87366;Welkom_5;13-07-2026;20338158;-5;12.98
85012;Welkom_5;13-07-2026;20337366;-5;80.48
91810;Welkom_5;13-07-2026;15497;-5;29.99
91991;Welkom_5;13-07-2026;20336897;-5;59.98
90830;Welkom_5;13-07-2026;20337440;-5;45.95
98921;Welkom_5;13-07-2026;20336079;-5;59.96
94727;Welkom_5;13-07-2026;20335980;-5;74.77
79808;Welkom_5;14-07-2026;20339362;-5;143.91
88286;Welkom_5;14-07-2026;20339768;-5;893.88
92980;Welkom_5;14-07-2026;20338711;-5;140
107980;Welkom_5;14-07-2026;20339636;-5;111.38
94527;Welkom_5;15-07-2026;20342515;-5;74.99
89704;Welkom_5;15-07-2026;20341723;-5;264.93
91785;Welkom_5;15-07-2026;20340980;-5;364.9
94683;Welkom_5;15-07-2026;20342382;-5;3.98
97306;Welkom_5;15-07-2026;20341756;-5;63.28
95912;Welkom_5;15-07-2026;20340717;-5;464.97
102378;Welkom_5;15-07-2026;20341822;-5;369.45
89895;Welkom_5;15-07-2026;20341384;-5;243.57
96822;Welkom_5;15-07-2026;20342408;-5;64.99
100338;Welkom_5;15-07-2026;20342739;-5;129.93
92871;Welkom_5;16-07-2026;20343539;-2.99;44.99
88400;Welkom_5;16-07-2026;20345641;-5;206.83
108393;Welkom_5;16-07-2026;20343398;-5;251.95
89639;Welkom_5;16-07-2026;20344925;-5;96.57
85445;Welkom_5;16-07-2026;20345732;-5;192.97
105332;Welkom_5;16-07-2026;20344875;-5;324.98
102500;Welkom_5;16-07-2026;20345484;-5;27.37
93512;Welkom_5;16-07-2026;20344891;-5;289.15
96758;Welkom_5;16-07-2026;20343414;-5;14.01
90547;Welkom_5;16-07-2026;20345724;-5;99.58
97225;Welkom_5;16-07-2026;20343653;-5;267.13
103981;Welkom_5;16-07-2026;20400347;-5;430.83
83586;Welkom_5;16-07-2026;20344032;-5;30.47
107748;Welkom_5;16-07-2026;20344982;-5;109.96
109704;Welkom_5;16-07-2026;20345682;-5;10.29
95163;Welkom_5;16-07-2026;20343273;-5;97.26
100622;Welkom_5;16-07-2026;20343224;-5;49.44
94916;Welkom_5;16-07-2026;20344602;-5;22.99
95476;Welkom_5;16-07-2026;20343596;-5;33.98
107259;Welkom_5;17-07-2026;20347753;-5;237.74
103736;Welkom_5;17-07-2026;20400651;-5;240.23
101409;Welkom_5;17-07-2026;20348512;-5;138.97
97255;Welkom_5;17-07-2026;20346276;-5;1295.33
107847;Welkom_5;17-07-2026;20348926;-5;68.97
96969;Welkom_5;17-07-2026;20348561;-5;328.01
100013;Welkom_5;17-07-2026;20346524;-5;413.77
85128;Welkom_5;17-07-2026;20346334;-5;147.15
101744;Welkom_5;17-07-2026;20348546;-5;265.17
100507;Welkom_5;17-07-2026;20348363;-5;17.44
93695;Welkom_5;17-07-2026;20348801;-5;248.46
96768;Welkom_5;17-07-2026;20346045;-5;131.97
83734;Welkom_5;18-07-2026;20351961;-5;23.46
88739;Welkom_5;18-07-2026;20402210;-5;64.99
85168;Welkom_5;18-07-2026;20402244;-5;483.35
109408;Welkom_5;18-07-2026;20349494;-5;105.21
108638;Welkom_5;18-07-2026;20401550;-5;431.64
86875;Welkom_5;18-07-2026;20403333;-5;344.93
105675;Welkom_5;18-07-2026;20350914;-5;119.98
81731;Welkom_5;18-07-2026;20403135;-5;74.48
92219;Welkom_5;18-07-2026;20402129;-5;322.89
85009;Welkom_5;18-07-2026;20401287;-5;434.7
95945;Welkom_5;18-07-2026;20402483;-5;40.98
103348;Welkom_5;18-07-2026;20350906;-5;1455.06
82340;Welkom_5;18-07-2026;20402095;-5;323.11
109454;Welkom_5;18-07-2026;20402947;-5;290.95
106593;Welkom_5;18-07-2026;20402228;-5;149.32
91936;Welkom_5;18-07-2026;20350344;-5;291.93
93439;Welkom_5;18-07-2026;20350633;-5;48.47
100342;Welkom_5;18-07-2026;20350658;-5;249.87
98293;Welkom_5;18-07-2026;20352084;-5;144.81
90260;Welkom_5;19-07-2026;20404471;-5;628.7
106900;Welkom_5;19-07-2026;20404158;-5;142.45
97164;Welkom_5;19-07-2026;20404117;-5;49.97
94075;Welkom_5;19-07-2026;20353793;-5;164.36
90617;Welkom_5;19-07-2026;20353421;-5;166.98
93183;Welkom_5;19-07-2026;20404661;-5;742.29
94736;Welkom_5;19-07-2026;20403978;-5;335.33
98927;Welkom_5;19-07-2026;20404695;-5;122.98
103576;Welkom_5;19-07-2026;20404257;-5;22.99
94445;Welkom_5;19-07-2026;20404679;-5;376.52
106599;Welkom_5;19-07-2026;20403986;-5;208.79
96371;Welkom_5;19-07-2026;20354387;-5;226.93
88426;Welkom_5;19-07-2026;20404091;-5;39.1
85023;Welkom_5;19-07-2026;20404406;-5;38.76
107264;Welkom_5;19-07-2026;20404299;-5;24.44
105247;Welkom_5;19-07-2026;20520029;-5;495.44
84171;Welkom_5;19-07-2026;20403762;-5;35.49
86378;Welkom_5;19-07-2026;20353488;-5;132.75
104365;Welkom_5;19-07-2026;20404349;-5;94.06
87396;Welkom_5;19-07-2026;20354262;-5;102.36
91648;Welkom_5;19-07-2026;20403820;-5;435.85
93675;Welkom_5;19-07-2026;20403770;-5;136.93
100156;Welkom_5;20-07-2026;20355137;-5;61.58
103278;Welkom_5;20-07-2026;20354635;-5;702.3
99238;Welkom_5;20-07-2026;20356655;-5;163.46
103715;Welkom_5;20-07-2026;20356309;-5;282.86
89849;Welkom_5;20-07-2026;20404810;-5;410.88
102944;Welkom_5;20-07-2026;20355160;-5;19.94
92674;Welkom_5;20-07-2026;20357000;-5;60.93
93546;Welkom_5;20-07-2026;20354791;-5;8.03
87689;Welkom_5;20-07-2026;20354643;-5;253.93
86946;Welkom_5;20-07-2026;20355152;-5;28
108477;Welkom_5;20-07-2026;20355178;-5;234.46
105347;Welkom_5;20-07-2026;20354874;-5;139.96
105915;Welkom_5;20-07-2026;20354783;-5;99.48
99308;Welkom_5;20-07-2026;20356317;-5;34.55
98645;Welkom_5;20-07-2026;20356937;-5;355.36
92894;Welkom_5;20-07-2026;20356051;-5;41.96
104199;Welkom_5;21-07-2026;20357885;-5;89.99
90415;Welkom_5;21-07-2026;20358131;-5;109.94
104523;Welkom_5;22-07-2026;20360889;-5;86.97
109768;Welkom_5;22-07-2026;20359899;-5;95.77
86270;Welkom_5;22-07-2026;20405346;-5;201.97
77136;Welkom_5;22-07-2026;20359683;-5;165.92
90519;Welkom_5;22-07-2026;20405056;-5;33.79
96684;Welkom_5;22-07-2026;20405338;-5;78.48
103118;Welkom_5;22-07-2026;20405122;-5;148.93
89509;Welkom_5;22-07-2026;20360962;-5;26.48
97000;Welkom_5;22-07-2026;20405635;-5;80.95
87120;Welkom_5;22-07-2026;20360251;-5;11.18
98875;Welkom_5;23-07-2026;20361804;-5;102.96
93238;Welkom_5;23-07-2026;20363248;-5;47.88
96178;Welkom_5;23-07-2026;20363651;-5;276.97
100919;Welkom_5;23-07-2026;20363727;-5;203.87
95166;Welkom_5;23-07-2026;20363339;-5;119.96
86676;Welkom_5;23-07-2026;20363677;-5;60.84
94262;Welkom_5;23-07-2026;20405973;-5;24.78
91935;Welkom_5;23-07-2026;20361903;-5;154.94
91147;Welkom_5;23-07-2026;20362133;-5;23.35
106865;Welkom_5;24-07-2026;20365136;-5;599.44
92137;Welkom_5;24-07-2026;20364824;-5;191.64
85671;Welkom_5;24-07-2026;20366266;-5;69.38
102719;Welkom_5;24-07-2026;20364774;-5;103.9
91122;Welkom_5;24-07-2026;20364717;-5;151.89
90690;Welkom_5;24-07-2026;20365961;-5;280.93
89390;Welkom_5;25-07-2026;20367058;-5;511.2
93319;Welkom_5;25-07-2026;20408597;-5;855.94
87031;Welkom_5;25-07-2026;20407839;-5;36.88
108992;Welkom_5;25-07-2026;20367256;-5;94.1
92415;Welkom_5;25-07-2026;20367264;-5;175.5
105596;Welkom_5;25-07-2026;20407789;-5;393.97
87605;Welkom_5;25-07-2026;20407854;-5;44.92
99391;Welkom_5;25-07-2026;20407672;-5;64.34
106601;Welkom_5;25-07-2026;20407771;-5;89.96
98933;Welkom_5;25-07-2026;20408084;-5;580.84
87081;Welkom_5;25-07-2026;20406971;-5;498.71
91185;Welkom_5;25-07-2026;20520441;-5;507.39
82629;Welkom_5;25-07-2026;20406930;-5;241.98
89454;Welkom_5;25-07-2026;20407870;-5;264.96
102178;Welkom_5;25-07-2026;20407607;-5;31.97
109098;Welkom_5;25-07-2026;20407581;-5;141.85
92987;Welkom_5;26-07-2026;20370748;-5;56.18
95338;Welkom_5;26-07-2026;20369112;-5;68.66
107007;Welkom_5;26-07-2026;20369583;-5;330.95
101474;Welkom_5;26-07-2026;20370755;-5;142.43
81024;Welkom_5;26-07-2026;15543;-5;34.99
96859;Welkom_5;26-07-2026;20369062;-5;51.94
96380;Welkom_5;26-07-2026;20408795;-5;78
99177;Welkom_5;27-07-2026;20372611;-5;47.48
106616;Welkom_5;27-07-2026;20372579;-5;96.54
87328;Welkom_5;27-07-2026;20372868;-5;21.95
100617;Welkom_5;27-07-2026;20373387;-5;84.81
86430;Welkom_5;27-07-2026;20372645;-5;213.94
90016;Welkom_5;27-07-2026;20372876;-5;194.99
106623;Welkom_5;27-07-2026;20371936;-5;59.99
87430;Welkom_5;27-07-2026;15552;-5;264.99
89041;Welkom_5;27-07-2026;20371357;-5;221.73
88588;Welkom_5;27-07-2026;20373494;-5;157.15
98683;Welkom_5;27-07-2026;20373205;-5;202.03
87928;Welkom_5;27-07-2026;20371233;-5;23.97
85301;Welkom_5;27-07-2026;20372678;-5;556.54
104903;Welkom_5;27-07-2026;20371381;-5;25.98
107796;Welkom_5;27-07-2026;20372553;-5;187.93
103558;Welkom_5;27-07-2026;20373536;-5;236.47
92025;Welkom_5;27-07-2026;20371423;-5;105.72
97944;Welkom_5;27-07-2026;20371787;-5;101.92
87163;Welkom_5;27-07-2026;20373379;-5;-5
94604;Welkom_5;28-07-2026;15555;-5;29.68
102253;Welkom_5;28-07-2026;20374658;-5;175.79
100211;Welkom_5;28-07-2026;20374484;-5;230.21
106133;Welkom_5;28-07-2026;20375556;-5;4.89
104149;Welkom_5;28-07-2026;20375325;-5;66.64
90050;Welkom_5;28-07-2026;20374179;-5;111.99
109601;Welkom_5;28-07-2026;20374435;-5;51.97
91766;Welkom_5;29-07-2026;20377008;-5;21.94
86853;Welkom_5;29-07-2026;20378097;-5;144.9
107832;Welkom_5;29-07-2026;20378287;-5;83.83
101679;Welkom_5;29-07-2026;20378584;-5;534.52
84600;Welkom_5;29-07-2026;20378121;-5;166.59
88207;Welkom_5;29-07-2026;20376927;-5;17.5
105425;Welkom_5;30-07-2026;20379293;-5;790.78
93556;Welkom_5;30-07-2026;20379673;-5;26.57
103963;Welkom_5;30-07-2026;20379152;-5;69.99
91926;Welkom_5;30-07-2026;20378907;-5;181.06
107735;Welkom_5;30-07-2026;20380234;-5;32.98
86186;Welkom_5;30-07-2026;20379178;-5;48.97
88462;Welkom_5;30-07-2026;20380887;-5;438.57
82203;Welkom_5;30-07-2026;20380036;-5;79.99
83774;Welkom_5;30-07-2026;20378857;-5;148.97
100742;Welkom_5;30-07-2026;20379905;-5;55.49
101936;Welkom_5;30-07-2026;20380382;-5;954.24
104039;Welkom_5;30-07-2026;20379541;-5;409.12
104409;Welkom_5;30-07-2026;20379814;-5;61.99
84082;Welkom_5;30-07-2026;20380192;-5;21.06
86572;Welkom_5;30-07-2026;20380184;-5;359.91
95951;Welkom_5;30-07-2026;20379996;-5;133.96
92151;Welkom_5;30-07-2026;20380556;-5;58.99
105414;Welkom_5;30-07-2026;20379038;-5;73.07
106360;Welkom_5;30-07-2026;20379665;-5;387.55
95480;Welkom_5;31-07-2026;20382164;-5;144.99
106409;Welkom_5;31-07-2026;20383154;-5;550.82
92249;Welkom_5;31-07-2026;20382321;-5;96.05
92546;Welkom_5;31-07-2026;20410064;-5;219.48
88499;Welkom_5;31-07-2026;20382669;-5;454.98
109225;Welkom_5;31-07-2026;20409991;-5;241.98
86978;Welkom_5;31-07-2026;20382420;-5;91.86
88800;Welkom_5;31-07-2026;20410098;-5;1773.94
100911;Welkom_5;31-07-2026;20382024;-5;18.98
88659;Welkom_5;31-07-2026;20382255;-5;254.33
97943;Welkom_5;31-07-2026;20382115;-5;49.99
98028;Welkom_5;31-07-2026;20382156;-5;52.18
89245;Welkom_5;31-07-2026;20381646;-5;272.43
101341;Welkom_5;31-07-2026;20382412;-5;391.96
103402;Welkom_5;31-07-2026;20381893;-5;1953.88
104451;Welkom_5;01-08-2026;20384731;-5;102.89
97254;Welkom_5;01-08-2026;20383501;-5;146.14
102904;Welkom_5;01-08-2026;20385803;-5;239.93
88171;Welkom_5;01-08-2026;20410833;-5;256.45
109256;Welkom_5;01-08-2026;20410726;-5;189.39
104104;Welkom_5;01-08-2026;20383279;-5;125.97
98187;Welkom_5;01-08-2026;20383949;-5;172.87
108214;Welkom_5;01-08-2026;20385787;-5;227.42
89667;Welkom_5;01-08-2026;20410296;-5;280.67
98767;Welkom_5;01-08-2026;20383857;-5;321.87
93621;Welkom_5;01-08-2026;20383436;-5;38.94
91343;Welkom_5;01-08-2026;20385779;-5;474.98
93409;Welkom_5;01-08-2026;20384210;-5;175.83
86781;Welkom_5;01-08-2026;20384277;-5;12.98
95472;Welkom_5;01-08-2026;20410536;-5;235.86
94447;Welkom_5;01-08-2026;20410973;-5;541.66
87791;Welkom_5;02-08-2026;20387072;-5;27.38
82166;Welkom_5;02-08-2026;20386025;-5;272.71
96317;Welkom_5;02-08-2026;20387049;-5;83.69
85260;Welkom_5;02-08-2026;20411344;-5;143.26
100624;Welkom_5;02-08-2026;20386074;-5;40.99
102127;Welkom_5;03-08-2026;20389110;-5;314.98
86522;Welkom_5;03-08-2026;20388815;-5;50.73
92434;Welkom_5;03-08-2026;20388716;-5;604.91
108645;Welkom_5;03-08-2026;20388807;-5;139.93
103160;Welkom_5;03-08-2026;20388534;-5;114.95
89463;Welkom_5;03-08-2026;20388799;-5;38.17
90653;Welkom_5;03-08-2026;20387742;-5;64.95
54140;Gefeliciteerd;21-07-2024;20377511;-10;34.48
15408;Gefeliciteerd;25-07-2024;20389110;-10;23.14
84939;Gefeliciteerd;24-08-2024;20357026;-10;43.87
81152;Gefeliciteerd;25-08-2024;20358297;-10;33.17
80589;Gefeliciteerd;31-08-2024;20370250;-10;200.76
84733;Gefeliciteerd;28-09-2024;20408340;-10;19.95
81347;Gefeliciteerd;10-10-2024;13950;-10;44.99
12302;Gefeliciteerd;11-10-2024;20316725;-10;28.97
80398;Gefeliciteerd;12-10-2024;20317822;-10;106.95
104364;Gefeliciteerd;19-10-2024;20325031;-10;40
96966;Gefeliciteerd;01-11-2024;20409090;-10;65.98
82823;Gefeliciteerd;14-11-2024;20345211;-10;65.38
43530;Gefeliciteerd;21-11-2024;20351128;-10;79.99
84380;Gefeliciteerd;21-11-2024;20409702;-10;293.98
103712;Gefeliciteerd;23-11-2024;20353934;-10;124.99
107567;Gefeliciteerd;02-12-2024;20361457;-10;19.99
84933;Gefeliciteerd;21-12-2024;20379988;-10;19.98
35149;Gefeliciteerd;24-12-2024;20383535;-10;88.37
106333;Gefeliciteerd;31-12-2024;20391637;-10;334.99
70929;Gefeliciteerd;18-01-2025;20310744;-10;32.76
92228;Gefeliciteerd;03-02-2025;14181;-10;19.99
31840;Gefeliciteerd;05-02-2025;20329447;-10;12.99
75727;Gefeliciteerd;16-02-2025;20341715;-10;11.14
105325;Gefeliciteerd;16-02-2025;20342044;-10;18.98
95724;Gefeliciteerd;16-02-2025;20342036;-10;20.98
83000;Gefeliciteerd;18-02-2025;20343877;-10;13.95
95724;Gefeliciteerd;21-02-2025;20347340;-10;22.78
87554;Gefeliciteerd;22-02-2025;20349262;-10;104.97
88384;Gefeliciteerd;23-02-2025;20350468;-10;53.12
81177;Gefeliciteerd;26-02-2025;20352407;-10;14.98
80659;Gefeliciteerd;01-03-2025;20354965;-10;13.36
82367;Gefeliciteerd;04-03-2025;20358206;-10;278.94
81494;Gefeliciteerd;09-03-2025;20364006;-10;11.58
104363;Gefeliciteerd;09-03-2025;20364626;-10;650
81728;Gefeliciteerd;11-03-2025;20366191;-10;11.98
84634;Gefeliciteerd;15-03-2025;14320;-10;109.9
79629;Gefeliciteerd;16-03-2025;20372918;-10;31.86
81117;Gefeliciteerd;24-03-2025;20382701;-10;559.98
108215;Gefeliciteerd;28-03-2025;20387064;-10;21.49
81338;Gefeliciteerd;04-04-2025;20399317;-10;47.99
105614;Gefeliciteerd;05-04-2025;20302170;-10;12.98
87196;Gefeliciteerd;08-04-2025;14384;-10;27.5
74627;Gefeliciteerd;10-04-2025;14389;-10;12
98319;Gefeliciteerd;12-04-2025;20313383;-10;168.96
99862;Gefeliciteerd;12-04-2025;20312500;-10;59.99
75942;Gefeliciteerd;15-04-2025;20317665;-10;8.87
90345;Gefeliciteerd;16-04-2025;20319018;-10;10.98
89488;Gefeliciteerd;19-04-2025;20325684;-10;152.95
98550;Gefeliciteerd;23-04-2025;14429;-10;78.17
102511;Gefeliciteerd;24-04-2025;20333993;-10;76.11
88292;Gefeliciteerd;27-04-2025;20339487;-10;29.99
100871;Gefeliciteerd;28-04-2025;20340485;-10;121.23
83059;Gefeliciteerd;28-04-2025;20341863;-10;10.88
76384;Gefeliciteerd;04-05-2025;20354189;-10;56.57
88048;Gefeliciteerd;08-05-2025;20428207;-10;150.36
108321;Gefeliciteerd;17-05-2025;20376026;-10;244.98
81072;Gefeliciteerd;03-07-2025;20373262;-10;-10
13729;Gefeliciteerd;18-07-2025;20312567;-10;13.98
83342;Gefeliciteerd;19-07-2025;20451662;-10;118.56
105412;Gefeliciteerd;20-07-2025;20511085;-10;28.98
54140;Gefeliciteerd;24-07-2025;20455564;-10;11.59
62979;Gefeliciteerd;26-07-2025;20333506;-10;15.97
80413;Gefeliciteerd;03-08-2025;20461281;-10;85.38
109306;Gefeliciteerd;03-08-2025;20353132;-10;174.94
103035;Gefeliciteerd;05-08-2025;20356572;-10;19.99
77356;Gefeliciteerd;13-08-2025;20376398;-10;-10
82269;Gefeliciteerd;13-08-2025;14886;-10;15.18
75656;Gefeliciteerd;16-08-2025;20381695;-10;85.97
80106;Gefeliciteerd;16-08-2025;20463311;-10;12.8
70332;Gefeliciteerd;17-08-2025;20385084;-10;68.99
108677;Gefeliciteerd;19-08-2025;20388799;-10;23.14
97818;Gefeliciteerd;24-08-2025;20399721;-10;20
83652;Gefeliciteerd;31-08-2025;20313177;-10;88.46
97433;Gefeliciteerd;03-09-2025;20316642;-10;19.99
84865;Gefeliciteerd;08-09-2025;20324398;-10;188.36
92862;Gefeliciteerd;08-09-2025;20324836;-10;250.62
93023;Gefeliciteerd;12-09-2025;20329397;-10;13.99
106144;Gefeliciteerd;17-09-2025;20334892;-10;-10
94646;Gefeliciteerd;18-09-2025;20335592;-4.6;255.39
94646;Gefeliciteerd;18-09-2025;20335576;-10;554.81
83959;Gefeliciteerd;19-09-2025;20335931;-10;56.94
89813;Gefeliciteerd;19-09-2025;20336830;-10;69.99
84733;Gefeliciteerd;20-09-2025;20337994;-10;59.99
63941;Gefeliciteerd;22-09-2025;20339685;-10;13.98
105005;Gefeliciteerd;27-09-2025;20345195;-10;34.24
96477;Gefeliciteerd;01-10-2025;14991;-10;173.95
94883;Gefeliciteerd;06-10-2025;20353124;-10;29.94
101989;Gefeliciteerd;14-10-2025;20359444;-10;11.98
107282;Gefeliciteerd;21-10-2025;20365169;-10;16.95
91454;Gefeliciteerd;21-10-2025;20365318;-10;13.48
99490;Gefeliciteerd;27-10-2025;20370680;-10;109.98
95852;Gefeliciteerd;29-10-2025;20372058;-10;39.25
75043;Gefeliciteerd;30-10-2025;15013;-10;13.98
93994;Gefeliciteerd;08-11-2025;20379301;-10;65.99
82823;Gefeliciteerd;16-11-2025;20386801;-10;475.38
58137;Gefeliciteerd;21-11-2025;20391447;-10;12.49
87530;Gefeliciteerd;29-11-2025;20300505;-10;11.94
36458;Gefeliciteerd;08-12-2025;20310231;-10;-10
40372;Gefeliciteerd;10-12-2025;20311734;-10;89.99
87251;Gefeliciteerd;12-12-2025;20313359;-10;189.99
35149;Gefeliciteerd;12-12-2025;20313193;-10;57.99
82980;Gefeliciteerd;13-12-2025;20314555;-10;55.77
35438;Gefeliciteerd;29-12-2025;20332052;-10;539.95
108623;Gefeliciteerd;29-12-2025;20332136;-10;18.99
32133;Gefeliciteerd;06-01-2026;20341657;-10;241.67
96772;Gefeliciteerd;11-01-2026;20347662;-10;10.94
84933;Gefeliciteerd;14-01-2026;20350922;-10;14.29
83952;Gefeliciteerd;14-01-2026;20350401;-10;21.45
83000;Gefeliciteerd;25-01-2026;20363610;-10;49.9
84698;Gefeliciteerd;25-01-2026;20364006;-10;1255.44
96308;Gefeliciteerd;02-02-2026;20372751;-10;34.95
97986;Gefeliciteerd;06-02-2026;20376083;-10;32
31840;Gefeliciteerd;09-02-2026;15156;-10;11.97
97516;Gefeliciteerd;14-02-2026;20385753;-10;52.99
105584;Gefeliciteerd;20-02-2026;20390845;-10;56.76
88384;Gefeliciteerd;24-02-2026;15170;-10;21.78
35045;Gefeliciteerd;27-02-2026;20398319;-10;47.93
16662;Gefeliciteerd;27-02-2026;20398541;-10;70.98
104352;Gefeliciteerd;28-02-2026;20300687;-10;88.98
88575;Gefeliciteerd;28-02-2026;20300307;-10;25.97
99978;Gefeliciteerd;01-03-2026;20301255;-10;122.95
105325;Gefeliciteerd;06-03-2026;20306221;-10;44.39
75727;Gefeliciteerd;07-03-2026;20307609;-10;29.99
92235;Gefeliciteerd;14-03-2026;20316717;-10;15.99
100146;Gefeliciteerd;15-03-2026;20318077;-10;104.88
79629;Gefeliciteerd;24-03-2026;20328001;-10;72.44
83647;Gefeliciteerd;26-03-2026;20329942;-10;19.99
81338;Gefeliciteerd;27-03-2026;20331203;-10;47.99
89799;Gefeliciteerd;28-03-2026;20334314;-10;397
90763;Gefeliciteerd;29-03-2026;20335790;-10;23.94
4968;Gefeliciteerd;30-03-2026;20337788;-10;69.15
93314;Gefeliciteerd;01-04-2026;15241;-10;24.99
105174;Gefeliciteerd;01-04-2026;20339891;-10;24.99
83449;Gefeliciteerd;03-04-2026;20342705;-10;11.97
79266;Gefeliciteerd;04-04-2026;20346391;-10;24.89
75809;Gefeliciteerd;06-04-2026;20348587;-10;19.99
98550;Gefeliciteerd;15-04-2026;20362158;-10;13.98
75942;Gefeliciteerd;16-04-2026;20363610;-10;25.45
93983;Gefeliciteerd;30-04-2026;20387601;-10;29.99
98555;Gefeliciteerd;01-05-2026;20389599;-10;39.56
81017;Gefeliciteerd;02-05-2026;20391447;-10;161.54
93174;Gefeliciteerd;03-05-2026;20395331;-10;272.93
98171;Gefeliciteerd;05-05-2026;20399259;-10;12.99
88206;Gefeliciteerd;08-05-2026;20303327;-10;84.73
91729;Gefeliciteerd;09-05-2026;20305256;-10;62.49
79121;Gefeliciteerd;09-05-2026;20305116;-10;61
90345;Gefeliciteerd;14-05-2026;20314746;-10;17.99
102524;Gefeliciteerd;14-05-2026;20519351;-10;262.16
86217;Gefeliciteerd;15-05-2026;20482337;-10;32.49
106908;Gefeliciteerd;23-05-2026;20484218;-10;191
89265;Gefeliciteerd;23-05-2026;20335220;-10;73.16
95131;Gefeliciteerd;25-05-2026;20338083;-10;91.96
90679;Gefeliciteerd;25-05-2026;20484812;-10;9.9
104755;Gefeliciteerd;30-05-2026;20486569;-10;120.93
108559;Gefeliciteerd;31-05-2026;20351615;-10;202.87
3811;Gefeliciteerd;31-05-2026;20351532;-10;33.99
98425;Gefeliciteerd;31-05-2026;20350955;-10;26.19
104312;Gefeliciteerd;02-06-2026;15366;-10;15
82446;Gefeliciteerd;04-06-2026;20356911;-10;64.97
107053;Gefeliciteerd;06-06-2026;20488482;-10;12.69
96290;Gefeliciteerd;06-06-2026;20488367;-10;34.96
82843;Gefeliciteerd;07-06-2026;15370;-10;89.5
95055;Gefeliciteerd;07-06-2026;20364188;-10;415.7
72717;Gefeliciteerd;07-06-2026;20488961;-10;28.99
83837;Gefeliciteerd;07-06-2026;20363651;-10;94.78
92051;Gefeliciteerd;14-06-2026;20375630;-10;19.98
103607;Gefeliciteerd;17-06-2026;20490728;-10;35.58
95431;Gefeliciteerd;21-06-2026;20491486;-10;53.57
103226;Gefeliciteerd;26-06-2026;20399275;-10;29.99
42779;Gefeliciteerd;29-06-2026;20305686;-10;52.85
101604;Gefeliciteerd;30-06-2026;20308672;-10;12.49
3898;Gefeliciteerd;04-07-2026;20495842;-10;258.93
108942;Gefeliciteerd;04-07-2026;20314712;-10;28
97454;Gefeliciteerd;04-07-2026;20315420;-10;177.75
85632;Gefeliciteerd;08-07-2026;15473;-10;24.99
82043;Gefeliciteerd;16-07-2026;20345286;-10;728.12
106159;Gefeliciteerd;18-07-2026;20402046;-10;249.99
77438;Gefeliciteerd;18-07-2026;20401634;-10;74.98
97126;Gefeliciteerd;19-07-2026;20403481;-10;17.48
83342;Gefeliciteerd;19-07-2026;20403838;-10;38.45
87170;Gefeliciteerd;21-07-2026;20357737;-10;196.95
107923;Gefeliciteerd;24-07-2026;20366373;-10;31.96
58287;Gefeliciteerd;28-07-2026;20375515;-10;9.45
43937;Gefeliciteerd;01-08-2026;20384046;-10;101.97
80858;Gefeliciteerd;03-08-2026;20388070;-10;102.39
103865;Pinksteren25;25-05-2026;20338174;-25;124.95
38007;Pinksteren25;25-05-2026;20337762;-25;435.42
84870;Pinksteren25;25-05-2026;20485538;-25;128.55
84733;Pinksteren25;25-05-2026;20484754;-25;574.8
105003;Pinksteren25;25-05-2026;20484549;-25;502.86
80701;Pinksteren25;25-05-2026;20484465;-25;101.93
84223;Pinksteren25;25-05-2026;20339271;-25;272.92
100246;Pinksteren25;25-05-2026;20339545;-25;132.98
81006;Pinksteren25;25-05-2026;20484762;-25;297.91
29709;Pinksteren25;25-05-2026;20484366;-25;100.94
4123;Pinksteren25;25-05-2026;20485173;-25;109.97
40193;Pinksteren25;25-05-2026;20485934;-25;473.7
94106;Pinksteren25;25-05-2026;20338331;-25;180.96
40187;Pinksteren25;25-05-2026;20338323;-25;100.88
77839;Pinksteren25;25-05-2026;20338570;-25;116.97
38029;Pinksteren25;25-05-2026;20338299;-25;184.99
38645;Pinksteren25;25-05-2026;20339891;-25;213.93
14252;Pinksteren25;25-05-2026;20338133;-25;217.96
19034;Pinksteren25;25-05-2026;20485587;-25;399.96
31619;Pinksteren25;25-05-2026;20339974;-25;112.96
40488;Pinksteren25;25-05-2026;20485793;-25;264.99
108015;Pinksteren25;25-05-2026;20339420;-25;130.04
35195;Pinksteren25;25-05-2026;20485397;-25;139.94
42588;Pinksteren25;25-05-2026;20484697;-25;614.96
43988;Pinksteren25;25-05-2026;20484374;-25;186.48
30647;Pinksteren25;25-05-2026;20339776;-25;205.95
83577;Pinksteren25;25-05-2026;20339578;-25;126.22
33644;Pinksteren25;25-05-2026;20484481;-25;192.97
70258;Pinksteren25;25-05-2026;20485652;-25;169.41
31416;Pinksteren25;25-05-2026;20485751;-25;122.97
39243;Pinksteren25;25-05-2026;20339297;-23.77;161.46
41481;Pinksteren25;25-05-2026;20340030;-25;109.47
61397;Pinksteren25;25-05-2026;20339347;-25;124.97
14148;Pinksteren25;25-05-2026;20484424;-25;104.39
96171;Pinksteren25;25-05-2026;20485629;-25;142.96
36364;Pinksteren25;25-05-2026;20485637;-25;551.96
11017;Pinksteren25;25-05-2026;20339032;-25;165.15
39120;Pinksteren25;25-05-2026;20340105;-25;114.99
107839;Pinksteren25;25-05-2026;20339958;-25;214.98
90763;Pinksteren25;25-05-2026;20338646;-25;132.94
35959;Pinksteren25;25-05-2026;20338869;-25;134.95
80490;Pinksteren25;25-05-2026;20338141;-25;251.95
34933;Pinksteren25;25-05-2026;20339685;-25;133.88
61043;Pinksteren25;25-05-2026;20485413;-25;139.97
95131;Pinksteren25;25-05-2026;20338083;-25;91.96
61181;Pinksteren25;25-05-2026;20484325;-25;164.94
88833;Pinksteren25;25-05-2026;20485835;-25;107.92
109477;Pinksteren25;25-05-2026;20337853;-25.01;216.8
11042;Pinksteren25;25-05-2026;20338026;-25;187.95
43927;Pinksteren25;25-05-2026;20339255;-25;116.97
60109;Pinksteren25;25-05-2026;20485900;-25;220.93
36160;Pinksteren25;25-05-2026;20340147;-25;219.96
33569;Pinksteren25;25-05-2026;20339909;-25;139.96
33002;Pinksteren25;25-05-2026;20338273;-25;291.96
86692;Pinksteren25;25-05-2026;20485249;-25;108.96
40747;Pinksteren25;25-05-2026;20339529;-25;154.96
12121;Pinksteren25;25-05-2026;20485330;-25;129.97
90582;Pinksteren25;25-05-2026;20338661;-25;134.98
97930;Pinksteren25;25-05-2026;20485454;-25;120.96
81677;Pinksteren25;25-05-2026;20338489;-25;403.72
18538;Pinksteren25;25-05-2026;20340022;-25;102.93
84789;Pinksteren25;25-05-2026;20338521;-25;162.94
95836;Pinksteren25;25-05-2026;20484838;-25;184.94
30233;Pinksteren25;25-05-2026;20485645;-25;203.96
94368;Pinksteren25;25-05-2026;20339966;-25;122.97
35152;Pinksteren25;25-05-2026;20338810;-25;115.96
37384;Pinksteren25;25-05-2026;20484689;-25;184.88
3488;Pinksteren25;25-05-2026;20339677;-25;422.22
64045;Pinksteren25;25-05-2026;20339248;-25;432.36